0,7,14,3836,10667,518,518,52.8,5,0,10,1760981656
0,7,14,3710,10395,508,508,51.8,5,1,10,1760981656
0,7,14,3464,9714,498,498,50.8,5,2,10,1760981656
0.016,7,14,3287,9411,488,488,49.8,5,3,10,1760981656
0,7,14,3133,9116,478,478,48.8,5,4,10,1760981656
0,6,12,2806,8104,468,468,47.8,4,5,10,1760981656
0.016,6,12,2552,7531,458,458,46.8,4,6,10,1760981656
0,6,12,2411,7278,448,448,45.8,4,7,10,1760981656
0.007,5,10,2200,6644,438,438,44.8,3,8,10,1760981656
0,6,12,2193,6682,428,428,43.8,4,9,10,1760981656
0.009,5,10,1988,5913,418,418,42.8,3,10,10,1760981656
0,5,10,1951,5808,408,408,41.8,3,11,10,1760981656
0,5,10,1847,5598,398,398,40.8,3,12,10,1760981656
0,6,12,2336,6403,388,388,39.8,4,13,10,1760981656
0,5,10,1613,4803,378,378,38.8,3,14,10,1760981656
0,5,10,1577,4707,370,370,38,3,15,10,1760981656
0,5,10,1481,4521,360,360,37,3,16,10,1760981656
0,2,4,488,2005,350,350,36,2,17,10,1760981656
0,1,2,393,1624,340,340,35,1,18,10,1760981656
0,1,2,382,1578,330,330,34,1,19,10,1760981656
0.002,1,2,371,1531,320,320,33,1,20,10,1760981656
0.001,1,2,360,1486,310,310,32,1,21,10,1760981656
0.003,5,10,1627,4467,335,331,34.5,5,22,10,1760981656
0.003,5,10,1575,4342,325,321,33.5,5,23,10,1760981656
0.003,5,10,1518,4205,318,314,32.8,5,24,10,1760981656
0.002,5,10,1471,4092,308,304,31.8,5,25,10,1760981656
0.002,5,10,1436,4094,319,315,32.9,5,26,10,1760981656
0,5,10,1382,3958,309,305,31.9,5,27,10,1760981656
0.008,5,10,1328,3817,299,295,30.9,5,28,10,1760981656
0,5,10,1280,3703,289,285,29.9,5,29,10,1760981656
0.006,5,10,1244,3695,296,292,30.6,5,30,10,1760981656
0,5,10,1152,3488,286,282,29.6,5,31,10,1760981656
0.006,5,10,1098,3343,276,272,28.6,5,32,10,1760981656
0,5,10,1183,3836,295,291,30.5,5,33,10,1760981656
0.007,5,10,1132,3756,302,298,31.2,5,34,10,1760981656
0,5,10,1110,3843,337,333,34.7,5,35,10,1760981656
0.006,4,8,1033,3611,345,341,35.5,4,36,10,1760981656
0.002,4,8,1009,3567,353,349,36.3,4,37,10,1760981656
0,4,8,984,3554,373,369,38.3,4,38,10,1760981656
0.002,5,10,1064,3955,401,397,41.1,5,39,10,1760981656
0,5,10,1007,3811,391,387,40.1,5,40,10,1760981656
0.002,5,10,1001,3835,397,394,40.7,5,41,10,1760981656
0,5,10,948,3691,387,384,39.7,5,42,10,1760981656
0.005,5,10,905,3572,377,374,38.7,5,43,10,1760981656
0,5,10,852,3434,367,364,37.7,5,44,10,1760981656
0.005,5,10,798,3277,357,356,36.7,5,45,10,1760981656
0,4,8,675,2792,347,346,35.7,4,46,10,1760981656
0,3,6,1013,3316,370,366,38,3,47,10,1760981656
0.002,3,6,1019,3376,395,391,40.5,3,48,10,1760981656
0.001,3,6,989,3281,385,381,39.5,3,49,10,1760981656
0,4,8,1333,4231,406,402,41.6,4,50,10,1760981656
0,4,8,1303,4139,396,392,40.6,4,51,10,1760981656
0,4,8,1248,4001,386,382,39.6,4,52,10,1760981656
0,4,8,1189,3840,376,372,38.6,4,53,10,1760981656
0,4,8,1138,3681,366,362,37.6,4,54,10,1760981656
0,4,8,1105,3584,356,352,36.6,4,55,10,1760981656
0.001,3,6,973,3126,346,342,35.6,3,56,10,1760981656
0.003,3,6,896,2918,336,332,34.6,3,57,10,1760981656
0.003,3,6,886,2951,359,355,36.9,3,58,10,1760981656
0,5,10,1097,3877,385,383,39.5,5,59,10,1760981656
0.006,5,10,1109,4030,399,397,40.9,5,60,10,1760981656
0.002,6,12,1177,4374,412,410,42.2,6,61,10,1760981656
0.005,6,12,1385,5150,435,431,44.5,7,62,10,1760981656
0.002,6,12,1349,5043,425,421,43.5,7,63,10,1760981656
0.005,6,12,1314,4921,415,411,42.5,7,64,10,1760981656
0.001,7,14,1704,6101,432,426,44.2,8,65,10,1760981656
0.001,7,14,1665,5971,422,416,43.2,8,66,10,1760981656
0,7,15,1769,6351,441,437,45.1,10,67,10,1760981656
0.001,7,15,1770,6424,454,450,46.4,10,68,10,1760981656
0.006,7,15,1719,6263,444,440,45.4,10,69,10,1760981656
0,6,13,1575,5729,434,430,44.4,9,70,10,1760981656
0.007,6,13,1524,5570,424,420,43.4,9,71,10,1760981656
0,6,13,1486,5446,414,410,42.4,9,72,10,1760981656
0.005,6,13,1432,5280,404,400,41.4,9,73,10,1760981656
0,6,13,1388,5150,394,392,40.4,9,74,10,1760981656
0.005,6,13,1313,4944,401,399,41.1,8,75,10,1760981656
0,6,13,1291,4852,391,389,40.1,8,76,10,1760981656
0.003,6,13,1264,4742,381,379,39.1,8,77,10,1760981656
0.004,7,15,1446,5480,401,399,41.1,10,78,10,1760981656
0,10,20,2418,8576,448,445,45.8,11,79,10,1760981656
0,10,20,2466,8976,463,460,47.3,11,80,10,1760981656
0.002,10,20,2328,8090,453,450,46.3,10,81,10,1760981656
0.005,10,20,2275,7930,443,440,45.3,10,82,10,1760981656
0,10,20,2228,7766,433,430,44.3,10,83,10,1760981656
0.002,9,18,1886,6914,423,420,43.3,10,84,10,1760981656
0.005,8,16,1758,6409,413,410,42.3,9,85,10,1760981656
0.003,8,16,1720,6286,403,400,41.3,9,86,10,1760981656
0.004,6,12,1269,4571,393,390,40.3,9,87,10,1760981656
0,6,12,1220,4307,383,380,39.3,9,88,10,1760981656
0.001,6,12,1264,4564,417,414,42.7,9,89,10,1760981656
0,6,12,1226,4452,407,404,41.7,9,90,10,1760981656
0.001,6,12,1185,4326,397,394,40.7,9,91,10,1760981656
0.003,5,10,1059,3861,387,384,39.7,8,92,10,1760981656
0.004,7,14,1524,5102,404,399,41.4,11,93,10,1760981656
0.003,7,14,1569,5405,431,426,44.1,11,94,10,1760981656
0.006,6,12,1354,4599,421,416,43.1,7,95,10,1760981656
0.004,6,13,1724,5565,482,477,49.2,8,96,10,1760981656
0.002,6,13,1662,5404,472,467,48.2,8,97,10,1760981656
0.005,6,13,1605,5254,462,457,47.2,8,98,10,1760981656
0.002,6,13,1580,5197,471,466,48.1,8,99,10,1760981656
0,6,13,1981,6051,481,476,49.1,8,100,10,1760981656
0.008,6,13,1947,6023,488,483,49.8,8,101,10,1760981656
0,6,13,1856,5793,478,473,48.8,8,102,10,1760981656
0,6,13,1776,5597,468,463,47.8,8,103,10,1760981656
0.005,6,13,1696,5422,458,453,46.8,8,104,10,1760981656
0,6,13,1626,5244,448,443,45.8,8,105,10,1760981656
0.007,5,11,1486,4795,438,433,44.8,7,106,10,1760981656
0,5,11,1408,4608,428,423,43.8,7,107,10,1760981656
0.007,5,11,1326,4430,418,413,42.8,7,108,10,1760981656
0.003,4,9,937,3415,408,405,41.8,5,109,10,1760981656
0.004,5,10,1215,4246,425,420,43.5,5,110,10,1760981656
0,5,10,1182,4134,415,410,42.5,5,111,10,1760981656
0.007,5,10,1220,4340,441,436,45.1,6,112,10,1760981656
0,5,10,1237,4462,460,455,47,6,113,10,1760981656
0.006,5,10,1203,4352,450,445,46,6,114,10,1760981656
0.002,5,10,1166,4230,440,435,45,6,115,10,1760981656
0.002,5,10,1131,4128,430,425,44,6,116,10,1760981656
0,4,8,947,3473,420,415,43,5,117,10,1760981656
0,5,10,1157,4201,434,429,44.4,5,118,10,1760981656
0,5,10,1126,4099,424,419,43.4,5,119,10,1760981656
0,5,10,1091,3996,414,409,42.4,5,120,10,1760981656
0.001,5,10,1060,3900,404,399,41.4,5,121,10,1760981656
0,6,12,1286,4518,410,404,42,5,122,10,1760981656
0,6,12,1252,4400,400,394,41,5,123,10,1760981656
0.005,6,12,1217,4284,390,384,40,5,124,10,1760981656
0,5,10,1099,3837,380,375,39,4,125,10,1760981656
0,4,8,1025,3564,409,406,41.9,4,126,10,1760981656
0,4,8,1142,4101,448,445,45.8,4,127,10,1760981656
0,5,10,1338,4720,458,453,46.8,5,128,10,1760981656
0.007,5,10,1287,4598,448,443,45.8,5,129,10,1760981656
0,5,10,1235,4447,438,433,44.8,5,130,10,1760981656
0,6,12,1581,5358,458,451,46.8,6,131,10,1760981656
0,6,12,1477,5070,448,441,45.8,6,132,10,1760981656
0.016,6,12,1440,4957,438,431,44.8,6,133,10,1760981656
0,6,12,1360,4782,428,421,43.8,6,134,10,1760981656
0,6,12,1287,4665,441,434,45.1,6,135,10,1760981656
0,4,8,1111,3947,466,459,47.6,4,136,10,1760981656
0,4,8,1141,3931,456,449,46.6,4,137,10,1760981656
0,4,8,1098,3791,446,439,45.6,4,138,10,1760981656
0.001,4,8,1067,3700,436,429,44.6,4,139,10,1760981656
0.002,4,8,1035,3607,426,419,43.6,4,140,10,1760981656
0,4,8,1041,3677,437,430,44.7,4,141,10,1760981656
0,4,8,1003,3568,427,420,43.7,4,142,10,1760981656
0.001,4,8,964,3449,417,410,42.7,4,143,10,1760981656
0,4,8,932,3354,407,400,41.7,4,144,10,1760981656
0,4,8,932,3394,414,407,42.4,4,145,10,1760981656
0,4,8,898,3297,404,397,41.4,4,146,10,1760981656
0,4,8,894,3324,427,420,43.7,4,147,10,1760981656
0.008,3,6,850,3219,452,446,46.2,3,148,10,1760981656
0,3,6,818,3134,442,436,45.2,3,149,10,1760981656
0,2,4,705,2714,432,428,44.2,2,150,10,1760981656
0,2,4,685,2643,422,418,43.2,2,151,10,1760981656
0,2,4,666,2575,412,408,42.2,2,152,10,1760981656
0,2,4,647,2507,402,398,41.2,2,153,10,1760981656
0,2,4,626,2437,392,388,40.2,2,154,10,1760981656
0.001,2,4,609,2372,382,378,39.2,2,155,10,1760981656
0,2,4,588,2301,372,368,38.2,2,156,10,1760981656
0,2,4,610,2405,404,400,41.4,2,157,10,1760981656
0,2,4,587,2334,394,390,40.4,2,158,10,1760981656
0,2,4,570,2274,384,380,39.4,2,159,10,1760981656
0,2,4,577,2326,402,398,41.2,2,160,10,1760981656
0,2,4,556,2255,392,388,40.2,2,161,10,1760981656
0,2,4,535,2182,382,378,39.2,2,162,10,1760981656
0,2,4,580,2393,402,398,41.2,2,163,10,1760981656
0,2,4,626,2606,441,437,45.1,2,164,10,1760981656
0,1,2,496,2074,431,427,44.1,1,165,10,1760981656
0,1,2,477,2008,421,417,43.1,1,166,10,1760981656
0,1,2,468,1976,411,409,42.1,1,167,10,1760981656
0.016,0,1,411,1726,401,401,41.1,0,168,10,1760981656
0,0,1,401,1686,391,391,40.1,0,169,10,1760981656
0,1,2,485,2023,410,410,42,1,170,10,1760981656
0.004,2,4,1606,4750,429,424,43.9,3,171,10,1760981656
0,2,4,1523,4592,419,414,42.9,3,172,10,1760981656
0.003,2,4,1420,4373,409,404,41.9,3,173,10,1760981656
0,2,4,1341,4119,399,394,40.9,3,174,10,1760981656
0.002,2,4,1322,4054,389,384,39.9,3,175,10,1760981656
0,2,4,1065,3394,379,374,38.9,3,176,10,1760981656
0.006,2,4,1047,3329,369,364,37.9,3,177,10,1760981656
0.003,2,4,1059,3389,390,385,40,3,178,10,1760981656
0,2,4,1042,3327,380,375,39,3,179,10,1760981656
0,2,4,1026,3273,373,368,38.3,3,180,10,1760981656
0,2,4,1010,3211,363,358,37.3,3,181,10,1760981656
0,5,11,2600,7016,436,426,44.6,6,182,10,1760981656
0.001,5,11,2563,6915,430,420,44,6,183,10,1760981656
0.007,5,11,2414,6603,420,410,43,6,184,10,1760981656
0.004,5,11,2333,6385,410,400,42,6,185,10,1760981656
0.004,5,11,2241,6233,421,411,43.1,6,186,10,1760981656
0.004,5,11,2105,5972,411,401,42.1,6,187,10,1760981656
0.004,7,14,2458,6952,423,417,43.3,7,188,10,1760981656
0.006,8,16,2911,8141,443,435,45.3,8,189,10,1760981656
0,8,16,2730,7784,433,425,44.3,8,190,10,1760981656
0,8,16,2612,7472,423,415,43.3,8,191,10,1760981656
0.015,8,16,2475,7091,413,405,42.3,8,192,10,1760981656
0,8,16,2411,6915,403,395,41.3,8,193,10,1760981656
0,8,16,2325,6701,393,385,40.3,8,194,10,1760981656
0.015,8,16,2309,6772,416,408,42.6,8,195,10,1760981656
0,8,16,2164,6477,406,398,41.6,8,196,10,1760981656
0.008,8,16,2011,6156,396,388,40.6,8,197,10,1760981656
0.004,8,16,1924,5951,386,378,39.6,8,198,10,1760981656
0.003,8,16,1840,5739,376,368,38.6,8,199,10,1760981656
0.002,8,16,1733,5427,366,358,37.6,8,200,10,1760981656
0.002,8,16,1709,5438,370,362,38,8,201,10,1760981656
0.002,7,14,1473,5113,389,381,39.9,7,202,10,1760981656
0.003,7,14,1363,4855,379,371,38.9,7,203,10,1760981656
0.002,7,14,1354,4908,386,378,39.6,7,204,10,1760981656
0.002,7,14,1303,4804,379,371,38.9,7,205,10,1760981656
0,7,14,1250,4657,369,361,37.9,7,206,10,1760981656
0.007,7,14,1187,4493,359,351,36.9,7,207,10,1760981656
0,7,14,1133,4348,349,341,35.9,7,208,10,1760981656
0,7,14,1088,4215,339,331,34.9,7,209,10,1760981656
0,7,14,1041,4060,329,321,33.9,7,210,10,1760981656
0,7,14,1000,3968,333,325,34.3,8,211,10,1760981656
0.002,8,16,1073,4189,325,315,33.5,8,212,10,1760981656
0,7,14,991,4048,340,332,35,8,213,10,1760981656
0,5,10,814,3351,330,323,34,6,214,10,1760981656
0,8,16,1232,4775,381,371,39.1,8,215,10,1760981656
0,5,10,896,3525,371,365,38.1,5,216,10,1760981656
0.009,4,8,740,3021,361,357,37.1,4,217,10,1760981656
0,3,6,620,2502,367,361,37.7,3,218,10,1760981656
0,4,8,994,3787,395,389,40.5,4,219,10,1760981656
0,4,8,969,3706,385,379,39.5,4,220,10,1760981656
0,4,8,993,3825,427,421,43.7,4,221,10,1760981656
0,3,6,815,3233,415,411,42.5,4,222,10,1760981656
0,2,4,693,2740,405,403,41.5,2,223,10,1760981656
0.003,2,4,705,2801,423,421,43.3,2,224,10,1760981656
0,2,4,687,2722,413,411,42.3,2,225,10,1760981656
0,2,4,671,2670,403,401,41.3,2,226,10,1760981656
0,2,4,653,2604,393,391,40.3,2,227,10,1760981656
0,2,4,637,2538,383,381,39.3,2,228,10,1760981656
0,2,4,625,2487,379,377,38.9,2,229,10,1760981656
0.001,2,4,608,2420,369,367,37.9,2,230,10,1760981656
0,2,4,592,2363,359,357,36.9,2,231,10,1760981656
0.005,2,4,575,2294,349,347,35.9,2,232,10,1760981656
0.002,2,4,558,2230,339,337,34.9,2,233,10,1760981656
0,2,4,540,2152,329,327,33.9,2,234,10,1760981656
0.005,4,8,891,3475,406,403,41.6,3,235,10,1760981656
0.003,4,8,850,3359,396,393,40.6,3,236,10,1760981656
0,4,8,812,3250,386,383,39.6,3,237,10,1760981656
0,4,8,808,3241,396,393,40.6,3,238,10,1760981656
0,3,6,708,2835,386,383,39.6,2,239,10,1760981656
0,3,6,689,2763,376,373,38.6,2,240,10,1760981656
0,3,6,670,2687,366,363,37.6,2,241,10,1760981656
0.016,3,6,651,2615,356,353,36.6,2,242,10,1760981656
0,3,6,630,2536,346,343,35.6,2,243,10,1760981656
0,3,6,609,2460,336,333,34.6,2,244,10,1760981656
0,3,6,625,2536,363,360,37.3,2,245,10,1760981656
0,3,6,605,2459,353,350,36.3,2,246,10,1760981656
0,3,6,582,2376,343,340,35.3,2,247,10,1760981656
0.015,3,6,565,2315,333,330,34.3,2,248,10,1760981656
0,3,6,610,2502,353,350,36.3,2,249,10,1760981656
0,2,4,490,2022,343,340,35.3,2,250,10,1760981656
0,2,4,494,2044,351,348,36.1,2,251,10,1760981656
0,2,4,480,1990,341,338,35.1,2,252,10,1760981656
0,5,10,1005,3673,365,358,37.5,6,253,10,1760981656
0.002,5,10,1325,4685,403,394,41.3,8,254,10,1760981656
0,5,10,1278,4541,393,384,40.3,8,255,10,1760981656
0,5,10,1242,4431,383,374,39.3,8,256,10,1760981656
0,5,10,1171,4267,373,364,38.3,8,257,10,1760981656
0,5,10,1129,4141,363,354,37.3,8,258,10,1760981656
0,5,10,1389,4587,370,362,38,7,259,10,1760981656
0.003,5,10,1300,4390,360,352,37,7,260,10,1760981656
0,5,10,1304,4558,389,381,39.9,7,261,10,1760981656
0,4,8,1156,4041,379,371,38.9,6,262,10,1760981656
0.002,4,8,1084,3863,369,361,37.9,6,263,10,1760981656
0,4,8,1050,3844,397,389,40.7,6,264,10,1760981656
0.002,4,8,1060,3974,448,440,45.8,7,265,10,1760981656
0,4,8,995,3819,438,430,44.8,7,266,10,1760981656
0,4,8,924,3642,428,420,43.8,7,267,10,1760981656
0.001,3,6,786,3199,418,414,42.8,6,268,10,1760981656
0,3,7,878,3347,408,404,41.8,5,269,10,1760981656
0.006,3,7,852,3286,411,407,42.1,5,270,10,1760981656
0,3,7,819,3188,401,397,41.1,5,271,10,1760981656
0,3,7,787,3099,391,387,40.1,5,272,10,1760981656
0,3,6,1113,3706,426,422,43.6,5,273,10,1760981656
0.01,3,6,1066,3588,416,412,42.6,5,274,10,1760981656
0,3,6,1020,3458,406,402,41.6,5,275,10,1760981656
0,3,6,995,3374,396,392,40.6,5,276,10,1760981656
0,3,6,967,3294,386,382,39.6,5,277,10,1760981656
0,3,6,964,3300,399,395,40.9,5,278,10,1760981656
0,3,6,962,3309,413,409,42.3,6,279,10,1760981656
0,2,4,878,2975,403,401,41.3,5,280,10,1760981656
0,2,4,890,3024,418,416,42.8,5,281,10,1760981656
0,2,4,921,3165,432,430,44.2,5,282,10,1760981656
0,3,6,2285,5888,456,449,46.6,5,283,10,1760981656
0.007,3,6,2211,5752,446,439,45.6,5,284,10,1760981656
0.007,3,6,2086,5516,436,429,44.6,5,285,10,1760981656
0,3,6,2004,5323,426,419,43.6,5,286,10,1760981656
0,2,4,1266,3940,432,428,44.2,3,287,10,1760981656
0,2,4,1228,3853,422,418,43.2,3,288,10,1760981656
0.005,4,8,2004,5612,435,428,44.5,4,289,10,1760981656
0,6,13,2799,7551,467,453,47.7,8,290,10,1760981656
0.011,6,13,2774,7407,457,443,46.7,8,291,10,1760981656
0,6,13,2643,7091,447,433,45.7,8,292,10,1760981656
0.006,6,13,2549,6856,437,423,44.7,8,293,10,1760981656
0.007,6,13,2483,6698,427,413,43.7,8,294,10,1760981656
0,6,13,2393,6508,417,403,42.7,8,295,10,1760981656
0.007,6,13,2311,6323,407,393,41.7,8,296,10,1760981656
0.005,6,13,2184,6040,397,383,40.7,8,297,10,1760981656
0.001,6,13,2074,5813,387,373,39.7,8,298,10,1760981656
0,6,13,1981,5654,388,374,39.8,8,299,10,1760981656
0,6,13,1860,5387,378,364,38.8,8,300,10,1760981656
0.002,6,13,1767,5150,368,354,37.8,8,301,10,1760981656
0.002,6,13,1696,4983,358,344,36.8,8,302,10,1760981656
0,6,13,1629,4849,354,340,36.4,8,303,10,1760981656
0,6,13,1567,4726,359,345,36.9,8,304,10,1760981656
0,6,13,1505,4568,349,335,35.9,8,305,10,1760981656
0.012,6,13,1534,4833,384,370,39.4,9,306,10,1760981656
0.004,5,11,1245,4066,374,360,38.4,9,307,10,1760981656
0,6,12,1253,4250,364,352,37.4,8,308,10,1760981656
0,6,12,1142,3936,354,342,36.4,8,309,10,1760981656
0,6,12,1230,4331,365,355,37.5,8,310,10,1760981656
0,5,10,1128,3960,355,345,36.5,7,311,10,1760981656
0,5,10,1019,3608,345,335,35.5,7,312,10,1760981656
0,5,10,985,3497,335,325,34.5,7,313,10,1760981656
0,5,10,1026,3683,344,334,35.4,7,314,10,1760981656
0,5,10,990,3565,334,324,34.4,7,315,10,1760981656
0.013,4,8,800,2947,324,316,33.4,5,316,10,1760981656
0,5,10,1015,3670,348,341,35.8,6,317,10,1760981656
0,5,10,1421,4385,374,366,38.4,5,318,10,1760981656
0,5,10,1359,4226,364,356,37.4,5,319,10,1760981656
0,5,10,1261,3899,354,346,36.4,5,320,10,1760981656
0.002,5,10,1274,3971,344,336,35.4,5,321,10,1760981656
0,5,10,1181,3663,334,326,34.4,5,322,10,1760981656
0,5,10,1146,3555,324,316,33.4,5,323,10,1760981656
0,5,10,1178,3747,347,339,35.7,5,324,10,1760981656
0.001,5,10,1113,3585,337,329,34.7,5,325,10,1760981656
0.001,5,10,1089,3524,338,330,34.8,5,326,10,1760981656
0,5,10,993,3213,328,320,33.8,5,327,10,1760981656
0,5,10,1029,3445,344,336,35.4,5,328,10,1760981656
0,6,12,1459,4808,386,378,39.6,6,329,10,1760981656
0.014,6,12,1424,4826,397,389,40.7,6,330,10,1760981656
0,6,12,1324,4507,387,379,39.7,6,331,10,1760981656
0,6,12,1253,4331,377,369,38.7,6,332,10,1760981656
0,7,15,2339,6672,421,406,43.1,9,333,10,1760981656
0.016,7,15,2254,6485,411,396,42.1,9,334,10,1760981656
0,7,15,2095,6078,401,386,41.1,9,335,10,1760981656
0.01,7,15,1999,5972,391,376,40.1,9,336,10,1760981656
0,7,15,1802,5556,381,366,39.1,9,337,10,1760981656
0,6,13,1664,5085,371,356,38.1,8,338,10,1760981656
0,6,12,1144,4012,358,346,36.8,7,339,10,1760981656
0,5,11,1016,3617,348,338,35.8,6,340,10,1760981656
0,5,11,967,3476,338,328,34.8,6,341,10,1760981656
0.016,5,11,925,3345,328,319,33.8,6,342,10,1760981656
0,3,6,765,2625,318,311,32.8,4,343,10,1760981656
0,3,6,783,2750,335,328,34.5,4,344,10,1760981656
0,3,6,686,2488,325,318,33.5,4,345,10,1760981656
0,3,6,657,2395,315,308,32.5,4,346,10,1760981656
0.014,3,6,693,2470,305,299,31.5,4,347,10,1760981656
0.002,2,4,702,2562,338,334,34.8,3,348,10,1760981656
0.002,4,8,1049,3665,378,373,38.8,4,349,10,1760981656
0,4,8,1015,3566,368,363,37.8,4,350,10,1760981656
0.006,4,8,1075,3753,358,353,36.8,4,351,10,1760981656
0,5,10,1234,4400,395,390,40.5,6,352,10,1760981656
0.007,5,10,1157,4136,385,380,39.5,6,353,10,1760981656
0.004,5,10,1133,4074,380,375,39,6,354,10,1760981656
0,5,10,1136,4184,388,383,39.8,6,355,10,1760981656
0.006,7,14,1437,5250,424,418,43.4,6,356,10,1760981656
0,7,14,1487,5536,440,434,45,6,357,10,1760981656
0.007,7,14,1461,5540,430,424,44,6,358,10,1760981656
0,7,14,1392,5235,420,414,43,6,359,10,1760981656
0,7,14,1351,5195,410,404,42,6,360,10,1760981656
0,6,12,1180,4503,400,396,41,5,361,10,1760981656
0.014,4,8,888,3518,438,435,44.8,5,362,10,1760981656
0,3,6,768,3035,428,427,43.8,3,363,10,1760981656
0,3,6,754,2979,418,417,42.8,3,364,10,1760981656
0,3,6,737,2906,408,407,41.8,3,365,10,1760981656
0,3,6,720,2839,398,397,40.8,3,366,10,1760981656
0,3,7,844,3192,411,409,42.1,4,367,10,1760981656
0,3,7,827,3121,401,399,41.1,4,368,10,1760981656
0,3,7,808,3041,391,389,40.1,4,369,10,1760981656
0,3,7,865,3311,406,404,41.6,4,370,10,1760981656
0,3,7,910,3554,425,423,43.5,4,371,10,1760981656
0,3,7,875,3422,415,413,42.5,4,372,10,1760981656
0,3,7,857,3349,405,403,41.5,4,373,10,1760981656
0.016,3,7,838,3277,395,393,40.5,4,374,10,1760981656
0,3,7,893,3516,421,419,43.1,4,375,10,1760981656
0,3,7,897,3537,435,433,44.5,4,376,10,1760981656
0.001,6,12,1203,4687,462,461,47.2,6,377,10,1760981656
0,6,12,1182,4596,452,451,46.2,6,378,10,1760981656
0,6,12,1195,4675,463,462,47.3,6,379,10,1760981656
0,6,12,1169,4574,453,452,46.3,6,380,10,1760981656
0,6,12,1222,4823,469,468,47.9,6,381,10,1760981656
0,6,12,1352,5181,496,495,50.6,6,382,10,1760981656
0,6,12,1295,4967,486,485,49.6,6,383,10,1760981656
0,6,12,1264,4863,476,475,48.6,6,384,10,1760981656
0.001,6,12,1220,4741,466,465,47.6,6,385,10,1760981656
0,6,12,1169,4589,456,455,46.6,6,386,10,1760981656
0,5,10,1025,4039,446,445,45.6,5,387,10,1760981656
0,5,10,997,3943,436,435,44.6,5,388,10,1760981656
0,5,10,968,3853,426,425,43.6,5,389,10,1760981656
0,5,10,939,3760,416,415,42.6,5,390,10,1760981656
0,6,12,1768,5612,460,455,47,6,391,10,1760981656
0,6,12,1680,5409,450,445,46,6,392,10,1760981656
0,5,10,1529,4849,440,435,45,5,393,10,1760981656
0,5,10,1472,4743,437,432,44.7,5,394,10,1760981656
0.009,5,10,1388,4574,427,422,43.7,5,395,10,1760981656
0,5,10,1301,4375,417,412,42.7,5,396,10,1760981656
0.006,4,8,1167,3862,407,403,41.7,4,397,10,1760981656
0,3,6,1029,3390,398,394,40.8,3,398,10,1760981656
0.005,2,4,933,2992,388,384,39.8,2,399,10,1760981656
0,2,4,872,2878,378,374,38.8,2,400,10,1760981656
0.006,2,4,707,2498,368,364,37.8,2,401,10,1760981656
0.002,2,4,731,2620,401,397,41.1,2,402,10,1760981656
0.003,2,4,712,2554,391,387,40.1,2,403,10,1760981656
0,2,4,704,2531,392,388,40.2,2,404,10,1760981656
0,2,4,683,2462,382,378,39.2,2,405,10,1760981656
0,1,2,584,2054,372,368,38.2,1,406,10,1760981656
0,1,2,568,2000,362,358,37.2,1,407,10,1760981656
0,1,2,552,1944,352,348,36.2,1,408,10,1760981656
0,1,2,537,1893,342,338,35.2,1,409,10,1760981656
0.001,1,2,521,1838,332,328,34.2,1,410,10,1760981656
0,1,2,502,1774,322,318,33.2,1,411,10,1760981656
0,1,2,489,1723,312,308,32.2,1,412,10,1760981656
0,1,2,509,1834,340,336,35,1,413,10,1760981656
0,1,2,490,1770,330,326,34,1,414,10,1760981656
0,1,2,472,1709,320,316,33,1,415,10,1760981656
0,1,2,458,1655,310,306,32,1,416,10,1760981656
0.002,1,2,480,1777,340,336,35,1,417,10,1760981656
0,2,4,627,2390,369,367,37.9,2,418,10,1760981656
0,2,4,607,2317,359,357,36.9,2,419,10,1760981656
0,2,4,596,2283,356,354,36.6,2,420,10,1760981656
0,2,4,576,2222,346,344,35.6,2,421,10,1760981656
0.013,2,4,558,2177,341,339,35.1,2,422,10,1760981656
0,2,4,539,2119,331,329,34.1,2,423,10,1760981656
0,2,4,519,2052,321,319,33.1,2,424,10,1760981656
0,3,6,1065,3317,343,337,35.3,3,425,10,1760981656
0,3,6,1029,3219,333,327,34.3,3,426,10,1760981656
0,5,11,1805,5406,387,379,39.7,7,427,10,1760981656
0,5,11,1788,5534,413,405,42.3,8,428,10,1760981656
0,5,11,1725,5454,426,418,43.6,8,429,10,1760981656
0,5,11,1644,5270,431,423,44.1,8,430,10,1760981656
0.016,5,11,1592,5138,421,413,43.1,8,431,10,1760981656
0,5,11,1509,4959,411,403,42.1,8,432,10,1760981656
0,5,11,1436,4770,401,393,41.1,8,433,10,1760981656
0,4,9,1381,4665,419,413,42.9,7,434,10,1760981656
0.005,4,9,1271,4311,409,403,41.9,7,435,10,1760981656
0,4,9,1226,4187,399,393,40.9,7,436,10,1760981656
0,4,9,1186,4080,389,383,39.9,7,437,10,1760981656
0,4,9,1145,3964,379,373,38.9,7,438,10,1760981656
0,4,9,1100,3833,369,363,37.9,7,439,10,1760981656
0,4,9,1111,3936,386,380,39.6,7,440,10,1760981656
0,4,9,1067,3828,376,370,38.6,7,441,10,1760981656
0,4,9,1005,3679,366,360,37.6,7,442,10,1760981656
0,4,9,969,3634,386,380,39.6,7,443,10,1760981656
0,2,4,629,2408,376,374,38.6,4,444,10,1760981656
0,2,4,615,2349,366,364,37.6,4,445,10,1760981656
0.003,1,2,517,1933,356,354,36.6,3,446,10,1760981656
0,1,2,504,1884,346,344,35.6,3,447,10,1760981656
0,1,2,512,1917,355,353,36.5,4,448,10,1760981656
0,1,2,500,1867,345,343,35.5,4,449,10,1760981656
0,1,2,488,1817,335,333,34.5,4,450,10,1760981656
0,2,4,676,2427,344,340,35.4,5,451,10,1760981656
0,3,6,1090,3498,386,382,39.6,6,452,10,1760981656
0,3,6,1135,3689,407,403,41.7,6,453,10,1760981656
0.003,3,6,1077,3564,397,393,40.7,6,454,10,1760981656
0.005,3,6,1032,3454,387,383,39.7,6,455,10,1760981656
0,2,4,810,2709,377,375,38.7,2,456,10,1760981656
0,3,6,999,3232,386,381,39.6,3,457,10,1760981656
0.001,3,6,965,3136,376,371,38.6,3,458,10,1760981656
0,3,6,936,3044,366,361,37.6,3,459,10,1760981656
0,3,6,928,3055,384,379,39.4,4,460,10,1760981656
0,3,6,906,2965,374,369,38.4,4,461,10,1760981656
0,3,6,879,2884,364,359,37.4,4,462,10,1760981656
0.015,3,6,840,2774,354,349,36.4,4,463,10,1760981656
0,3,6,815,2684,344,339,35.4,4,464,10,1760981656
0.005,3,6,792,2595,334,329,34.4,4,465,10,1760981656
0,3,6,755,2496,324,319,33.4,4,466,10,1760981656
0,3,6,740,2455,320,315,33,4,467,10,1760981656
0,3,6,769,2649,336,331,34.6,4,468,10,1760981656
0.01,3,6,734,2526,335,330,34.5,4,469,10,1760981656
0,3,6,706,2447,325,320,33.5,4,470,10,1760981656
0,3,6,674,2355,315,310,32.5,4,471,10,1760981656
0,3,6,643,2263,305,300,31.5,4,472,10,1760981656
0,4,8,1069,3295,348,342,35.8,5,473,10,1760981656
0.014,3,6,994,3036,354,350,36.4,4,474,10,1760981656
0.001,3,7,1041,3334,374,373,38.4,5,475,10,1760981656
0,4,8,1385,4229,381,378,39.1,5,476,10,1760981656
0,4,8,1313,4059,371,368,38.1,5,477,10,1760981656
0,4,8,1214,3917,382,379,39.2,6,478,10,1760981656
0.013,4,8,1158,3781,372,369,38.2,6,479,10,1760981656
0,4,8,1140,3765,384,381,39.4,6,480,10,1760981656
0.006,4,8,1101,3652,374,371,38.4,6,481,10,1760981656
0,4,8,1071,3558,364,361,37.4,6,482,10,1760981656
0,4,8,1033,3451,354,351,36.4,6,483,10,1760981656
0.01,4,8,998,3349,344,341,35.4,6,484,10,1760981656
0,4,8,1035,3581,359,356,36.9,6,485,10,1760981656
0,6,12,2026,5793,388,381,39.8,8,486,10,1760981656
0.011,9,18,2844,8421,403,393,41.3,8,487,10,1760981656
0.006,8,16,2571,7656,393,383,40.3,7,488,10,1760981656
0,7,14,2124,6448,383,373,39.3,7,489,10,1760981656
0.009,7,14,2038,6194,373,363,38.3,7,490,10,1760981656
0,8,16,2340,7005,363,353,37.3,7,491,10,1760981656
0,8,16,2435,7737,404,393,41.4,9,492,10,1760981656
0,8,16,2333,7554,412,401,42.2,9,493,10,1760981656
0,8,16,2187,7128,402,391,41.2,9,494,10,1760981656
0.016,9,18,2264,7500,401,390,41.1,9,495,10,1760981656
0.004,9,18,2142,7234,391,380,40.1,9,496,10,1760981656
0,9,18,2010,6913,381,370,39.1,9,497,10,1760981656
0.004,8,16,1802,6241,371,360,38.1,9,498,10,1760981656
0.005,9,18,1815,6348,361,350,37.1,9,499,10,1760981656
