0,3,6,1290,4321,498,496,50.8,3,0,10,1760982156
0.01,3,6,1239,4194,488,486,49.8,3,1,10,1760982156
0,3,6,1164,4019,478,476,48.8,3,2,10,1760982156
0,3,6,1085,3797,468,466,47.8,3,3,10,1760982156
0,3,6,1065,3713,458,456,46.8,3,4,10,1760982156
0,3,6,1021,3601,448,446,45.8,3,5,10,1760982156
0,3,6,978,3470,438,436,44.8,3,6,10,1760982156
0,3,6,933,3315,428,426,43.8,3,7,10,1760982156
0,2,4,831,2876,418,416,42.8,2,8,10,1760982156
0,2,4,815,2810,408,406,41.8,2,9,10,1760982156
0,2,4,774,2715,398,396,40.8,2,10,10,1760982156
0,2,4,735,2602,388,386,39.8,2,11,10,1760982156
0,2,4,696,2467,378,376,38.8,2,12,10,1760982156
0.015,2,4,667,2352,368,366,37.8,2,13,10,1760982156
0,2,4,627,2260,358,356,36.8,2,14,10,1760982156
0,2,4,588,2145,348,346,35.8,2,15,10,1760982156
0,2,4,547,2008,338,336,34.8,2,16,10,1760982156
0,2,4,531,1942,328,326,33.8,2,17,10,1760982156
0,2,4,479,1836,318,316,32.8,2,18,10,1760982156
0,3,6,640,2329,348,345,35.8,3,19,10,1760982156
0.016,3,6,615,2246,338,335,34.8,3,20,10,1760982156
0,3,6,586,2148,328,325,33.8,3,21,10,1760982156
0,3,6,564,2075,318,315,32.8,3,22,10,1760982156
0,3,6,536,1986,308,305,31.8,3,23,10,1760982156
0,3,6,540,2033,316,313,32.6,3,24,10,1760982156
0,3,6,511,1941,306,303,31.6,3,25,10,1760982156
0,2,4,475,1824,319,316,32.9,2,26,10,1760982156
0,2,4,452,1753,309,306,31.9,2,27,10,1760982156
0,2,4,424,1674,299,296,30.9,2,28,10,1760982156
0,2,4,409,1640,299,296,30.9,2,29,10,1760982156
0,1,2,329,1326,289,287,29.9,1,30,10,1760982156
0,1,2,321,1297,283,281,29.3,1,31,10,1760982156
0,2,4,453,1744,309,306,31.9,3,32,10,1760982156
0,1,2,417,1653,339,336,34.9,2,33,10,1760982156
0.016,1,2,419,1687,352,349,36.2,2,34,10,1760982156
0,1,2,406,1637,342,339,35.2,2,35,10,1760982156
0,1,2,392,1588,332,329,34.2,2,36,10,1760982156
0,1,2,430,1777,376,373,38.6,2,37,10,1760982156
0,2,4,517,2142,364,361,37.4,3,38,10,1760982156
0,2,4,525,2195,370,367,38,3,39,10,1760982156
0,1,2,413,1738,360,357,37,2,40,10,1760982156
0,1,2,437,1842,386,384,39.6,1,41,10,1760982156
0.007,0,1,386,1629,376,376,38.6,0,42,10,1760982156
0,0,1,376,1583,366,366,37.6,0,43,10,1760982156
0.001,1,2,464,1863,374,372,38.4,1,44,10,1760982156
0,1,2,451,1814,364,362,37.4,1,45,10,1760982156
0,1,2,439,1760,354,352,36.4,1,46,10,1760982156
0.004,1,2,425,1702,344,342,35.4,1,47,10,1760982156
0.003,1,2,427,1712,346,344,35.6,1,48,10,1760982156
0,1,2,416,1668,336,334,34.6,1,49,10,1760982156
0,1,2,404,1615,326,324,33.6,1,50,10,1760982156
0,1,2,391,1562,316,314,32.6,1,51,10,1760982156
0,2,5,662,2530,368,364,37.8,3,52,10,1760982156
0,2,5,639,2465,358,354,36.8,3,53,10,1760982156
0,3,6,682,2680,348,344,35.8,3,54,10,1760982156
0,3,6,669,2670,359,355,36.9,3,55,10,1760982156
0,3,6,644,2581,349,345,35.9,3,56,10,1760982156
0,2,5,552,2218,339,335,34.9,3,57,10,1760982156
0,5,10,978,3386,340,335,35,5,58,10,1760982156
0,5,11,895,3478,344,337,35.4,7,59,10,1760982156
0,6,13,992,3844,334,327,34.4,7,60,10,1760982156
0,6,13,933,3630,324,317,33.4,7,61,10,1760982156
0.001,6,13,891,3498,314,307,32.4,7,62,10,1760982156
0,5,11,797,3187,333,326,34.3,6,63,10,1760982156
0,3,7,561,2303,318,313,32.8,4,64,10,1760982156
0,3,7,530,2180,308,303,31.8,4,65,10,1760982156
0,5,10,675,2731,329,323,33.9,7,66,10,1760982156
0,4,8,578,2336,319,315,32.9,6,67,10,1760982156
0,4,8,556,2256,309,305,31.9,6,68,10,1760982156
0.006,4,8,533,2178,299,295,30.9,6,69,10,1760982156
0.001,4,8,511,2093,289,286,29.9,4,70,10,1760982156
0,3,6,435,1786,279,278,28.9,3,71,10,1760982156
0,3,6,420,1719,269,268,27.9,3,72,10,1760982156
0,4,8,886,2872,312,307,32.2,4,73,10,1760982156
0,4,8,842,2764,302,297,31.2,4,74,10,1760982156
0.007,4,8,779,2643,292,287,30.2,4,75,10,1760982156
0,5,10,821,3019,320,315,33,5,76,10,1760982156
0,4,8,598,2310,321,318,33.1,4,77,10,1760982156
0,2,4,516,1984,324,322,33.4,2,78,10,1760982156
0,2,4,502,1924,314,312,32.4,2,79,10,1760982156
0,4,8,1232,4002,373,367,38.3,4,80,10,1760982156
0,4,8,1152,3853,363,357,37.3,4,81,10,1760982156
0.002,4,8,1069,3635,353,347,36.3,4,82,10,1760982156
0.002,4,8,1040,3546,343,337,35.3,4,83,10,1760982156
0,4,8,1023,3496,341,335,35.1,4,84,10,1760982156
0,4,9,1639,4927,363,353,37.3,5,85,10,1760982156
0.007,4,9,1496,4556,353,343,36.3,5,86,10,1760982156
0,6,13,1803,5385,355,343,36.5,7,87,10,1760982156
0.007,6,13,1664,5145,345,333,35.5,7,88,10,1760982156
0,6,13,1583,4926,335,323,34.5,7,89,10,1760982156
0.008,6,13,1523,4786,345,333,35.5,7,90,10,1760982156
0,7,14,2663,6673,346,333,35.6,6,91,10,1760982156
0.002,7,14,2481,6352,336,323,34.6,6,92,10,1760982156
0.005,8,16,2993,7692,350,337,36,6,93,10,1760982156
0.007,8,16,2870,7425,340,327,35,6,94,10,1760982156
0.007,10,20,3366,9176,392,382,40.2,9,95,10,1760982156
0,10,20,3265,8935,382,372,39.2,9,96,10,1760982156
0,10,20,3156,8657,372,362,38.2,9,97,10,1760982156
0.007,11,22,2929,9014,391,379,40.1,9,98,10,1760982156
0.009,11,22,2827,8743,381,369,39.1,9,99,10,1760982156
0.003,10,20,3142,8831,397,386,40.7,9,100,10,1760982156
0.005,10,20,3097,8865,417,406,42.7,9,101,10,1760982156
0.004,10,20,3014,8646,407,398,41.7,9,102,10,1760982156
0.004,9,18,2812,7993,444,435,45.4,8,103,10,1760982156
0.001,9,18,2736,7793,434,425,44.4,8,104,10,1760982156
0.007,8,16,2206,6645,430,418,44,8,105,10,1760982156
0,9,18,2280,7198,448,438,45.8,7,106,10,1760982156
0,9,18,2060,6795,438,428,44.8,7,107,10,1760982156
0.008,8,16,1865,6126,428,418,43.8,6,108,10,1760982156
0.004,7,14,1726,5645,418,410,42.8,5,109,10,1760982156
0,4,8,1113,3915,412,406,42.2,3,110,10,1760982156
0,4,8,1065,3792,402,396,41.2,3,111,10,1760982156
0,3,6,836,2981,392,386,40.2,3,112,10,1760982156
0,3,6,797,2874,382,376,39.2,3,113,10,1760982156
0.007,3,6,761,2781,372,366,38.2,3,114,10,1760982156
0.003,3,6,723,2676,362,356,37.2,3,115,10,1760982156
0,3,6,751,2871,378,372,38.8,3,116,10,1760982156
0,3,6,716,2772,368,362,37.8,3,117,10,1760982156
0,4,8,948,3309,378,370,38.8,4,118,10,1760982156
0.007,3,7,699,2791,394,390,40.4,3,119,10,1760982156
0,2,4,541,2172,384,380,39.4,2,120,10,1760982156
0,2,4,524,2111,374,370,38.4,2,121,10,1760982156
0,2,4,501,2037,364,360,37.4,2,122,10,1760982156
0,2,4,482,1966,354,350,36.4,2,123,10,1760982156
0,2,4,458,1885,344,340,35.4,2,124,10,1760982156
0,1,2,402,1661,350,348,36,2,125,10,1760982156
0,0,1,417,1731,407,407,41.7,0,126,10,1760982156
0,0,1,417,1732,407,407,41.7,0,127,10,1760982156
0,0,1,431,1794,421,421,43.1,0,128,10,1760982156
0,0,1,421,1754,411,411,42.1,0,129,10,1760982156
0,0,1,411,1711,401,401,41.1,0,130,10,1760982156
0,0,1,401,1665,391,391,40.1,0,131,10,1760982156
0.007,0,1,391,1622,381,381,39.1,0,132,10,1760982156
0.002,0,1,381,1579,371,371,38.1,0,133,10,1760982156
0,0,1,371,1537,361,361,37.1,0,134,10,1760982156
0,0,1,361,1492,351,351,36.1,0,135,10,1760982156
0,1,2,440,1805,350,349,36,1,136,10,1760982156
0.001,1,2,426,1754,340,339,35,1,137,10,1760982156
0,1,2,435,1798,352,351,36.2,1,138,10,1760982156
0,2,4,596,2407,370,368,38,2,139,10,1760982156
0.003,5,10,1213,4283,424,419,43.4,5,140,10,1760982156
0.002,5,10,1158,4158,414,409,42.4,5,141,10,1760982156
0.004,5,10,1098,4006,404,399,41.4,5,142,10,1760982156
0.001,5,10,1059,3890,394,389,40.4,5,143,10,1760982156
0,4,8,897,3297,387,383,39.7,4,144,10,1760982156
0.006,4,8,861,3196,377,373,38.7,4,145,10,1760982156
0,4,8,825,3090,367,363,37.7,4,146,10,1760982156
0,4,8,810,3076,368,364,37.8,4,147,10,1760982156
0.007,4,8,782,2990,358,354,36.8,4,148,10,1760982156
0,4,8,745,2884,348,344,35.8,4,149,10,1760982156
0.001,4,8,696,2726,338,334,34.8,4,150,10,1760982156
0.001,4,8,665,2633,328,325,33.8,4,151,10,1760982156
0.001,3,6,575,2270,318,317,32.8,3,152,10,1760982156
0.001,3,6,546,2190,308,307,31.8,3,153,10,1760982156
0,3,6,515,2089,298,297,30.8,3,154,10,1760982156
0.005,3,6,499,2023,288,287,29.8,3,155,10,1760982156
0,3,6,482,1951,278,277,28.8,3,156,10,1760982156
0,3,6,464,1879,268,267,27.8,3,157,10,1760982156
0,4,8,737,2661,294,291,30.4,3,158,10,1760982156
0.004,2,5,437,1787,289,287,29.9,2,159,10,1760982156
0.004,4,9,1160,3948,388,388,39.8,3,160,10,1760982156
0,3,7,1090,3657,378,378,38.8,2,161,10,1760982156
0,4,9,1175,3919,376,374,38.6,3,162,10,1760982156
0,4,9,1150,3838,366,364,37.6,3,163,10,1760982156
0.002,4,9,1082,3698,356,354,36.6,3,164,10,1760982156
0.003,4,9,1010,3515,346,344,35.6,3,165,10,1760982156
0.002,4,9,968,3460,380,378,39,4,166,10,1760982156
0,4,9,945,3377,370,368,38,4,167,10,1760982156
0.001,4,9,877,3244,360,358,37,4,168,10,1760982156
0,3,7,755,2766,350,348,36,5,169,10,1760982156
0,3,7,735,2847,381,379,39.1,5,170,10,1760982156
0,3,7,755,2865,384,382,39.4,5,171,10,1760982156
0.002,3,7,724,2780,374,372,38.4,5,172,10,1760982156
0,4,9,1024,3569,399,397,40.9,5,173,10,1760982156
0.002,4,9,998,3478,389,387,39.9,5,174,10,1760982156
0,5,11,1063,3703,383,381,39.3,5,175,10,1760982156
0.002,4,9,950,3330,373,371,38.3,5,176,10,1760982156
0,4,9,921,3234,363,361,37.3,5,177,10,1760982156
0,5,10,1335,4215,412,403,42.2,6,178,10,1760982156
0.002,5,10,1222,4006,402,393,41.2,6,179,10,1760982156
0.004,5,10,1136,3813,392,383,40.2,6,180,10,1760982156
0.002,5,10,1052,3607,382,373,39.2,6,181,10,1760982156
0.002,5,10,957,3424,372,363,38.2,6,182,10,1760982156
0.002,4,9,884,3405,383,375,39.3,5,183,10,1760982156
0,5,10,1113,4011,403,395,41.3,7,184,10,1760982156
0,4,8,1018,3666,393,385,40.3,6,185,10,1760982156
0,3,6,923,3318,383,377,39.3,5,186,10,1760982156
0,5,10,1306,4594,385,378,39.5,6,187,10,1760982156
0,5,10,1262,4467,375,368,38.5,6,188,10,1760982156
0.004,5,10,1222,4352,365,358,37.5,6,189,10,1760982156
0,5,10,1175,4221,355,348,36.5,6,190,10,1760982156
0,5,10,1130,4081,345,338,35.5,6,191,10,1760982156
0.012,4,8,861,3247,363,356,37.3,6,192,10,1760982156
0.001,5,10,1104,4088,382,375,39.2,6,193,10,1760982156
0,5,10,1062,3959,372,365,38.2,6,194,10,1760982156
0.008,4,8,795,3081,362,357,37.2,5,195,10,1760982156
0,4,8,773,2995,356,351,36.6,4,196,10,1760982156
0.005,4,8,755,2924,346,343,35.6,4,197,10,1760982156
0,3,6,634,2414,336,333,34.6,3,198,10,1760982156
0,4,8,1438,4002,361,355,37.1,4,199,10,1760982156
0,3,6,959,3207,408,403,41.8,4,200,10,1760982156
0,3,6,927,3107,398,393,40.8,4,201,10,1760982156
0.017,3,6,896,3009,388,383,39.8,4,202,10,1760982156
0,3,6,865,2919,378,373,38.8,4,203,10,1760982156
0,2,4,784,2651,369,365,37.9,3,204,10,1760982156
0,2,4,788,2725,397,393,40.7,3,205,10,1760982156
0,2,4,761,2644,387,383,39.7,3,206,10,1760982156
0.002,3,6,973,3246,396,391,40.6,4,207,10,1760982156
0,3,6,964,3281,418,413,42.8,4,208,10,1760982156
0,3,6,950,3278,422,417,43.2,4,209,10,1760982156
0,3,6,894,3152,412,407,42.2,4,210,10,1760982156
0,3,6,852,3038,402,397,41.2,4,211,10,1760982156
0,3,6,752,2948,414,411,42.4,3,212,10,1760982156
0,3,6,725,2866,404,401,41.4,3,213,10,1760982156
0.002,3,6,693,2772,394,391,40.4,3,214,10,1760982156
0.002,2,4,572,2284,384,381,39.4,2,215,10,1760982156
0,2,4,558,2257,384,381,39.4,2,216,10,1760982156
0.003,6,12,2358,6443,419,407,42.9,6,217,10,1760982156
0.002,6,12,2220,6237,421,409,43.1,6,218,10,1760982156
0.003,5,10,2040,5637,411,400,42.1,5,219,10,1760982156
0.001,5,10,1979,5495,401,390,41.1,5,220,10,1760982156
0.003,6,12,2080,5842,417,404,42.7,6,221,10,1760982156
0.005,6,12,2009,5682,407,394,41.7,6,222,10,1760982156
0.001,3,6,648,2616,386,382,39.6,3,223,10,1760982156
0,3,6,614,2514,376,372,38.6,3,224,10,1760982156
0,3,6,596,2444,366,362,37.6,3,225,10,1760982156
0.001,3,6,576,2366,356,352,36.6,3,226,10,1760982156
0.002,3,6,560,2302,348,344,35.8,3,227,10,1760982156
0.002,4,9,883,3352,356,354,36.6,6,228,10,1760982156
0.003,5,10,889,3405,361,354,37.1,6,229,10,1760982156
0,4,9,873,3349,368,368,37.8,6,230,10,1760982156
0.002,6,12,1438,5107,404,398,41.4,9,231,10,1760982156
0.002,5,10,1324,4698,394,388,40.4,8,232,10,1760982156
0,6,13,1816,6366,416,412,42.6,9,233,10,1760982156
0,5,11,1513,5344,406,402,41.6,8,234,10,1760982156
0.002,5,11,1436,5133,396,392,40.6,8,235,10,1760982156
0,5,11,1368,4950,386,382,39.6,8,236,10,1760982156
0,4,9,1264,4587,376,372,38.6,7,237,10,1760982156
0,4,9,1239,4380,370,366,38,6,238,10,1760982156
0,4,9,1188,4244,360,356,37,6,239,10,1760982156
0.013,4,9,1361,4508,362,354,37.2,5,240,10,1760982156
0,2,5,879,2884,365,359,37.5,3,241,10,1760982156
0.002,2,5,777,2706,355,349,36.5,3,242,10,1760982156
0.001,2,5,759,2673,345,341,35.5,3,243,10,1760982156
0,1,3,473,1915,335,333,34.5,1,244,10,1760982156
0,1,3,477,1962,350,348,36,1,245,10,1760982156
0.001,1,3,457,1894,340,338,35,1,246,10,1760982156
0.001,2,4,700,2349,353,347,36.3,2,247,10,1760982156
0,1,2,589,1897,344,340,35.4,1,248,10,1760982156
0,1,2,569,1830,333,329,34.3,1,249,10,1760982156
0,1,2,554,1774,323,319,33.3,1,250,10,1760982156
0,1,2,527,1699,313,309,32.3,1,251,10,1760982156
0,1,2,525,1719,322,318,33.2,1,252,10,1760982156
0.002,1,2,500,1656,312,308,32.2,1,253,10,1760982156
0,2,4,590,2005,305,302,31.5,2,254,10,1760982156
0,2,4,613,2144,323,320,33.3,2,255,10,1760982156
0,1,2,532,1918,367,363,37.7,1,256,10,1760982156
0,1,2,482,1826,357,353,36.7,1,257,10,1760982156
0,1,2,466,1770,347,343,35.7,1,258,10,1760982156
0.002,1,2,450,1717,337,333,34.7,1,259,10,1760982156
0.001,1,2,434,1664,327,323,33.7,1,260,10,1760982156
0,1,2,418,1610,317,313,32.7,1,261,10,1760982156
0.002,1,2,422,1753,349,349,35.9,1,262,10,1760982156
0.002,1,2,411,1706,339,339,34.9,1,263,10,1760982156
0,1,2,417,1729,347,347,35.7,1,264,10,1760982156
0.002,1,2,418,1733,350,350,36,1,265,10,1760982156
0.002,1,2,406,1684,340,340,35,1,266,10,1760982156
0.002,2,5,557,2284,366,366,37.6,4,267,10,1760982156
0,1,3,482,1971,370,370,38,3,268,10,1760982156
0,1,3,469,1915,360,360,37,3,269,10,1760982156
0,1,3,456,1858,350,350,36,3,270,10,1760982156
0,1,3,473,1956,370,370,38,3,271,10,1760982156
0,2,4,606,2414,382,382,39.2,3,272,10,1760982156
0,2,4,572,2335,372,372,38.2,3,273,10,1760982156
0,2,4,569,2377,393,393,40.3,3,274,10,1760982156
0,2,4,555,2322,383,383,39.3,3,275,10,1760982156
0,2,4,541,2263,373,373,38.3,3,276,10,1760982156
0.006,3,6,710,2764,389,387,39.9,5,277,10,1760982156
0,3,6,690,2693,379,377,38.9,5,278,10,1760982156
0.001,3,6,665,2618,369,367,37.9,5,279,10,1760982156
0.002,3,6,918,3162,401,395,41.1,3,280,10,1760982156
0.002,3,6,885,3094,401,395,41.1,3,281,10,1760982156
0,3,6,812,2915,391,385,40.1,3,282,10,1760982156
0,3,6,782,2831,381,375,39.1,3,283,10,1760982156
0,3,6,770,2925,422,416,43.2,3,284,10,1760982156
0,3,6,704,2753,412,406,42.2,3,285,10,1760982156
0.001,3,6,733,2906,430,424,44,3,286,10,1760982156
0,3,6,703,2816,420,414,43,3,287,10,1760982156
0,3,6,670,2714,410,404,42,3,288,10,1760982156
0,2,4,579,2348,400,396,41,2,289,10,1760982156
0,2,4,602,2441,398,396,40.8,2,290,10,1760982156
0,2,4,587,2383,388,386,39.8,2,291,10,1760982156
0.002,3,6,856,3154,412,408,42.2,3,292,10,1760982156
0.001,4,8,963,3515,402,398,41.2,3,293,10,1760982156
0.002,4,8,958,3471,392,388,40.2,3,294,10,1760982156
0.002,4,8,909,3317,382,378,39.2,3,295,10,1760982156
0,2,4,618,2344,378,374,38.8,2,296,10,1760982156
0,2,4,660,2536,431,427,44.1,2,297,10,1760982156
0.007,2,4,642,2473,421,417,43.1,2,298,10,1760982156
0,1,2,546,2089,411,407,42.1,1,299,10,1760982156
0.001,1,2,545,2099,418,414,42.8,1,300,10,1760982156
0.001,1,2,527,2040,408,404,41.8,1,301,10,1760982156
0,1,2,544,2115,429,425,43.9,1,302,10,1760982156
0,1,2,527,2060,419,415,42.9,1,303,10,1760982156
0,1,2,509,1998,409,405,41.9,1,304,10,1760982156
0,1,2,490,1935,399,395,40.9,1,305,10,1760982156
0.003,1,2,477,1883,389,385,39.9,1,306,10,1760982156
0,1,2,459,1825,379,375,38.9,1,307,10,1760982156
0,1,2,440,1763,369,365,37.9,1,308,10,1760982156
0,1,2,454,1833,391,387,40.1,1,309,10,1760982156
0,3,6,779,2856,393,389,40.3,2,310,10,1760982156
0,3,6,750,2774,383,379,39.3,2,311,10,1760982156
0,3,6,717,2695,379,375,38.9,2,312,10,1760982156
0.016,3,6,690,2608,369,365,37.9,2,313,10,1760982156
0,0,1,385,1604,375,375,38.5,0,314,10,1760982156
0,0,1,381,1595,371,371,38.1,0,315,10,1760982156
0,0,1,371,1552,361,361,37.1,0,316,10,1760982156
0,0,1,371,1549,361,361,37.1,0,317,10,1760982156
0,0,1,394,1649,384,384,39.4,0,318,10,1760982156
0,0,1,384,1608,374,374,38.4,0,319,10,1760982156
0,1,2,515,2027,396,394,40.6,1,320,10,1760982156
0.002,1,2,528,2100,410,408,42,2,321,10,1760982156
0,1,2,515,2049,400,398,41,2,322,10,1760982156
0,1,2,530,2118,417,415,42.7,2,323,10,1760982156
0,2,4,716,2632,409,405,41.9,2,324,10,1760982156
0,1,2,506,2020,397,395,40.7,2,325,10,1760982156
0,2,4,683,2504,389,385,39.9,2,326,10,1760982156
0,2,4,627,2407,379,377,38.9,3,327,10,1760982156
0,3,6,815,2906,371,367,38.1,3,328,10,1760982156
0,2,4,564,2231,359,357,36.9,3,329,10,1760982156
0,3,6,797,2918,380,376,39,3,330,10,1760982156
0.009,3,6,775,2843,370,366,38,3,331,10,1760982156
0,3,6,751,2761,360,356,37,3,332,10,1760982156
0.007,3,6,742,2748,364,360,37.4,3,333,10,1760982156
0,3,6,722,2678,356,352,36.6,3,334,10,1760982156
0,2,4,527,2148,344,342,35.4,3,335,10,1760982156
0,2,4,519,2112,335,332,34.5,3,336,10,1760982156
0,2,4,519,2146,340,337,35,4,337,10,1760982156
0,2,4,517,2153,353,350,36.3,4,338,10,1760982156
0.003,3,6,708,2727,367,364,37.7,4,339,10,1760982156
0.003,2,4,510,2134,357,354,36.7,4,340,10,1760982156
0,2,4,512,2143,362,359,37.2,4,341,10,1760982156
0,2,4,496,2082,352,349,36.2,4,342,10,1760982156
0,2,4,481,2017,342,339,35.2,4,343,10,1760982156
0.002,2,4,466,1955,332,329,34.2,4,344,10,1760982156
0,3,6,569,2293,322,319,33.2,4,345,10,1760982156
0.001,2,4,461,1929,338,335,34.8,3,346,10,1760982156
0,1,2,375,1566,328,327,33.8,1,347,10,1760982156
0,0,1,341,1427,331,331,34.1,0,348,10,1760982156
0,0,1,331,1382,321,321,33.1,0,349,10,1760982156
0,0,1,321,1341,311,311,32.1,0,350,10,1760982156
0,0,1,311,1296,301,301,31.1,0,351,10,1760982156
0,1,2,448,1622,301,299,31.1,1,352,10,1760982156
0,2,4,507,1889,293,291,30.3,2,353,10,1760982156
0,3,6,616,2301,307,303,31.7,3,354,10,1760982156
0.002,3,6,1039,2906,296,292,30.6,3,355,10,1760982156
0.002,3,6,1008,2818,286,282,29.6,3,356,10,1760982156
0,3,6,995,2801,295,291,30.5,3,357,10,1760982156
0,3,6,963,2712,285,281,29.5,3,358,10,1760982156
0,3,6,939,2634,275,271,28.5,3,359,10,1760982156
0.012,3,6,896,2524,265,261,27.5,3,360,10,1760982156
0,3,7,1110,3191,305,301,31.5,3,361,10,1760982156
0,3,7,1073,3077,295,291,30.5,3,362,10,1760982156
0.002,3,7,1009,2910,285,281,29.5,3,363,10,1760982156
0.004,6,12,2357,5443,311,303,32.1,5,364,10,1760982156
0,6,12,2205,5178,301,293,31.1,5,365,10,1760982156
0.001,6,12,2112,4992,292,284,30.2,5,366,10,1760982156
0.004,7,15,2217,5930,341,331,35.1,8,367,10,1760982156
0.002,6,12,1510,4647,360,348,37,9,368,10,1760982156
0,6,12,1444,4507,359,347,36.9,9,369,10,1760982156
0,6,12,1290,4312,379,367,38.9,9,370,10,1760982156
0,6,12,1342,4429,369,357,37.9,9,371,10,1760982156
0,5,10,1071,3664,359,349,36.9,8,372,10,1760982156
0,5,10,1107,3759,349,339,35.9,8,373,10,1760982156
0,5,10,1079,3703,339,329,34.9,8,374,10,1760982156
0,5,10,1124,3720,329,321,33.9,8,375,10,1760982156
0,3,6,618,2458,329,327,33.9,7,376,10,1760982156
0,3,6,741,2637,319,317,32.9,7,377,10,1760982156
0,3,6,701,2528,309,307,31.9,7,378,10,1760982156
0.016,3,6,534,2204,299,297,30.9,7,379,10,1760982156
0,3,6,591,2335,328,324,33.8,4,380,10,1760982156
0,3,6,580,2320,334,330,34.4,4,381,10,1760982156
0,3,6,724,2639,346,340,35.6,3,382,10,1760982156
0,3,6,831,2994,362,355,37.2,3,383,10,1760982156
0,4,8,885,3267,378,370,38.8,4,384,10,1760982156
0,4,8,984,3629,397,390,40.7,6,385,10,1760982156
0,3,6,870,3202,387,382,39.7,5,386,10,1760982156
0,2,4,653,2604,397,394,40.7,3,387,10,1760982156
0,2,4,622,2511,389,386,39.9,3,388,10,1760982156
0,2,4,595,2409,379,376,38.9,3,389,10,1760982156
0,3,6,675,2720,369,366,37.9,3,390,10,1760982156
0.015,3,6,637,2605,359,356,36.9,3,391,10,1760982156
0,3,6,597,2469,349,346,35.9,3,392,10,1760982156
0,4,8,733,2991,368,365,37.8,4,393,10,1760982156
0,4,8,706,2896,358,355,36.8,4,394,10,1760982156
0,3,6,597,2452,348,347,35.8,3,395,10,1760982156
0,2,4,505,2077,338,337,34.8,2,396,10,1760982156
0.009,3,6,652,2595,360,358,37,3,397,10,1760982156
0,3,6,636,2536,350,348,36,3,398,10,1760982156
0,3,6,618,2466,340,338,35,3,399,10,1760982156
0,7,14,1753,5207,385,380,39.5,7,400,10,1760982156
0,7,14,1649,4986,375,370,38.5,7,401,10,1760982156
0,7,14,1542,4774,365,360,37.5,7,402,10,1760982156
0,5,10,1294,3976,363,358,37.3,5,403,10,1760982156
0,5,10,1204,3787,353,348,36.3,5,404,10,1760982156
0,5,10,1115,3587,343,338,35.3,5,405,10,1760982156
0,4,8,908,3037,333,328,34.3,4,406,10,1760982156
0,3,6,558,2182,323,319,33.3,4,407,10,1760982156
0,1,2,429,1812,379,377,38.9,2,408,10,1760982156
0,1,2,424,1790,377,375,38.7,3,409,10,1760982156
0,1,2,413,1741,367,365,37.7,3,410,10,1760982156
0,0,1,367,1551,357,357,36.7,0,411,10,1760982156
0,2,4,821,2605,388,382,39.8,2,412,10,1760982156
0,3,7,1152,3827,445,440,45.5,4,413,10,1760982156
0.006,3,7,1118,3736,435,430,44.5,4,414,10,1760982156
0,3,7,1077,3621,425,420,43.5,4,415,10,1760982156
0,3,7,1034,3509,415,410,42.5,4,416,10,1760982156
0,3,7,1002,3419,405,400,41.5,4,417,10,1760982156
0,4,8,867,3121,401,396,41.1,4,418,10,1760982156
0.004,4,8,827,3015,391,386,40.1,4,419,10,1760982156
0,4,8,785,2889,381,376,39.1,4,420,10,1760982156
0.001,4,8,760,2806,371,366,38.1,4,421,10,1760982156
0,4,8,734,2714,361,356,37.1,4,422,10,1760982156
0.007,5,10,926,3447,384,379,39.4,5,423,10,1760982156
0.004,5,10,978,3724,420,415,43,5,424,10,1760982156
0,4,8,812,3274,420,417,43,4,425,10,1760982156
0,4,8,792,3198,410,407,42,4,426,10,1760982156
0,3,6,705,2886,420,417,43,3,427,10,1760982156
0,3,6,689,2816,410,407,42,3,428,10,1760982156
0,3,6,671,2751,400,397,41,3,429,10,1760982156
0,3,6,656,2686,390,387,40,3,430,10,1760982156
0,2,4,547,2243,380,378,39,2,431,10,1760982156
0,2,4,533,2183,370,368,38,2,432,10,1760982156
0,1,2,460,1909,382,380,39.2,1,433,10,1760982156
0,1,2,448,1864,372,370,38.2,1,434,10,1760982156
0,2,4,655,2623,426,422,43.6,2,435,10,1760982156
0,2,4,640,2568,416,412,42.6,2,436,10,1760982156
0.016,2,4,622,2504,406,402,41.6,2,437,10,1760982156
0,0,1,410,1717,400,400,41,0,438,10,1760982156
0,0,1,400,1675,390,390,40,0,439,10,1760982156
0,0,1,390,1633,380,380,39,0,440,10,1760982156
0,0,1,380,1592,370,370,38,0,441,10,1760982156
0,0,1,398,1664,388,388,39.8,0,442,10,1760982156
0,0,1,388,1622,378,378,38.8,0,443,10,1760982156
0,1,2,469,1962,386,386,39.6,1,444,10,1760982156
0,1,2,488,2040,406,406,41.6,1,445,10,1760982156
0,2,4,660,2611,402,400,41.2,2,446,10,1760982156
0,3,6,770,3070,428,426,43.8,4,447,10,1760982156
0,3,6,747,2991,418,416,42.8,4,448,10,1760982156
0,3,6,820,3261,424,420,43.4,4,449,10,1760982156
0.014,3,6,803,3198,414,410,42.4,4,450,10,1760982156
0,3,6,783,3124,404,400,41.4,4,451,10,1760982156
0,3,6,765,3052,394,390,40.4,4,452,10,1760982156
0,6,13,2204,6601,409,401,41.9,5,453,10,1760982156
0.005,6,13,2171,6484,399,391,40.9,5,454,10,1760982156
0.001,6,13,2024,6093,389,381,39.9,5,455,10,1760982156
0,6,13,1966,5917,379,371,38.9,5,456,10,1760982156
0.01,6,13,1820,5652,369,361,37.9,5,457,10,1760982156
0.005,6,13,1679,5340,359,351,36.9,5,458,10,1760982156
0,6,13,1532,4935,349,341,35.9,5,459,10,1760982156
0,5,11,1470,4725,365,359,37.5,6,460,10,1760982156
0,5,11,1349,4517,355,349,36.5,6,461,10,1760982156
0.016,5,11,1209,4195,345,339,35.5,6,462,10,1760982156
0,6,13,1636,5414,392,385,40.2,9,463,10,1760982156
0,6,13,1586,5268,382,375,39.2,9,464,10,1760982156
0.012,6,13,1843,5887,392,383,40.2,11,465,10,1760982156
0.004,8,17,1493,5129,387,375,39.7,11,466,10,1760982156
0,8,16,2040,6407,388,375,39.8,12,467,10,1760982156
0,7,14,1537,5042,388,375,39.8,9,468,10,1760982156
0,6,12,1216,4260,376,367,38.6,5,469,10,1760982156
0.015,6,12,1147,4098,366,357,37.6,5,470,10,1760982156
0.003,6,12,1113,3989,356,349,36.6,5,471,10,1760982156
0.001,5,10,1007,3582,363,356,37.3,4,472,10,1760982156
0.002,5,10,976,3478,353,346,36.3,4,473,10,1760982156
0,2,4,517,2030,344,340,35.4,2,474,10,1760982156
0,2,4,499,1966,334,330,34.4,2,475,10,1760982156
0,3,6,796,2745,357,350,36.7,3,476,10,1760982156
0,3,6,774,2669,347,340,35.7,3,477,10,1760982156
0.007,4,8,1944,4775,371,359,38.1,4,478,10,1760982156
0.004,5,10,2109,5459,382,369,39.2,4,479,10,1760982156
0.002,5,10,2054,5330,382,369,39.2,4,480,10,1760982156
0,5,10,1995,5193,372,359,38.2,4,481,10,1760982156
0,7,14,2599,6893,396,381,40.6,7,482,10,1760982156
0.003,7,14,2528,6741,386,373,39.6,7,483,10,1760982156
0,6,12,2358,6147,376,363,38.6,6,484,10,1760982156
0,6,12,2275,5971,374,361,38.4,7,485,10,1760982156
0,5,10,2120,5524,379,368,38.9,7,486,10,1760982156
0.015,4,8,1998,5069,369,359,37.9,6,487,10,1760982156
0.005,4,8,1930,4912,359,349,36.9,6,488,10,1760982156
0,6,12,2418,6076,368,353,37.8,8,489,10,1760982156
0,6,12,2333,5881,358,343,36.8,8,490,10,1760982156
0,6,12,2243,5687,348,333,35.8,8,491,10,1760982156
0,6,12,2144,5468,338,323,34.8,8,492,10,1760982156
0,6,12,2044,5268,328,313,33.8,8,493,10,1760982156
0.014,8,16,2273,6493,380,367,39,8,494,10,1760982156
0.004,9,18,2768,7555,390,375,40,9,495,10,1760982156
0,8,16,2312,6573,378,365,38.8,9,496,10,1760982156
0.009,8,16,2179,6313,368,355,37.8,9,497,10,1760982156
0,8,16,2067,6071,358,347,36.8,8,498,10,1760982156
0,7,15,2183,6263,390,381,40,7,499,10,1760982156
