0,12,24,4812,15258,849,845,57.6,12,0,15,1760978812
0.02,12,24,4513,14453,834,830,56.6,12,1,15,1760978812
0.006,13,26,4674,14938,819,815,55.6,12,2,15,1760978812
0.007,13,26,4539,14735,804,800,54.6,12,3,15,1760978812
0.009,13,26,4142,13734,789,785,53.6,12,4,15,1760978812
0.004,13,26,4030,13374,774,770,52.6,12,5,15,1760978812
0,13,26,3719,12609,759,755,51.6,12,6,15,1760978812
0.004,13,26,3491,12085,744,740,50.6,12,7,15,1760978812
0.004,13,26,3491,12020,729,725,49.6,12,8,15,1760978812
0.004,13,26,3314,11487,714,710,48.6,12,9,15,1760978812
0.002,13,26,3303,11421,699,695,47.6,12,10,15,1760978812
0.009,13,26,3211,11130,684,680,46.6,12,11,15,1760978812
0.007,13,26,3121,10832,669,665,45.6,12,12,15,1760978812
0.004,12,24,2896,9991,654,650,44.6,11,13,15,1760978812
0.004,12,24,2807,9726,639,635,43.6,11,14,15,1760978812
0.004,12,24,2686,9385,624,620,42.6,11,15,15,1760978812
0.002,12,24,2510,8829,609,605,41.6,11,16,15,1760978812
0.006,12,24,2377,8410,594,590,40.6,11,17,15,1760978812
0.003,12,24,2278,8002,579,575,39.6,11,18,15,1760978812
0.003,12,24,2331,8190,564,560,38.6,13,19,15,1760978812
0.002,12,24,2212,7814,549,545,37.6,13,20,15,1760978812
0.004,13,26,2462,8585,555,551,38,15,21,15,1760978812
0.005,13,26,2317,8153,540,536,37,15,22,15,1760978812
0,12,24,2139,7580,525,521,36,14,23,15,1760978812
0.002,10,20,1923,6889,538,534,36.8667,11,24,15,1760978812
0.005,9,18,1702,5976,546,541,37.4,8,25,15,1760978812
0,8,16,1430,5165,533,528,36.5333,8,26,15,1760978812
0.007,9,18,1697,6226,545,542,37.3333,9,27,15,1760978812
0.001,9,18,1533,5685,530,527,36.3333,9,28,15,1760978812
0.004,9,18,1476,5509,515,512,35.3333,9,29,15,1760978812
0.002,9,18,1471,5535,500,497,34.3333,9,30,15,1760978812
0.002,8,16,1685,5682,522,515,35.8,8,31,15,1760978812
0.004,8,16,1729,5980,537,530,36.8,8,32,15,1760978812
0.002,8,16,1615,5593,522,515,35.8,8,33,15,1760978812
0.005,8,16,1549,5433,522,515,35.8,8,34,15,1760978812
0.005,8,16,1480,5234,507,500,34.8,8,35,15,1760978812
0.003,8,17,1842,5871,533,526,36.5333,9,36,15,1760978812
0.003,8,17,1963,6240,556,549,38.0667,9,37,15,1760978812
0.001,8,17,1903,6088,555,548,38,9,38,15,1760978812
0.002,7,15,1780,5643,540,534,37,8,39,15,1760978812
0.003,7,15,1720,5476,525,519,36,8,40,15,1760978812
0.002,7,15,1658,5292,510,504,35,8,41,15,1760978812
0.002,7,15,1603,5120,495,489,34,8,42,15,1760978812
0.002,6,13,1512,4821,503,497,34.5333,7,43,15,1760978812
0.002,6,13,1441,4645,488,482,33.5333,7,44,15,1760978812
0.002,6,13,1349,4434,473,467,32.5333,7,45,15,1760978812
0.003,6,13,1302,4285,458,452,31.5333,7,46,15,1760978812
0.001,6,13,1415,4817,505,499,34.6667,8,47,15,1760978812
0.002,5,11,1323,4583,530,524,36.3333,7,48,15,1760978812
0,5,11,1277,4439,515,509,35.3333,7,49,15,1760978812
0.002,4,9,1164,4014,500,494,34.3333,6,50,15,1760978812
0.002,4,9,1161,4158,530,524,36.3333,6,51,15,1760978812
0,3,7,1056,3782,517,511,35.4667,5,52,15,1760978812
0.001,3,7,1025,3735,520,514,35.6667,5,53,15,1760978812
0.003,3,7,1065,3987,549,543,37.6,5,54,15,1760978812
0.004,3,7,1019,3868,534,528,36.6,5,55,15,1760978812
0.003,3,7,999,3862,547,541,37.4667,5,56,15,1760978812
0.002,3,7,949,3737,532,526,36.4667,5,57,15,1760978812
0.004,5,10,1247,4605,537,533,36.8,6,58,15,1760978812
0.002,4,8,1098,4117,529,525,36.2667,5,59,15,1760978812
0.003,4,8,1050,3966,514,510,35.2667,5,60,15,1760978812
0.002,5,10,1544,5059,532,530,36.4667,5,61,15,1760978812
0.005,5,10,1505,4934,517,515,35.4667,5,62,15,1760978812
0.003,5,10,1462,4794,502,500,34.4667,5,63,15,1760978812
0.004,8,16,2910,8320,612,604,41.8,8,64,15,1760978812
0.006,7,14,2741,7715,597,589,40.8,7,65,15,1760978812
0.004,7,14,3143,8312,601,591,41.0667,7,66,15,1760978812
0.007,10,20,4352,10993,616,603,42.0667,9,67,15,1760978812
0.007,10,20,4269,10880,629,616,42.9333,9,68,15,1760978812
0.007,10,20,4084,10662,621,608,42.4,9,69,15,1760978812
0.007,10,20,3825,10141,606,593,41.4,9,70,15,1760978812
0.005,10,20,3540,9451,591,578,40.4,9,71,15,1760978812
0.004,11,23,4410,11775,612,596,41.8,10,72,15,1760978812
0.01,11,23,4123,11132,597,581,40.8,10,73,15,1760978812
0.005,11,23,3994,10822,582,566,39.8,10,74,15,1760978812
0.008,11,23,4025,10864,567,551,38.8,10,75,15,1760978812
0.007,12,24,4339,11199,582,564,39.8,11,76,15,1760978812
0.005,12,24,4160,11118,615,596,42,12,77,15,1760978812
0.005,12,24,4216,11287,614,595,41.9333,12,78,15,1760978812
0.01,15,30,5152,13675,633,611,43.2,14,79,15,1760978812
0.002,16,32,5302,14337,646,624,44.0667,15,80,15,1760978812
0.007,14,28,4307,11901,631,611,43.0667,13,81,15,1760978812
0.008,14,28,4103,11425,616,596,42.0667,13,82,15,1760978812
0.006,14,28,3967,11106,601,581,41.0667,13,83,15,1760978812
0.004,17,34,6432,15860,628,605,42.8667,17,84,15,1760978812
0.015,18,36,6387,16385,650,627,44.3333,18,85,15,1760978812
0.007,18,36,6028,15644,635,612,43.3333,18,86,15,1760978812
0.009,18,36,7069,18053,680,655,46.3333,18,87,15,1760978812
0.01,17,34,6567,16879,665,640,45.3333,18,88,15,1760978812
0.005,17,34,6171,16169,650,625,44.3333,18,89,15,1760978812
0.011,17,34,6195,15841,636,612,43.4,18,90,15,1760978812
0.022,19,38,11108,25409,651,621,44.4,20,91,15,1760978812
0.015,19,38,10768,25006,669,639,45.6,20,92,15,1760978812
0.013,20,40,13013,29895,694,665,47.2667,21,93,15,1760978812
0.017,20,40,13221,30426,708,681,48.2,18,94,15,1760978812
0.016,20,40,12121,28472,693,666,47.2,18,95,15,1760978812
0.008,19,38,9340,23127,676,652,46.0667,18,96,15,1760978812
0.011,17,34,7701,19621,661,641,45.0667,18,97,15,1760978812
0.004,17,34,8190,20311,646,626,44.0667,16,98,15,1760978812
0.015,18,36,8135,20619,665,644,45.3333,16,99,15,1760978812
0.015,17,34,6843,18155,651,629,44.4,15,100,15,1760978812
0.008,17,34,6476,17409,636,614,43.4,15,101,15,1760978812
0.007,16,32,5919,16030,621,599,42.4,14,102,15,1760978812
0.01,15,30,5491,14901,626,604,42.7333,14,103,15,1760978812
0.007,15,30,5386,14691,632,610,43.1333,15,104,15,1760978812
0.005,13,26,4213,12212,677,655,46.1333,15,105,15,1760978812
0.005,12,24,3878,11335,662,642,45.1333,15,106,15,1760978812
0.002,12,24,3679,10903,647,627,44.1333,15,107,15,1760978812
0.01,12,24,3458,10531,635,615,43.3333,15,108,15,1760978812
0.007,12,25,4086,11341,653,628,44.5333,17,109,15,1760978812
0.006,13,26,4166,11605,638,613,43.5333,15,110,15,1760978812
0.005,12,24,3502,10074,623,598,42.5333,15,111,15,1760978812
0.005,12,24,3326,9674,608,583,41.5333,15,112,15,1760978812
0,12,24,3227,9752,634,609,43.2667,15,113,15,1760978812
0.004,12,24,3578,10426,619,595,42.2667,13,114,15,1760978812
0.004,11,22,2790,8937,631,607,43.0667,13,115,15,1760978812
0,11,22,3100,9399,616,596,42.0667,14,116,15,1760978812
0.013,9,18,2355,7558,601,581,41.0667,13,117,15,1760978812
0.005,8,16,2126,6865,586,566,40.0667,12,118,15,1760978812
0.001,8,16,2064,6752,599,579,40.9333,12,119,15,1760978812
0.004,9,18,2445,7581,586,564,40.0667,12,120,15,1760978812
0.003,9,18,2419,7631,593,574,40.5333,10,121,15,1760978812
0.002,7,15,2178,6764,576,562,39.4,7,122,15,1760978812
0.004,7,15,2121,6755,608,592,41.5333,7,123,15,1760978812
0.002,7,15,2060,6645,591,577,40.4,7,124,15,1760978812
0.004,6,13,1525,5392,576,562,39.4,7,125,15,1760978812
0.005,7,15,1842,6122,561,547,38.4,7,126,15,1760978812
0.001,6,13,1512,5399,582,569,39.8,8,127,15,1760978812
0.002,7,15,1574,5782,592,581,40.4667,8,128,15,1760978812
0.004,7,15,1500,5586,577,566,39.4667,8,129,15,1760978812
0.003,8,17,1773,6262,578,568,39.5333,8,130,15,1760978812
0.004,6,13,1367,5228,586,578,40.0667,7,131,15,1760978812
0.004,7,15,1511,5698,583,575,39.8667,7,132,15,1760978812
0.001,6,13,1318,5179,589,581,40.2667,7,133,15,1760978812
0.001,8,16,1524,5893,611,604,41.7333,8,134,15,1760978812
0.004,7,14,1410,5506,596,589,40.7333,7,135,15,1760978812
0.005,7,14,1349,5322,581,574,39.7333,7,136,15,1760978812
0.002,6,12,1180,4687,566,559,38.7333,6,137,15,1760978812
0.002,7,14,1300,5231,578,574,39.5333,7,138,15,1760978812
0.001,5,10,1059,4286,593,589,40.5333,6,139,15,1760978812
0.001,6,12,1143,4614,578,574,39.5333,6,140,15,1760978812
0.001,5,10,1003,4049,563,559,38.5333,6,141,15,1760978812
0.003,6,12,1394,5111,587,581,40.1333,7,142,15,1760978812
0.003,8,16,1582,5936,606,602,41.4,8,143,15,1760978812
0.001,6,12,1367,5156,591,589,40.4,6,144,15,1760978812
0.001,5,10,1242,4644,576,574,39.4,5,145,15,1760978812
0.002,5,10,1208,4515,561,559,38.4,5,146,15,1760978812
0.001,5,10,1175,4382,546,544,37.4,5,147,15,1760978812
0.002,5,10,1147,4275,531,529,36.4,5,148,15,1760978812
0.001,5,10,1118,4155,516,514,35.4,5,149,15,1760978812
0,5,10,1091,4044,501,499,34.4,5,150,15,1760978812
0.001,8,16,1478,5570,545,543,37.3333,8,151,15,1760978812
0.005,7,14,1327,4980,530,528,36.3333,7,152,15,1760978812
0.001,9,18,1924,6376,550,544,37.6667,9,153,15,1760978812
0.002,9,18,1843,6114,535,529,36.6667,9,154,15,1760978812
0,9,18,1771,5881,520,514,35.6667,9,155,15,1760978812
0.002,9,18,1875,6388,579,573,39.6,9,156,15,1760978812
0.005,9,18,1804,6200,564,558,38.6,9,157,15,1760978812
0.003,9,18,1734,5985,549,543,37.6,9,158,15,1760978812
0,9,18,2127,6793,571,565,39.0667,7,159,15,1760978812
0.008,9,18,2259,7521,599,593,40.9333,7,160,15,1760978812
0.001,9,18,2099,7219,584,578,39.9333,7,161,15,1760978812
0.004,8,16,1851,6559,569,563,38.9333,6,162,15,1760978812
0.002,8,16,1863,6685,593,587,40.5333,6,163,15,1760978812
0.003,8,16,1814,6529,578,572,39.5333,6,164,15,1760978812
0.003,8,16,1781,6320,575,569,39.3333,6,165,15,1760978812
0.002,8,16,1723,6153,560,554,38.3333,6,166,15,1760978812
0.001,8,16,1755,6338,598,592,40.8667,6,167,15,1760978812
0.002,8,16,1701,6174,583,577,39.8667,6,168,15,1760978812
0.005,8,16,1799,6500,600,594,41,6,169,15,1760978812
0.005,9,18,2021,7475,626,620,42.7333,7,170,15,1760978812
0.003,10,20,2474,8315,613,605,41.8667,9,171,15,1760978812
0.005,8,16,1706,6373,596,590,40.7333,9,172,15,1760978812
0.004,8,16,1724,6266,581,575,39.7333,9,173,15,1760978812
0.002,7,14,1529,5575,566,560,38.7333,8,174,15,1760978812
0.002,6,12,1226,4936,551,547,37.7333,8,175,15,1760978812
0.002,6,12,1238,4994,559,555,38.2667,8,176,15,1760978812
0.002,6,12,1199,4858,544,540,37.2667,8,177,15,1760978812
0.002,6,12,1166,4735,529,525,36.2667,8,178,15,1760978812
0.002,7,14,1311,5345,574,570,39.2667,9,179,15,1760978812
0.004,7,14,1434,5568,575,571,39.3333,9,180,15,1760978812
0,7,14,1405,5477,573,569,39.2,9,181,15,1760978812
0.004,6,12,1275,4971,558,554,38.2,7,182,15,1760978812
0.003,6,12,1238,4846,545,541,37.3333,7,183,15,1760978812
0.005,6,12,1281,5034,542,540,37.1333,6,184,15,1760978812
0.001,5,10,1159,4545,527,525,36.1333,5,185,15,1760978812
0,5,10,1122,4405,512,510,35.1333,5,186,15,1760978812
0.001,5,10,1135,4487,520,518,35.6667,5,187,15,1760978812
0.002,5,11,1642,5406,537,534,36.8,5,188,15,1760978812
0.004,6,13,1682,5565,534,530,36.6,6,189,15,1760978812
0.003,6,13,1989,6256,556,552,38.0667,6,190,15,1760978812
0.003,6,13,1935,6107,541,537,37.0667,6,191,15,1760978812
0.003,6,13,1694,5653,526,522,36.0667,6,192,15,1760978812
0.003,8,16,2702,8311,590,585,40.3333,7,193,15,1760978812
0.005,8,16,2621,8106,575,570,39.3333,7,194,15,1760978812
0.003,10,20,3449,9906,632,626,43.1333,11,195,15,1760978812
0.006,10,20,3327,9638,617,611,42.1333,11,196,15,1760978812
0.003,8,16,3208,8823,611,604,41.7333,9,197,15,1760978812
0.005,8,16,3905,10179,613,604,41.8667,10,198,15,1760978812
0.007,8,16,3822,9971,598,589,40.8667,10,199,15,1760978812
0.004,8,16,3751,9777,583,574,39.8667,10,200,15,1760978812
0.001,8,16,3667,9560,568,559,38.8667,10,201,15,1760978812
0.01,8,16,3593,9356,553,544,37.8667,10,202,15,1760978812
0.003,10,20,4154,11076,552,546,37.8,11,203,15,1760978812
0.004,10,20,3982,10716,543,537,37.2,11,204,15,1760978812
0.007,10,20,3971,10870,579,573,39.6,11,205,15,1760978812
0.006,10,20,3817,10562,564,558,38.6,11,206,15,1760978812
0.006,11,22,3811,10990,604,598,41.2667,11,207,15,1760978812
0.008,11,22,3630,10577,603,597,41.2,11,208,15,1760978812
0.006,11,22,3572,10537,621,615,42.4,11,209,15,1760978812
0.005,11,22,3393,10162,606,600,41.4,11,210,15,1760978812
0.005,10,20,3211,9827,623,618,42.5333,11,211,15,1760978812
0.006,10,20,2979,9308,608,603,41.5333,11,212,15,1760978812
0.004,10,20,2836,8960,593,588,40.5333,11,213,15,1760978812
0.009,9,19,4262,10753,584,573,39.9333,8,214,15,1760978812
0.006,9,19,4034,10355,569,558,38.9333,8,215,15,1760978812
0.005,9,19,3748,9846,554,543,37.9333,8,216,15,1760978812
0.005,7,15,2964,7835,551,542,37.7333,10,217,15,1760978812
0.003,6,13,2720,7123,536,527,36.7333,9,218,15,1760978812
0.002,6,13,2608,6892,521,512,35.7333,9,219,15,1760978812
0.002,6,13,2466,6567,506,497,34.7333,9,220,15,1760978812
0.005,10,20,4058,10463,551,545,37.7333,11,221,15,1760978812
0.003,9,18,3846,9813,536,530,36.7333,8,222,15,1760978812
0.004,10,20,4101,10866,590,582,40.3333,9,223,15,1760978812
0.001,10,20,3843,10436,575,567,39.3333,9,224,15,1760978812
0.008,9,18,3663,10022,579,571,39.6,8,225,15,1760978812
0.007,8,16,3297,8895,564,557,38.6,8,226,15,1760978812
0.001,7,14,2015,6584,549,544,37.6,7,227,15,1760978812
0.004,8,16,2676,7736,570,561,39,8,228,15,1760978812
0,8,16,2594,7516,555,546,38,8,229,15,1760978812
0.003,9,18,2560,7558,549,540,37.6,9,230,15,1760978812
0,9,18,2442,7235,534,525,36.6,9,231,15,1760978812
0.004,9,18,2316,6897,519,510,35.6,9,232,15,1760978812
0.002,9,18,2254,6739,523,514,35.8667,9,233,15,1760978812
0.004,9,18,2130,6436,508,499,34.8667,9,234,15,1760978812
0.006,9,19,2486,7450,561,553,38.4,10,235,15,1760978812
0.001,8,17,2360,7029,546,538,37.4,9,236,15,1760978812
0.001,8,17,2281,6816,531,523,36.4,9,237,15,1760978812
0.004,8,17,2138,6530,516,508,35.4,9,238,15,1760978812
0.003,7,15,1931,5822,535,527,36.6667,8,239,15,1760978812
0.006,8,16,3185,8084,550,538,37.6667,9,240,15,1760978812
0.004,8,16,3109,7959,556,544,38.0667,9,241,15,1760978812
0.006,10,20,3999,10305,567,552,38.8,10,242,15,1760978812
0.007,11,22,4599,11677,584,569,39.9333,11,243,15,1760978812
0.009,11,22,4455,11371,569,554,38.9333,11,244,15,1760978812
0.001,11,22,3716,9969,582,567,39.8,11,245,15,1760978812
0.009,11,22,3625,9853,579,564,39.6,11,246,15,1760978812
0.006,12,24,3677,10343,603,588,41.2,13,247,15,1760978812
0.004,12,24,3523,10001,588,573,40.2,13,248,15,1760978812
0.006,12,24,3362,9648,573,558,39.2,13,249,15,1760978812
0.006,12,24,3233,9346,558,543,38.2,13,250,15,1760978812
0.007,12,24,3059,8932,543,528,37.2,13,251,15,1760978812
0.001,11,22,2842,8345,528,513,36.2,12,252,15,1760978812
0.009,11,22,3026,8647,514,500,35.2667,10,253,15,1760978812
0.004,11,22,2885,8320,499,485,34.2667,10,254,15,1760978812
0.004,11,22,2839,8229,504,490,34.6,10,255,15,1760978812
0.002,10,20,2882,8249,520,506,35.6667,9,256,15,1760978812
0.009,10,20,2785,8009,505,491,34.6667,9,257,15,1760978812
0.004,10,20,3054,8398,513,497,35.2,10,258,15,1760978812
0.007,10,20,2817,8279,539,523,36.9333,11,259,15,1760978812
0,8,16,1952,6363,523,510,35.8667,12,260,15,1760978812
0.003,5,10,1486,4742,508,497,34.8667,6,261,15,1760978812
0,5,10,1408,4541,493,482,33.8667,6,262,15,1760978812
0.004,5,10,1329,4312,478,467,32.8667,6,263,15,1760978812
0.003,6,12,1570,5081,503,490,34.5333,7,264,15,1760978812
0.004,5,11,1500,5023,532,519,36.4667,8,265,15,1760978812
0.003,5,11,1436,4898,537,524,36.8,8,266,15,1760978812
0.002,5,11,1440,5022,558,546,38.2,8,267,15,1760978812
0.004,5,10,1452,4941,576,564,39.4,7,268,15,1760978812
0.002,5,11,1489,5066,561,549,38.4,7,269,15,1760978812
0,5,10,1336,4593,546,534,37.4,7,270,15,1760978812
0,5,11,1467,5146,579,567,39.6,7,271,15,1760978812
0.001,5,10,1307,4720,577,565,39.4667,7,272,15,1760978812
0.002,6,12,1425,5259,600,588,41,8,273,15,1760978812
0.001,7,14,1548,5723,601,587,41.0667,9,274,15,1760978812
0.001,7,14,1488,5552,586,573,40.0667,9,275,15,1760978812
0.005,6,12,1371,5109,571,560,39.0667,9,276,15,1760978812
0.001,6,12,1327,4966,556,545,38.0667,9,277,15,1760978812
0,6,12,1284,4811,541,530,37.0667,9,278,15,1760978812
0,6,12,1265,4801,542,531,37.1333,9,279,15,1760978812
0.001,6,12,1249,4794,543,532,37.2,9,280,15,1760978812
0.002,6,12,1205,4643,528,517,36.2,9,281,15,1760978812
0.002,6,12,1155,4489,513,502,35.2,9,282,15,1760978812
0,6,12,1099,4312,498,487,34.2,9,283,15,1760978812
0.002,7,14,1236,4916,503,494,34.5333,10,284,15,1760978812
0.001,7,14,1245,4984,514,505,35.2667,11,285,15,1760978812
0.002,7,14,1191,4813,499,490,34.2667,11,286,15,1760978812
0.003,9,18,2153,7662,562,553,38.4667,11,287,15,1760978812
0.004,8,16,2542,8145,577,569,39.4667,9,288,15,1760978812
0.004,8,16,2437,7839,562,554,38.4667,9,289,15,1760978812
0.003,8,16,2373,7643,547,539,37.4667,9,290,15,1760978812
0.003,8,16,2318,7465,532,524,36.4667,9,291,15,1760978812
0.004,8,16,2349,7656,531,523,36.4,9,292,15,1760978812
0,8,16,2296,7489,516,508,35.4,9,293,15,1760978812
0,11,22,2556,8964,548,542,37.5333,10,294,15,1760978812
0.004,12,24,2995,10231,582,576,39.8,11,295,15,1760978812
0.003,13,26,3219,10981,587,581,40.1333,13,296,15,1760978812
0.006,12,24,2615,9181,572,566,39.1333,12,297,15,1760978812
0.006,12,24,2513,8865,557,551,38.1333,12,298,15,1760978812
0.002,12,24,2397,8567,542,536,37.1333,12,299,15,1760978812
0.005,12,24,2400,8580,560,554,38.3333,11,300,15,1760978812
0.005,12,25,2603,9180,564,560,38.6,13,301,15,1760978812
0.003,12,25,2333,8228,549,546,37.6,13,302,15,1760978812
0.005,11,23,2181,7663,541,538,37.0667,13,303,15,1760978812
0.004,11,23,2066,7336,526,523,36.0667,13,304,15,1760978812
0.003,12,24,2168,7440,555,549,38,13,305,15,1760978812
0.003,12,24,2056,7131,540,534,37,13,306,15,1760978812
0.007,11,22,1916,6701,541,535,37.0667,12,307,15,1760978812
0.002,11,22,1787,6363,526,520,36.0667,12,308,15,1760978812
0,10,20,1577,5715,511,505,35.0667,11,309,15,1760978812
0.01,10,20,1693,6158,564,558,38.6,11,310,15,1760978812
0.001,10,20,1615,5925,549,543,37.6,11,311,15,1760978812
0.002,10,20,1557,5736,534,528,36.6,11,312,15,1760978812
0.002,10,20,1486,5529,519,513,35.6,11,313,15,1760978812
0.003,10,20,1497,5672,548,542,37.5333,11,314,15,1760978812
0.002,10,20,1438,5493,533,528,36.5333,11,315,15,1760978812
0.003,9,18,1382,5327,571,568,39.0667,10,316,15,1760978812
0.002,9,18,1329,5143,556,553,38.0667,10,317,15,1760978812
0,9,18,1290,4982,541,538,37.0667,10,318,15,1760978812
0.003,9,18,1248,4835,526,523,36.0667,10,319,15,1760978812
0.002,8,16,1180,4582,524,521,35.9333,9,320,15,1760978812
0.002,7,14,1155,4505,550,547,37.6667,8,321,15,1760978812
0.002,7,14,1116,4354,535,532,36.6667,8,322,15,1760978812
0.003,7,15,1219,4814,549,548,37.6,8,323,15,1760978812
0.002,8,16,1324,5104,562,559,38.4667,9,324,15,1760978812
0,7,14,1256,4881,547,544,37.4667,8,325,15,1760978812
0.001,6,12,1056,4161,532,529,36.4667,7,326,15,1760978812
0,5,10,979,3885,517,514,35.4667,6,327,15,1760978812
0.003,10,21,2809,8633,596,587,40.7333,11,328,15,1760978812
0.005,10,21,2741,8427,581,572,39.7333,11,329,15,1760978812
0.004,9,19,2576,7825,566,558,38.7333,10,330,15,1760978812
0.004,9,19,2513,7649,551,543,37.7333,10,331,15,1760978812
0.005,10,20,4180,11110,557,550,38.1333,10,332,15,1760978812
0.006,10,20,4072,10793,542,535,37.1333,10,333,15,1760978812
0.01,11,22,5787,13056,527,520,36.1333,11,334,15,1760978812
0.012,12,24,8064,16682,536,525,36.7333,16,335,15,1760978812
0.009,10,20,6343,14382,521,511,35.7333,13,336,15,1760978812
0.006,10,20,6096,13770,506,496,34.7333,13,337,15,1760978812
0.007,10,20,6254,14296,550,538,37.6667,12,338,15,1760978812
0.011,10,20,6325,14485,558,546,38.2,13,339,15,1760978812
0.007,10,20,5705,13436,543,531,37.2,13,340,15,1760978812
0.008,14,28,8179,18629,624,603,42.6,15,341,15,1760978812
0.009,13,26,6361,15337,605,588,41.3333,15,342,15,1760978812
0.008,14,28,7288,16911,594,573,40.6,14,343,15,1760978812
0.007,13,26,5033,12662,594,577,40.6,12,344,15,1760978812
0.008,16,33,8402,19247,630,607,43,14,345,15,1760978812
0.005,15,31,7195,17076,626,603,42.7333,13,346,15,1760978812
0.016,17,34,7388,18387,662,638,45.1333,14,347,15,1760978812
0.011,18,36,7615,19167,665,641,45.3333,14,348,15,1760978812
0.009,18,36,7187,18305,650,626,44.3333,14,349,15,1760978812
0.008,18,36,6550,17115,635,611,43.3333,14,350,15,1760978812
0.009,18,36,6452,17098,620,596,42.3333,14,351,15,1760978812
0.007,18,36,6073,16246,605,582,41.3333,14,352,15,1760978812
0.009,17,34,5708,15219,612,594,41.8,13,353,15,1760978812
0.007,16,32,5543,14577,597,580,40.8,11,354,15,1760978812
0.011,16,32,5290,14005,582,565,39.8,11,355,15,1760978812
0.008,16,32,4930,13237,567,550,38.8,11,356,15,1760978812
0.004,12,24,3416,9477,552,537,37.8,12,357,15,1760978812
0.01,16,32,5598,14065,569,551,38.9333,15,358,15,1760978812
0.008,15,30,4763,12529,554,536,37.9333,15,359,15,1760978812
0.007,16,32,5049,13066,539,523,36.9333,15,360,15,1760978812
0.008,15,30,4636,12620,541,525,37.0667,14,361,15,1760978812
0.009,14,28,4290,11910,550,534,37.6667,14,362,15,1760978812
0.003,14,28,3946,11367,539,523,36.9333,14,363,15,1760978812
0.007,13,26,3432,9987,563,547,38.5333,12,364,15,1760978812
0.005,13,26,3327,9940,574,558,39.2667,12,365,15,1760978812
0.006,13,26,3212,9917,583,567,39.8667,12,366,15,1760978812
0.006,13,26,2986,9775,583,566,39.8667,12,367,15,1760978812
0.006,13,26,2784,9326,568,551,38.8667,12,368,15,1760978812
0.004,14,28,2782,9649,594,577,40.6,13,369,15,1760978812
0.008,19,38,5368,15804,719,691,48.9333,18,370,15,1760978812
0.011,18,36,4874,14587,704,677,47.9333,18,371,15,1760978812
0.007,17,34,4847,14740,691,664,47.0667,18,372,15,1760978812
0.007,16,32,4704,14424,674,650,45.9333,18,373,15,1760978812
0.006,14,28,4500,12975,659,640,44.9333,14,374,15,1760978812
0.009,13,26,4044,11571,644,625,43.9333,13,375,15,1760978812
0.002,13,26,3808,11017,629,610,42.9333,13,376,15,1760978812
0.008,13,26,3687,10808,614,597,41.9333,13,377,15,1760978812
0.004,11,22,3418,9975,599,582,40.9333,11,378,15,1760978812
0.007,9,18,2932,8425,583,569,39.8667,10,379,15,1760978812
0.004,9,18,3160,9491,568,556,38.8667,10,380,15,1760978812
0,10,20,4808,12425,625,613,42.6667,10,381,15,1760978812
0.012,10,20,4635,12082,610,598,41.6667,10,382,15,1760978812
0.009,10,20,4402,11647,595,583,40.6667,10,383,15,1760978812
0.007,10,20,3849,10191,593,582,40.5333,11,384,15,1760978812
0.005,12,24,4160,11133,608,593,41.5333,13,385,15,1760978812
0.003,12,24,3497,9888,593,578,40.5333,13,386,15,1760978812
0.004,12,24,3275,9466,578,563,39.5333,13,387,15,1760978812
0.003,10,20,2634,7771,589,575,40.2667,12,388,15,1760978812
0.005,10,20,2735,7998,616,602,42.0667,13,389,15,1760978812
0.003,11,23,2586,8131,620,608,42.3333,15,390,15,1760978812
0.004,11,23,2522,8048,624,612,42.6,15,391,15,1760978812
0.004,11,23,2390,7762,609,599,41.6,16,392,15,1760978812
0.005,10,20,2395,7515,596,588,40.7333,16,393,15,1760978812
0.004,9,19,2153,7023,600,594,41,16,394,15,1760978812
0.002,8,16,1990,6532,635,629,43.3333,15,395,15,1760978812
0.005,8,16,1891,6314,620,614,42.3333,15,396,15,1760978812
0.002,8,16,1780,6059,605,599,41.3333,15,397,15,1760978812
0.004,8,16,1716,5867,590,584,40.3333,15,398,15,1760978812
0.001,8,16,1653,5687,575,569,39.3333,15,399,15,1760978812
0.004,11,22,2460,7829,588,576,40.2,16,400,15,1760978812
0.005,12,25,3101,9246,598,581,40.8667,16,401,15,1760978812
0.005,12,25,3040,9170,598,581,40.8667,16,402,15,1760978812
0.003,12,25,2933,8908,583,566,39.8667,16,403,15,1760978812
0.003,11,23,2750,8413,593,578,40.5333,15,404,15,1760978812
0,10,21,2605,7921,578,563,39.5333,14,405,15,1760978812
0.01,10,21,2500,7646,563,548,38.5333,14,406,15,1760978812
0.007,17,34,4272,13234,648,631,44.2,19,407,15,1760978812
0.004,17,34,4113,12841,633,616,43.2,19,408,15,1760978812
0.009,16,33,4102,12336,622,603,42.4667,17,409,15,1760978812
0.006,16,33,3951,11962,607,588,41.4667,17,410,15,1760978812
0.007,15,31,3901,11146,587,573,40.1333,14,411,15,1760978812
0.005,15,31,3964,11353,616,602,42.0667,14,412,15,1760978812
0.006,15,31,3799,10917,601,587,41.0667,14,413,15,1760978812
0.007,18,36,5453,14736,618,602,42.2,18,414,15,1760978812
0.007,20,40,5877,16192,641,625,43.7333,20,415,15,1760978812
0.01,19,38,5560,15404,626,610,42.7333,17,416,15,1760978812
0.009,19,39,7728,19634,619,601,42.2667,17,417,15,1760978812
0.012,19,39,7435,19050,604,586,41.2667,17,418,15,1760978812
0.011,19,38,8377,20413,631,603,43.0667,20,419,15,1760978812
0.009,19,38,7816,19450,616,588,42.0667,20,420,15,1760978812
0.014,20,40,7598,19804,627,598,42.8,22,421,15,1760978812
0.016,24,48,9543,24768,640,616,43.6667,21,422,15,1760978812
0.012,23,46,8431,22675,623,604,42.5333,24,423,15,1760978812
0.009,20,41,6999,20300,609,591,41.6,24,424,15,1760978812
0.011,19,39,6669,19245,599,581,40.9333,23,425,15,1760978812
0.001,19,38,5192,15339,585,566,40,23,426,15,1760978812
0.007,20,40,5298,16147,613,593,41.8667,24,427,15,1760978812
0.008,20,41,5112,15713,625,607,42.6667,25,428,15,1760978812
0.007,20,41,4604,14599,610,592,41.6667,25,429,15,1760978812
0.008,20,41,4258,13837,595,577,40.6667,25,430,15,1760978812
0.008,21,43,4837,15520,615,600,42,23,431,15,1760978812
0.005,18,37,4084,13354,600,589,41,22,432,15,1760978812
0.011,17,35,3541,11636,585,574,40,21,433,15,1760978812
0.004,16,33,3229,10797,570,559,39,20,434,15,1760978812
0.006,16,33,3316,11209,591,580,40.4,21,435,15,1760978812
0.007,23,46,6153,18116,609,593,41.6,25,436,15,1760978812
0.008,19,38,4885,14528,595,580,40.6667,23,437,15,1760978812
0.003,19,38,4065,12902,580,567,39.6667,22,438,15,1760978812
0.003,18,36,3751,11951,565,552,38.6667,20,439,15,1760978812
0.006,18,36,3710,11989,583,570,39.8667,20,440,15,1760978812
0.006,16,32,3182,10470,568,557,38.8667,19,441,15,1760978812
0.006,16,32,3416,11290,569,557,38.9333,15,442,15,1760978812
0.008,17,34,4637,13503,582,564,39.8,16,443,15,1760978812
0.006,16,32,4540,13362,589,572,40.2667,17,444,15,1760978812
0.004,14,28,5675,14855,574,559,39.2667,16,445,15,1760978812
0.008,14,28,5286,14068,559,544,38.2667,16,446,15,1760978812
0.006,14,28,4854,13327,607,592,41.4667,16,447,15,1760978812
0.008,16,32,5591,14911,622,605,42.4667,15,448,15,1760978812
0.005,14,29,4026,11740,609,590,41.6,14,449,15,1760978812
0.003,14,29,3878,11293,594,575,40.6,14,450,15,1760978812
0.009,14,29,3744,10958,579,560,39.6,14,451,15,1760978812
0.005,14,29,3613,10682,571,552,39.0667,14,452,15,1760978812
0.007,14,29,3442,10291,556,537,38.0667,14,453,15,1760978812
0.007,16,32,5313,14572,627,605,42.8,14,454,15,1760978812
0.009,14,28,4991,13220,638,616,43.5333,13,455,15,1760978812
0,14,28,4641,12642,623,601,42.5333,13,456,15,1760978812
0.012,15,30,5849,14532,608,586,41.5333,13,457,15,1760978812
0.011,16,32,5458,14588,612,594,41.8,12,458,15,1760978812
0.007,15,30,5026,13541,606,588,41.4,12,459,15,1760978812
0.007,14,28,4999,13793,666,648,45.4,12,460,15,1760978812
0.009,13,26,4573,12545,651,633,44.4,11,461,15,1760978812
0.007,13,26,4296,11976,636,618,43.4,11,462,15,1760978812
0,12,24,4085,11315,636,618,43.4,10,463,15,1760978812
0.01,12,24,3967,11024,621,603,42.4,10,464,15,1760978812
0.004,12,24,3817,10679,606,588,41.4,10,465,15,1760978812
0.009,11,22,3620,10106,591,575,40.4,9,466,15,1760978812
0.002,11,22,3497,9820,576,560,39.4,9,467,15,1760978812
0.005,10,20,3273,9149,561,547,38.4,8,468,15,1760978812
0.004,10,20,3171,8939,561,547,38.4,8,469,15,1760978812
0.002,10,20,3102,8991,572,560,39.1333,7,470,15,1760978812
0.006,9,18,2960,8371,557,545,38.1333,7,471,15,1760978812
0.006,8,17,2726,7964,564,552,38.6,8,472,15,1760978812
0.003,7,15,2574,7414,567,556,38.8,7,473,15,1760978812
0.001,7,15,2471,7184,552,541,37.8,7,474,15,1760978812
0.005,7,15,2486,7516,572,561,39.1333,7,475,15,1760978812
0.005,10,20,2790,8483,581,568,39.7333,10,476,15,1760978812
0.002,10,20,2660,8197,566,553,38.7333,10,477,15,1760978812
0.004,10,20,2549,7943,551,538,37.7333,10,478,15,1760978812
0.003,12,24,3010,9150,554,538,37.9333,11,479,15,1760978812
0.004,11,22,2796,8442,539,524,36.9333,10,480,15,1760978812
0.005,11,23,3083,9223,544,530,37.2667,10,481,15,1760978812
0.005,11,23,2975,9011,542,528,37.1333,10,482,15,1760978812
0,12,25,2974,9245,564,549,38.6,10,483,15,1760978812
0.004,12,25,2862,8960,557,542,38.1333,10,484,15,1760978812
0.004,12,24,3317,9943,585,570,40,9,485,15,1760978812
0.008,12,24,3276,10251,606,591,41.4,9,486,15,1760978812
0.005,11,22,2964,9473,591,578,40.4,9,487,15,1760978812
0.007,11,22,2687,8967,576,563,39.4,9,488,15,1760978812
0.004,10,20,2021,7471,565,552,38.6667,9,489,15,1760978812
0.002,8,17,1567,6073,546,539,37.4,8,490,15,1760978812
0.005,6,13,1254,4926,544,537,37.2667,6,491,15,1760978812
0.002,6,13,1205,4764,529,522,36.2667,6,492,15,1760978812
0.002,6,13,1162,4621,514,507,35.2667,6,493,15,1760978812
0.003,6,13,1146,4610,513,506,35.2,6,494,15,1760978812
0.002,7,14,1143,4637,515,508,35.3333,7,495,15,1760978812
0.001,9,18,1524,5728,531,520,36.4,9,496,15,1760978812
0.004,8,16,1439,5414,535,526,36.6667,8,497,15,1760978812
0.003,8,16,1461,5537,555,548,38,8,498,15,1760978812
0.001,8,16,1458,5421,568,559,38.8667,8,499,15,1760978812
0.003,9,18,1536,5701,553,544,37.8667,8,500,15,1760978812
0.003,9,18,1493,5527,538,529,36.8667,8,501,15,1760978812
0.005,9,18,1443,5365,523,514,35.8667,8,502,15,1760978812
0.002,8,16,1286,4812,508,499,34.8667,8,503,15,1760978812
0.001,7,14,1172,4354,493,486,33.8667,7,504,15,1760978812
0.001,7,14,1319,4836,515,509,35.3333,7,505,15,1760978812
0.001,6,12,1212,4453,500,494,34.3333,6,506,15,1760978812
0.002,6,12,1174,4310,485,479,33.3333,6,507,15,1760978812
0.002,7,14,1223,4485,470,464,32.3333,6,508,15,1760978812
0.003,9,18,2008,6472,508,501,34.8667,8,509,15,1760978812
0,9,18,2201,7060,546,539,37.4,10,510,15,1760978812
0.002,7,14,1949,6089,531,524,36.4,8,511,15,1760978812
0.006,8,17,2571,7898,551,542,37.7333,9,512,15,1760978812
0.006,9,19,2707,8490,562,553,38.4667,10,513,15,1760978812
0.006,10,20,3507,10196,593,584,40.5333,12,514,15,1760978812
0.002,10,20,3385,9897,578,569,39.5333,12,515,15,1760978812
0.003,10,21,2662,8596,563,554,38.5333,12,516,15,1760978812
0.004,10,20,3097,9111,548,539,37.5333,12,517,15,1760978812
0.002,11,23,2634,8667,555,546,38,13,518,15,1760978812
0.004,12,25,2639,8795,559,550,38.2667,13,519,15,1760978812
0.007,12,25,2570,8669,557,548,38.1333,14,520,15,1760978812
0.002,11,23,2430,8146,546,537,37.4,14,521,15,1760978812
0,12,24,2628,8349,531,522,36.4,14,522,15,1760978812
0.009,12,24,2561,8431,544,537,37.2667,15,523,15,1760978812
0.006,12,24,2581,8491,561,554,38.4,15,524,15,1760978812
0.005,12,24,2491,8236,546,539,37.4,15,525,15,1760978812
0,12,24,2422,8033,531,524,36.4,15,526,15,1760978812
0.004,12,24,2608,8776,598,589,40.8667,16,527,15,1760978812
0.003,12,24,2534,8553,583,574,39.8667,16,528,15,1760978812
0.003,12,24,2445,8304,568,559,38.8667,16,529,15,1760978812
0.007,15,31,5298,15410,624,610,42.6,21,530,15,1760978812
0.009,15,31,5233,15337,609,595,41.6,21,531,15,1760978812
0.007,13,27,4260,13000,605,593,41.3333,19,532,15,1760978812
0.007,13,27,4125,12674,590,578,40.3333,19,533,15,1760978812
0.009,17,34,6500,17976,657,639,44.8,21,534,15,1760978812
0.007,17,34,5881,16563,642,624,43.8,21,535,15,1760978812
0,16,32,4634,13610,626,610,42.7333,18,536,15,1760978812
0.015,16,32,4979,14211,634,616,43.2667,18,537,15,1760978812
0.008,16,32,6235,17065,633,612,43.2,17,538,15,1760978812
0.008,14,28,5500,14437,618,599,42.2,15,539,15,1760978812
0.01,13,26,6213,15757,637,616,43.4667,14,540,15,1760978812
0.008,16,32,6562,16749,626,601,42.7333,12,541,15,1760978812
0.008,15,30,5607,14353,611,586,41.7333,12,542,15,1760978812
0.006,12,24,4620,12063,590,571,40.3333,12,543,15,1760978812
0.006,12,24,4576,12000,589,570,40.2667,11,544,15,1760978812
0.004,12,24,3260,9755,591,572,40.4,11,545,15,1760978812
0,12,24,3187,9513,576,557,39.4,11,546,15,1760978812
0.012,12,24,3193,9523,591,572,40.4,11,547,15,1760978812
0,11,22,2926,8890,576,558,39.4,10,548,15,1760978812
0.01,11,22,2860,8600,561,543,38.4,10,549,15,1760978812
0,10,20,2348,7456,546,529,37.4,10,550,15,1760978812
0.001,11,22,2736,8368,552,534,37.8,11,551,15,1760978812
0.003,11,22,2594,8170,553,535,37.8667,12,552,15,1760978812
0.003,13,26,2901,9366,583,565,39.8667,14,553,15,1760978812
0.007,13,26,2750,9022,568,550,38.8667,14,554,15,1760978812
0.004,12,24,2556,8414,553,537,37.8667,13,555,15,1760978812
0,11,22,2342,7641,538,522,36.8667,12,556,15,1760978812
0.004,10,21,2099,6895,547,533,37.4667,13,557,15,1760978812
0.003,13,26,3141,9251,560,543,38.3333,14,558,15,1760978812
0.003,12,24,2986,8784,545,528,37.3333,13,559,15,1760978812
0.005,12,24,2927,8801,558,541,38.2,13,560,15,1760978812
0,12,24,2808,8523,543,526,37.2,13,561,15,1760978812
0.006,12,24,2634,8162,528,511,36.2,13,562,15,1760978812
0.002,12,24,2454,7687,513,496,35.2,13,563,15,1760978812
0.003,12,24,2347,7405,498,482,34.2,14,564,15,1760978812
0.004,12,24,2344,7387,493,480,33.8667,13,565,15,1760978812
0.004,11,22,2238,7145,498,486,34.2,11,566,15,1760978812
0.002,10,20,1918,6310,520,510,35.6667,11,567,15,1760978812
0.005,9,18,1727,5653,511,501,35.0667,8,568,15,1760978812
0.004,13,26,3136,9202,547,533,37.4667,11,569,15,1760978812
0.004,12,24,2787,8240,532,518,36.4667,11,570,15,1760978812
0.002,12,24,2704,8390,586,572,40.0667,11,571,15,1760978812
0.004,11,22,2414,7673,571,557,39.0667,10,572,15,1760978812
0.003,11,22,2271,7302,561,547,38.4,10,573,15,1760978812
0.005,11,22,2163,7024,546,532,37.4,10,574,15,1760978812
0.005,14,28,2784,8572,550,534,37.6667,10,575,15,1760978812
0.007,13,26,2587,8001,535,521,36.6667,9,576,15,1760978812
0.005,13,26,2472,7716,520,506,35.6667,9,577,15,1760978812
0.004,14,29,2751,8995,553,539,37.8667,10,578,15,1760978812
0.003,13,27,2420,8233,538,525,36.8667,9,579,15,1760978812
0.006,13,27,2291,7912,526,513,36.0667,9,580,15,1760978812
0.001,11,22,1882,6594,521,511,35.7333,10,581,15,1760978812
0.001,10,20,1763,6216,506,498,34.7333,9,582,15,1760978812
0.001,10,20,1686,5980,491,483,33.7333,9,583,15,1760978812
0.005,10,20,1618,5763,476,468,32.7333,9,584,15,1760978812
0.004,8,16,1405,4961,461,455,31.7333,7,585,15,1760978812
0.004,8,16,1337,4747,446,440,30.7333,7,586,15,1760978812
0.004,8,16,1268,4548,431,425,29.7333,7,587,15,1760978812
0.004,8,16,1219,4370,416,410,28.7333,7,588,15,1760978812
0.003,8,16,1284,4856,443,437,30.5333,7,589,15,1760978812
0.002,9,18,1928,6124,492,483,33.8,7,590,15,1760978812
0.003,9,18,1858,5987,490,481,33.6667,9,591,15,1760978812
0.001,9,18,1694,5680,479,470,32.9333,8,592,15,1760978812
0.001,9,17,2297,7740,464,455,31.9333,8,593,15,1760978812
0.003,9,18,1739,5745,447,443,30.8,6,594,15,1760978812
0.003,8,16,2008,6245,463,458,31.8667,5,595,15,1760978812
0.002,10,20,2579,7379,487,478,33.4667,7,596,15,1760978812
0.009,10,20,2401,7004,472,463,32.4667,7,597,15,1760978812
0.002,8,16,1916,5622,473,466,32.5333,7,598,15,1760978812
0.005,8,16,1843,5425,458,451,31.5333,7,599,15,1760978812
0.006,11,23,3068,8799,498,486,34.2,10,600,15,1760978812
0.003,11,23,2978,8692,483,471,33.2,10,601,15,1760978812
0.002,11,23,2870,8492,490,478,33.6667,10,602,15,1760978812
0.004,11,23,2775,8387,504,492,34.6,10,603,15,1760978812
0.005,11,23,2602,7913,489,477,33.6,10,604,15,1760978812
0.004,11,23,2689,8133,474,462,32.6,10,605,15,1760978812
0.007,12,25,3312,9812,519,501,35.6,10,606,15,1760978812
0.004,12,25,3341,10256,524,506,35.9333,10,607,15,1760978812
0.006,12,25,3067,9331,509,491,34.9333,10,608,15,1760978812
0.004,12,25,2859,8879,494,476,33.9333,10,609,15,1760978812
0.002,12,24,2239,7004,474,461,32.6,11,610,15,1760978812
0.004,11,22,2099,6658,471,460,32.4,7,611,15,1760978812
0.004,11,22,2218,7298,555,544,38,9,612,15,1760978812
0.006,11,22,2117,7113,555,544,38,9,613,15,1760978812
0.002,11,22,2168,7525,596,585,40.7333,9,614,15,1760978812
0.002,11,22,2149,7685,619,608,42.2667,9,615,15,1760978812
0.005,10,20,2047,7506,649,639,44.2667,8,616,15,1760978812
0.005,9,18,1837,6825,634,625,43.2667,8,617,15,1760978812
0.004,11,22,2511,9060,699,692,47.6,11,618,15,1760978812
0.004,9,18,2184,7901,684,677,46.6,9,619,15,1760978812
0.001,9,18,2162,7985,669,662,45.6,9,620,15,1760978812
0,11,22,3366,12467,659,648,44.9333,9,621,15,1760978812
0.004,7,14,1745,6549,639,636,43.6,8,622,15,1760978812
0.003,9,18,1907,7449,644,640,43.9333,8,623,15,1760978812
0.003,9,18,1905,7446,653,649,44.5333,9,624,15,1760978812
0.001,8,16,2782,8332,638,634,43.5333,9,625,15,1760978812
0.005,8,16,2551,8392,690,688,47,11,626,15,1760978812
0.003,8,16,2255,7766,694,692,47.2667,13,627,15,1760978812
0.004,8,16,2210,7619,679,677,46.2667,13,628,15,1760978812
0.002,8,16,2160,7467,664,662,45.2667,13,629,15,1760978812
0.006,7,14,1993,6858,649,647,44.2667,12,630,15,1760978812
0.004,7,14,1944,6716,634,632,43.2667,12,631,15,1760978812
0.001,7,14,1925,6672,631,629,43.0667,12,632,15,1760978812
0.001,8,16,2150,7444,662,660,45.1333,14,633,15,1760978812
0.002,8,16,2100,7284,647,645,44.1333,14,634,15,1760978812
0.004,8,16,2038,7111,632,630,43.1333,14,635,15,1760978812
0.004,8,16,1981,6934,617,615,42.1333,14,636,15,1760978812
0.002,8,16,1920,6766,602,600,41.1333,14,637,15,1760978812
0.002,9,18,2092,7447,623,620,42.5333,15,638,15,1760978812
0.004,9,18,2025,7255,608,605,41.5333,15,639,15,1760978812
0.004,9,18,1985,7151,603,600,41.2,15,640,15,1760978812
0.002,9,18,2214,7504,600,595,41,16,641,15,1760978812
0.004,11,22,2581,8783,628,622,42.8667,17,642,15,1760978812
0.003,11,22,2467,8489,613,607,41.8667,17,643,15,1760978812
0.003,10,20,2097,7501,598,594,40.8667,16,644,15,1760978812
0.006,9,18,1957,6958,589,585,40.2667,15,645,15,1760978812
0.004,12,24,4146,11794,632,624,43.1333,16,646,15,1760978812
0.008,12,24,3980,11450,617,609,42.1333,16,647,15,1760978812
0.006,11,22,3732,10749,611,603,41.7333,13,648,15,1760978812
0.004,11,22,3462,10125,616,604,42.0667,9,649,15,1760978812
0,11,22,3390,9927,601,589,41.0667,9,650,15,1760978812
0.002,11,22,3300,9676,586,574,40.0667,9,651,15,1760978812
0.004,11,22,3229,9453,571,559,39.0667,9,652,15,1760978812
0.006,11,22,3151,9239,556,544,38.0667,9,653,15,1760978812
0.003,11,22,3062,9005,541,531,37.0667,8,654,15,1760978812
0.002,10,20,3042,9041,563,553,38.5333,7,655,15,1760978812
0.001,12,24,3532,10684,601,591,41.0667,8,656,15,1760978812
0.004,12,24,3396,10378,586,576,40.0667,8,657,15,1760978812
0.004,11,22,3147,9753,598,588,40.8667,8,658,15,1760978812
0.004,11,22,3037,9391,583,573,39.8667,8,659,15,1760978812
0.003,11,22,2998,9357,588,578,40.2,8,660,15,1760978812
0.005,10,20,2827,8782,573,563,39.2,7,661,15,1760978812
0.006,10,20,2751,8597,573,563,39.2,7,662,15,1760978812
0.001,10,20,2650,8272,558,548,38.2,7,663,15,1760978812
0,10,20,2754,8982,592,582,40.4667,7,664,15,1760978812
0.006,11,22,3811,11238,611,601,41.7333,8,665,15,1760978812
0.004,11,22,3373,10476,596,586,40.7333,8,666,15,1760978812
0.004,10,20,2995,9328,614,604,41.9333,7,667,15,1760978812
0.006,11,22,3492,10126,613,601,41.8667,8,668,15,1760978812
0.004,10,20,3312,9586,598,586,40.8667,7,669,15,1760978812
0.009,17,34,6154,17826,666,650,45.4,13,670,15,1760978812
0.01,16,32,5877,17097,651,635,44.4,14,671,15,1760978812
0.005,13,26,4344,13474,677,663,46.1333,13,672,15,1760978812
0.007,13,26,4204,13097,662,648,45.1333,13,673,15,1760978812
0.006,14,28,4080,12970,647,633,44.1333,14,674,15,1760978812
0.007,14,28,3875,12517,632,618,43.1333,14,675,15,1760978812
0.005,14,28,3658,12035,617,603,42.1333,14,676,15,1760978812
0.005,14,28,3511,11696,628,614,42.8667,14,677,15,1760978812
0.004,13,26,2921,9741,613,599,41.8667,12,678,15,1760978812
0.006,13,26,2769,9370,598,584,40.8667,12,679,15,1760978812
0.001,14,28,3128,10503,634,618,43.2667,13,680,15,1760978812
0.012,17,34,5078,14950,685,664,46.6667,16,681,15,1760978812
0.007,17,34,4805,14489,692,671,47.1333,16,682,15,1760978812
0.007,17,34,4421,13820,677,656,46.1333,16,683,15,1760978812
0.008,16,32,4579,13561,683,663,46.5333,17,684,15,1760978812
0,15,30,4261,12715,668,650,45.5333,16,685,15,1760978812
0.009,13,26,3902,11539,653,637,44.5333,14,686,15,1760978812
0.012,13,26,4206,12351,638,622,43.5333,13,687,15,1760978812
0.004,13,26,4052,12037,636,620,43.4,13,688,15,1760978812
0.006,13,26,3951,11945,621,605,42.4,13,689,15,1760978812
0.01,15,28,7441,22302,645,625,44,14,690,15,1760978812
0.004,13,26,3254,11084,623,612,42.5333,13,691,15,1760978812
0.011,13,26,3606,11683,625,614,42.6667,12,692,15,1760978812
0.006,13,26,3465,11309,610,601,41.6667,12,693,15,1760978812
0.006,12,24,3664,11942,627,616,42.8,12,694,15,1760978812
0.007,11,22,3780,12181,642,631,43.8,11,695,15,1760978812
0.008,14,28,5230,15632,656,645,44.7333,13,696,15,1760978812
0.013,18,36,10600,23777,681,661,46.4,14,697,15,1760978812
0.013,18,36,10253,23132,679,662,46.2667,14,698,15,1760978812
0.01,14,29,8503,19892,668,647,45.5333,13,699,15,1760978812
0.012,14,29,8199,19288,653,632,44.5333,13,700,15,1760978812
0.01,14,29,8044,18963,638,617,43.5333,13,701,15,1760978812
0.011,14,29,8122,19556,666,645,45.4,13,702,15,1760978812
0.007,14,29,8231,19681,675,652,46,15,703,15,1760978812
0.009,14,29,7960,19211,660,637,45,15,704,15,1760978812
0.013,14,29,7552,18512,645,622,44,15,705,15,1760978812
0.009,14,28,5604,14724,622,608,42.4667,14,706,15,1760978812
0.005,12,24,4325,12248,607,593,41.4667,14,707,15,1760978812
0.006,12,24,4500,12300,592,578,40.4667,14,708,15,1760978812
0.014,16,32,9174,19955,604,582,41.2667,16,709,15,1760978812
0.01,17,34,8287,19410,631,607,43.0667,19,710,15,1760978812
0.011,17,34,7972,18721,614,592,41.9333,19,711,15,1760978812
0.011,19,38,8200,19607,626,599,42.7333,21,712,15,1760978812
0.011,18,36,7651,18746,641,616,43.7333,21,713,15,1760978812
0.009,18,36,7234,17838,626,601,42.7333,21,714,15,1760978812
0.014,21,42,12593,27812,618,586,42.2,21,715,15,1760978812
0.016,21,42,12091,26924,603,571,41.2,21,716,15,1760978812
0.011,18,36,8241,19456,651,624,44.4,24,717,15,1760978812
0.019,24,49,15211,33923,663,628,45.2,25,718,15,1760978812
0.005,19,38,7577,18355,641,613,43.7333,23,719,15,1760978812
0.026,24,48,14157,32102,634,598,43.2667,22,720,15,1760978812
0.016,23,47,12113,28673,617,583,42.1333,24,721,15,1760978812
0.021,22,45,11155,26981,602,570,41.1333,22,722,15,1760978812
0.012,21,42,9158,23083,610,576,41.6667,22,723,15,1760978812
0.004,14,28,3282,9965,585,561,40,22,724,15,1760978812
0.008,20,41,7376,19820,578,546,39.5333,22,725,15,1760978812
0.013,20,41,6918,18994,563,531,38.5333,22,726,15,1760978812
0.008,22,44,7015,19528,581,547,39.7333,23,727,15,1760978812
0.012,17,34,3020,9877,560,536,38.3333,23,728,15,1760978812
0.008,22,44,5726,17226,555,521,38,23,729,15,1760978812
0.006,17,34,3923,11821,536,509,36.7333,22,730,15,1760978812
0.009,16,30,5753,19372,524,497,35.9333,19,731,15,1760978812
0.007,18,36,3942,12025,549,525,37.6,20,732,15,1760978812
0.006,16,32,3362,10409,533,512,36.5333,19,733,15,1760978812
0.004,11,23,2492,8578,516,500,35.4,16,734,15,1760978812
0.003,9,18,1870,6007,513,502,35.2,10,735,15,1760978812
0.003,9,18,1794,5890,528,517,36.2,10,736,15,1760978812
0.003,8,16,1624,5421,513,502,35.2,8,737,15,1760978812
0.003,8,16,1799,6029,538,527,36.8667,9,738,15,1760978812
0.002,8,16,1688,5782,523,512,35.8667,9,739,15,1760978812
0.002,8,16,1574,5505,508,497,34.8667,9,740,15,1760978812
0.001,6,12,1449,5136,530,521,36.3333,6,741,15,1760978812
0.001,5,10,1293,4659,515,506,35.3333,5,742,15,1760978812
0.001,5,10,1219,4474,500,491,34.3333,5,743,15,1760978812
0.001,5,10,1170,4361,510,503,35,6,744,15,1760978812
0.001,6,12,1331,4777,523,516,35.8667,6,745,15,1760978812
0.001,6,12,1261,4596,508,501,34.8667,6,746,15,1760978812
0.004,6,12,1223,4558,526,521,36.0667,8,747,15,1760978812
0.002,6,12,1253,4686,533,527,36.5333,8,748,15,1760978812
0.001,6,12,1210,4554,518,512,35.5333,8,749,15,1760978812
0,6,12,1159,4386,503,497,34.5333,8,750,15,1760978812
0,6,12,1235,4718,542,536,37.1333,8,751,15,1760978812
0.011,6,12,1181,4564,527,521,36.1333,8,752,15,1760978812
0.003,6,12,1132,4405,512,506,35.1333,8,753,15,1760978812
0.002,6,12,1070,4194,497,492,34.1333,7,754,15,1760978812
0,8,16,2643,7372,537,529,36.8,7,755,15,1760978812
0.004,8,16,2644,7476,556,548,38.0667,9,756,15,1760978812
0.004,8,17,1949,6744,566,562,38.7333,10,757,15,1760978812
0.004,8,17,1951,6816,580,576,39.6667,10,758,15,1760978812
0.002,8,17,1907,6688,576,572,39.4,10,759,15,1760978812
0.002,8,17,1850,6507,561,557,38.4,10,760,15,1760978812
0.002,7,15,1757,6149,570,566,39,8,761,15,1760978812
0.002,9,19,1982,7079,611,607,41.7333,10,762,15,1760978812
0.006,9,19,1975,7108,625,621,42.6667,12,763,15,1760978812
0.004,9,19,1904,6870,610,606,41.6667,11,764,15,1760978812
0.002,9,19,1847,6691,595,591,40.6667,11,765,15,1760978812
0.006,11,23,3719,10974,657,646,44.8,12,766,15,1760978812
0.006,11,23,3523,10530,642,631,43.8,12,767,15,1760978812
0.005,10,21,3208,9654,627,616,42.8,11,768,15,1760978812
0.006,10,21,3229,9913,649,638,44.2667,11,769,15,1760978812
0.003,10,21,3133,9681,634,623,43.2667,11,770,15,1760978812
0.01,9,19,2952,9128,619,609,42.2667,10,771,15,1760978812
0.003,9,19,2875,8910,604,594,41.2667,10,772,15,1760978812
0.004,11,23,3555,10946,612,600,41.8,13,773,15,1760978812
0.004,11,23,3402,10810,635,623,43.3333,14,774,15,1760978812
0.005,11,23,3206,10328,620,608,42.3333,14,775,15,1760978812
0.006,10,21,2929,9489,605,593,41.3333,13,776,15,1760978812
0.001,8,17,2474,8257,608,598,41.5333,11,777,15,1760978812
0.004,8,17,2394,8042,593,583,40.5333,11,778,15,1760978812
0.005,8,17,2354,7707,600,591,41,9,779,15,1760978812
0.007,8,17,2233,7454,585,576,40,9,780,15,1760978812
0.005,8,17,2158,7245,570,561,39,9,781,15,1760978812
0.002,8,17,2085,7036,555,546,38,9,782,15,1760978812
0,8,17,2006,6815,540,531,37,9,783,15,1760978812
0.004,9,19,2621,8568,570,561,39,10,784,15,1760978812
0.006,10,21,2645,8857,592,582,40.4667,12,785,15,1760978812
0.002,11,23,2750,9407,599,589,40.9333,13,786,15,1760978812
0.01,10,20,2488,8553,630,623,43,14,787,15,1760978812
0.004,9,18,2207,7505,615,609,42,13,788,15,1760978812
0.002,9,18,2128,7284,600,594,41,13,789,15,1760978812
0.003,9,18,1999,6812,600,595,41,13,790,15,1760978812
0.003,9,18,1908,6587,585,580,40,13,791,15,1760978812
0.004,9,18,1843,6467,587,582,40.1333,13,792,15,1760978812
0.003,10,20,1953,6832,572,567,39.1333,13,793,15,1760978812
0.002,9,18,1760,6243,577,572,39.4667,13,794,15,1760978812
0.002,9,18,1699,6051,562,557,38.4667,13,795,15,1760978812
0.003,12,24,2159,7544,567,560,38.8,14,796,15,1760978812
0.006,11,22,1914,6682,552,545,37.8,11,797,15,1760978812
0,10,20,1769,6076,539,532,36.9333,11,798,15,1760978812
0.008,10,20,1742,6084,560,553,38.3333,11,799,15,1760978812
0.005,9,18,1623,5647,545,540,37.3333,10,800,15,1760978812
0.004,10,20,2387,8108,635,630,43.3333,10,801,15,1760978812
0.003,10,20,2220,7725,620,615,42.3333,10,802,15,1760978812
0.003,9,19,1796,6642,609,604,41.6,10,803,15,1760978812
0.003,11,23,2576,8982,628,623,42.8667,11,804,15,1760978812
0.004,11,23,2759,9339,613,608,41.8667,11,805,15,1760978812
0.003,11,23,2671,9103,608,603,41.5333,11,806,15,1760978812
0.006,10,21,5188,12671,633,626,43.2,11,807,15,1760978812
0.004,10,21,5079,12417,618,611,42.2,11,808,15,1760978812
0.005,10,21,4980,12174,603,596,41.2,11,809,15,1760978812
0.01,10,21,4880,11925,588,581,40.2,11,810,15,1760978812
0.007,10,21,4208,10810,573,566,39.2,11,811,15,1760978812
0.007,9,19,3994,10219,558,551,38.2,10,812,15,1760978812
0.005,8,17,3785,9699,565,560,38.6667,9,813,15,1760978812
0.004,8,17,3654,9419,550,545,37.6667,9,814,15,1760978812
0.004,7,14,3498,8685,535,532,36.6667,6,815,15,1760978812
0.003,7,14,3341,8399,520,517,35.6667,6,816,15,1760978812
0.003,7,14,2834,7712,505,502,34.6667,6,817,15,1760978812
0.002,4,8,1087,3990,490,487,33.6667,4,818,15,1760978812
0.001,3,6,1032,3782,475,472,32.6667,3,819,15,1760978812
0.002,3,6,1002,3674,460,457,31.6667,3,820,15,1760978812
0.001,3,6,1011,3721,461,458,31.7333,3,821,15,1760978812
0.001,3,6,967,3606,446,443,30.7333,3,822,15,1760978812
0,3,6,914,3471,431,428,29.7333,3,823,15,1760978812
0.001,5,10,2043,6528,540,537,37,6,824,15,1760978812
0,5,10,1966,6350,574,571,39.2667,7,825,15,1760978812
0.001,6,12,2248,7009,573,568,39.2,8,826,15,1760978812
0.002,6,12,2169,6819,558,553,38.2,8,827,15,1760978812
0.006,7,14,2295,7380,579,574,39.6,9,828,15,1760978812
0,7,14,2262,7307,583,578,39.8667,9,829,15,1760978812
0.004,7,14,2209,7149,568,563,38.8667,9,830,15,1760978812
0.004,6,12,2058,6576,568,564,38.8667,8,831,15,1760978812
0.001,6,12,1987,6349,553,549,37.8667,8,832,15,1760978812
0.005,6,12,1961,6329,572,568,39.1333,8,833,15,1760978812
0.004,7,14,2412,7546,588,582,40.2,9,834,15,1760978812
0.002,6,12,2093,6601,573,567,39.2,9,835,15,1760978812
0.006,7,14,2199,6972,607,598,41.4667,10,836,15,1760978812
0.002,7,14,2045,6501,592,583,40.4667,10,837,15,1760978812
0.002,9,18,2640,8081,622,609,42.4667,14,838,15,1760978812
0.007,9,18,2530,7832,607,594,41.4667,14,839,15,1760978812
0.004,9,18,2465,7779,618,605,42.2,14,840,15,1760978812
0.006,9,18,2335,7435,603,590,41.2,14,841,15,1760978812
0.004,9,18,2176,6972,588,575,40.2,14,842,15,1760978812
0.002,9,18,2086,6751,573,560,39.2,14,843,15,1760978812
0.003,9,18,2025,6671,593,580,40.5333,14,844,15,1760978812
0.003,9,18,1997,6644,578,566,39.5333,14,845,15,1760978812
0.004,8,16,1853,6196,609,599,41.6,12,846,15,1760978812
0,8,16,1787,6011,594,584,40.6,12,847,15,1760978812
0.006,8,16,1778,6005,579,569,39.6,12,848,15,1760978812
0.001,8,16,1644,5607,564,554,38.6,12,849,15,1760978812
0.005,9,19,4072,10707,625,613,42.6667,12,850,15,1760978812
0.005,11,22,4673,12047,637,625,43.4667,14,851,15,1760978812
0.006,11,22,4436,11738,645,633,44,14,852,15,1760978812
0.006,11,22,4316,11686,645,633,44,14,853,15,1760978812
0.008,11,22,4329,12131,699,687,47.6,14,854,15,1760978812
0.008,11,22,4172,11788,684,672,46.6,14,855,15,1760978812
0,11,22,3981,11395,669,657,45.6,14,856,15,1760978812
0.006,12,24,4051,12095,695,683,47.3333,15,857,15,1760978812
0.004,10,20,2529,8867,725,713,49.3333,15,858,15,1760978812
0.004,9,18,2387,8415,710,698,48.3333,14,859,15,1760978812
0.002,8,16,2329,8199,695,683,47.3333,12,860,15,1760978812
0.006,8,16,2125,7573,680,668,46.3333,12,861,15,1760978812
0.004,8,16,2095,7529,665,653,45.3333,12,862,15,1760978812
0,8,16,1991,7304,696,684,47.4,12,863,15,1760978812
0.001,8,16,1888,7025,681,669,46.4,12,864,15,1760978812
0.001,8,16,1764,6630,666,654,45.4,12,865,15,1760978812
0.004,8,16,1880,7267,658,648,44.8667,10,866,15,1760978812
0.002,5,10,1370,5209,643,636,43.8667,8,867,15,1760978812
0.002,5,10,1226,4657,628,622,42.8667,7,868,15,1760978812
0.001,5,10,1187,4519,613,607,41.8667,7,869,15,1760978812
0.002,5,10,1145,4398,598,592,40.8667,7,870,15,1760978812
0.002,4,8,1084,4139,583,579,39.8667,4,871,15,1760978812
0.002,4,8,1049,4021,568,564,38.8667,4,872,15,1760978812
0,4,8,1218,4682,617,613,42.1333,4,873,15,1760978812
0,4,8,1153,4411,602,598,41.1333,4,874,15,1760978812
0.001,4,8,1152,4430,587,583,40.1333,4,875,15,1760978812
0.001,4,8,1077,4161,572,568,39.1333,4,876,15,1760978812
0,7,14,1833,6375,598,592,40.8667,7,877,15,1760978812
0.006,8,16,2219,7394,600,592,41,8,878,15,1760978812
0.004,8,16,2222,7424,601,593,41.0667,8,879,15,1760978812
0.002,8,16,2175,7324,613,607,41.8667,9,880,15,1760978812
0.006,8,16,2160,7298,618,614,42.2,8,881,15,1760978812
0.003,10,20,2624,8647,628,624,42.8667,9,882,15,1760978812
0.002,10,20,2528,8359,613,609,41.8667,9,883,15,1760978812
0.007,10,20,2479,8191,598,594,40.8667,9,884,15,1760978812
0.004,10,21,2871,9348,648,642,44.2,9,885,15,1760978812
0.002,8,17,2164,7601,633,629,43.2,10,886,15,1760978812
0,8,17,2105,7424,618,614,42.2,10,887,15,1760978812
0.003,8,17,2040,7226,603,599,41.2,10,888,15,1760978812
0.005,8,17,1977,7005,588,584,40.2,10,889,15,1760978812
0.006,8,17,1949,6923,590,586,40.3333,10,890,15,1760978812
0.004,8,17,1884,6739,575,571,39.3333,10,891,15,1760978812
0.004,8,17,1823,6537,560,556,38.3333,10,892,15,1760978812
0.006,9,18,1780,6795,620,618,42.3333,13,893,15,1760978812
0.002,10,20,1946,7258,605,603,41.3333,13,894,15,1760978812
0.002,9,18,1685,6504,595,593,40.6667,13,895,15,1760978812
0.007,9,18,1628,6307,580,578,39.6667,13,896,15,1760978812
0.002,9,18,1637,6415,590,588,40.3333,13,897,15,1760978812
0.005,9,18,1582,6255,575,573,39.3333,13,898,15,1760978812
0.001,8,16,1451,5740,560,558,38.3333,10,899,15,1760978812
0.001,9,18,1644,6465,615,613,42,10,900,15,1760978812
0.003,9,18,2281,7797,634,627,43.2667,12,901,15,1760978812
0.005,9,18,2226,7616,619,612,42.2667,12,902,15,1760978812
0.003,10,20,2248,7705,604,597,41.2667,12,903,15,1760978812
0.003,9,18,2087,7100,589,582,40.2667,11,904,15,1760978812
0.003,7,14,1880,6369,574,567,39.2667,10,905,15,1760978812
0.003,10,20,2719,8887,603,598,41.2,11,906,15,1760978812
0.005,11,22,2729,8939,588,583,40.2,11,907,15,1760978812
0.005,9,18,3029,9196,594,589,40.6,11,908,15,1760978812
0.004,10,20,2976,9145,579,574,39.6,11,909,15,1760978812
0.006,10,20,2756,8432,564,559,38.6,10,910,15,1760978812
0.004,7,14,2317,6768,549,544,37.6,9,911,15,1760978812
0.002,7,14,2160,6434,534,529,36.6,7,912,15,1760978812
0,6,12,2070,6323,583,578,39.8667,7,913,15,1760978812
0.01,7,14,1952,6661,627,620,42.8,9,914,15,1760978812
0.003,7,14,1939,6647,642,635,43.8,9,915,15,1760978812
0.002,7,14,1889,6486,627,620,42.8,9,916,15,1760978812
0.004,8,16,1949,6752,612,605,41.8,9,917,15,1760978812
0.003,7,14,1802,6181,597,590,40.8,9,918,15,1760978812
0.001,7,14,1800,6201,582,575,39.8,8,919,15,1760978812
0,8,17,2410,7781,594,587,40.6,9,920,15,1760978812
0.004,7,15,2276,7267,579,572,39.6,8,921,15,1760978812
0,13,26,4502,13146,670,658,45.6667,13,922,15,1760978812
0.014,13,26,4369,12846,655,643,44.6667,13,923,15,1760978812
0.004,13,26,4249,12536,649,637,44.2667,13,924,15,1760978812
0.009,18,36,6251,17056,689,671,46.9333,17,925,15,1760978812
0.01,18,36,6017,16582,674,656,45.9333,17,926,15,1760978812
0.008,18,36,5761,16020,659,641,44.9333,17,927,15,1760978812
0.009,18,36,5588,15549,644,626,43.9333,17,928,15,1760978812
0.006,18,36,5450,15178,629,611,42.9333,17,929,15,1760978812
0.007,18,36,5423,15410,668,650,45.5333,17,930,15,1760978812
0.006,18,36,5314,15558,685,669,46.6667,17,931,15,1760978812
0.008,18,36,5110,15004,670,654,45.6667,17,932,15,1760978812
0.008,17,35,5067,15407,736,719,50.0667,17,933,15,1760978812
0.004,17,35,4858,14963,721,704,49.0667,17,934,15,1760978812
0.014,17,35,4732,14895,731,714,49.7333,18,935,15,1760978812
0.004,15,31,4257,13509,716,701,48.7333,16,936,15,1760978812
0.01,15,31,4157,13309,716,701,48.7333,17,937,15,1760978812
0.009,13,27,3731,11909,701,686,47.7333,17,938,15,1760978812
0.004,11,23,3100,10570,716,703,48.7333,17,939,15,1760978812
0.003,11,23,3009,10117,701,688,47.7333,17,940,15,1760978812
0.003,11,23,2963,10107,704,691,47.9333,17,941,15,1760978812
0.005,11,23,2790,9734,689,676,46.9333,17,942,15,1760978812
0.004,11,23,2632,9332,674,661,45.9333,17,943,15,1760978812
0.004,11,23,2468,8887,659,646,44.9333,17,944,15,1760978812
0.004,11,23,2363,8625,644,631,43.9333,17,945,15,1760978812
0.002,10,21,2122,7866,647,634,44.1333,12,946,15,1760978812
0.003,10,21,2644,8938,664,649,45.2667,11,947,15,1760978812
0.004,10,21,2458,8549,649,634,44.2667,11,948,15,1760978812
0.003,10,21,2080,7713,634,619,43.2667,11,949,15,1760978812
0.002,10,21,1962,7488,638,623,43.5333,11,950,15,1760978812
0.003,9,19,1818,6945,623,610,42.5333,10,951,15,1760978812
0.004,9,19,1743,6739,608,595,41.5333,10,952,15,1760978812
0.002,8,17,1631,6303,593,582,40.5333,9,953,15,1760978812
0.003,8,17,1563,6107,578,567,39.5333,9,954,15,1760978812
0.004,8,17,2421,7743,644,631,43.9333,12,955,15,1760978812
0.004,8,17,2358,7561,629,616,42.9333,12,956,15,1760978812
0.005,8,17,2294,7364,614,601,41.9333,12,957,15,1760978812
0.003,7,15,2125,6750,599,587,40.9333,11,958,15,1760978812
0.002,7,15,2021,6532,584,572,39.9333,11,959,15,1760978812
0.001,8,16,2309,7833,616,602,42.0667,11,960,15,1760978812
0.007,9,18,2920,8812,663,653,45.2,13,961,15,1760978812
0.004,9,18,2800,8511,648,638,44.2,13,962,15,1760978812
0.004,9,18,2711,8278,633,623,43.2,13,963,15,1760978812
0.004,10,20,2902,8841,639,629,43.6,14,964,15,1760978812
0.004,9,18,2260,7456,624,616,42.6,12,965,15,1760978812
0.003,10,20,2645,8488,649,639,44.2667,12,966,15,1760978812
0,10,20,2567,8273,634,624,43.2667,12,967,15,1760978812
0.008,11,22,2600,8489,633,621,43.2,13,968,15,1760978812
0.001,13,26,3109,10486,649,637,44.2667,14,969,15,1760978812
0.004,13,26,3007,10222,634,622,43.2667,14,970,15,1760978812
0.004,13,26,2903,9937,619,607,42.2667,14,971,15,1760978812
0.005,13,26,2903,10060,625,613,42.6667,14,972,15,1760978812
0.004,13,26,2816,9786,610,598,41.6667,14,973,15,1760978812
0.004,12,24,2872,9652,625,613,42.6667,14,974,15,1760978812
0.005,15,30,3891,12943,668,656,45.5333,16,975,15,1760978812
0.004,14,28,3573,11795,653,643,44.5333,15,976,15,1760978812
0.005,14,28,3516,11714,638,628,43.5333,15,977,15,1760978812
0.004,15,30,4614,13801,658,645,44.8667,15,978,15,1760978812
0.004,15,30,4577,13964,669,658,45.6,14,979,15,1760978812
0.005,14,28,4250,12965,654,645,44.6,13,980,15,1760978812
0.011,14,28,4221,12864,651,641,44.4,13,981,15,1760978812
0.006,14,28,4169,12770,636,626,43.4,13,982,15,1760978812
0.006,14,28,4024,12432,621,611,42.4,13,983,15,1760978812
0.004,16,32,4342,13518,633,624,43.2,14,984,15,1760978812
0.007,15,30,4142,13094,655,646,44.6667,13,985,15,1760978812
0.007,14,28,3857,12243,640,631,43.6667,11,986,15,1760978812
0.013,14,28,8564,20700,712,699,48.4667,12,987,15,1760978812
0.01,14,28,8071,19453,697,684,47.4667,12,988,15,1760978812
0.014,14,28,8915,21751,696,683,47.4,12,989,15,1760978812
0.009,13,26,8214,19873,681,668,46.4,11,990,15,1760978812
0.001,12,24,7177,17707,691,680,47.0667,11,991,15,1760978812
0.019,11,22,7267,17900,676,665,46.0667,10,992,15,1760978812
0.012,11,22,8348,18721,661,650,45.0667,9,993,15,1760978812
0,11,22,8043,18133,646,635,44.0667,9,994,15,1760978812
0.037,18,36,17790,37163,699,678,47.6,13,995,15,1760978812
0.014,18,36,16511,34909,706,683,48.0667,15,996,15,1760978812
0.029,18,36,16037,34338,691,668,47.0667,15,997,15,1760978812
0.016,21,42,17002,36663,698,681,47.5333,18,998,15,1760978812
0.018,20,40,15958,34572,683,666,46.5333,17,999,15,1760978812
0.018,19,38,14570,32195,667,651,45.4667,17,1000,15,1760978812
0.018,17,34,12662,28141,659,636,44.9333,17,1001,15,1760978812
0.011,20,40,8259,21746,640,624,43.6667,23,1002,15,1760978812
0.013,19,38,7793,20591,625,609,42.6667,23,1003,15,1760978812
0.001,21,42,8567,22514,653,633,44.5333,24,1004,15,1760978812
0.018,16,32,5730,15880,636,618,43.4,24,1005,15,1760978812
0.013,19,38,6759,18373,623,603,42.5333,23,1006,15,1760978812
0.008,19,38,6524,17846,608,588,41.5333,23,1007,15,1760978812
0.007,19,38,6029,16811,593,573,40.5333,23,1008,15,1760978812
0.01,18,37,5886,16209,630,610,43,24,1009,15,1760978812
0.007,19,38,6391,17178,618,595,42.2,24,1010,15,1760978812
0.011,20,40,6126,16805,613,590,41.8667,24,1011,15,1760978812
0.004,20,40,5865,16347,609,587,41.6,24,1012,15,1760978812
0.009,20,40,7667,19976,622,597,42.4667,25,1013,15,1760978812
0.007,19,38,6953,18105,640,616,43.6667,27,1014,15,1760978812
0.016,19,38,6770,17503,625,601,42.6667,25,1015,15,1760978812
0.001,18,37,6569,17771,617,594,42.1333,23,1016,15,1760978812
0.008,17,35,6069,16475,602,579,41.1333,23,1017,15,1760978812
0.009,18,36,6741,16716,609,581,41.6,24,1018,15,1760978812
0.007,18,36,4679,13456,591,567,40.4,24,1019,15,1760978812
0.006,16,32,4297,12261,607,584,41.4667,23,1020,15,1760978812
0.007,17,34,4060,11919,592,569,40.4667,23,1021,15,1760978812
0.007,17,34,4320,12482,591,567,40.4,23,1022,15,1760978812
0.006,18,36,4366,12692,596,572,40.7333,23,1023,15,1760978812
0.007,18,36,4610,13546,614,588,41.9333,23,1024,15,1760978812
0.007,17,34,4115,12397,630,608,43,22,1025,15,1760978812
0.007,17,34,3835,12035,646,623,44.0667,23,1026,15,1760978812
0.006,16,32,3562,11255,631,610,43.0667,22,1027,15,1760978812
0.007,16,32,3390,10794,616,595,42.0667,22,1028,15,1760978812
0.004,14,29,3821,11755,630,607,43,20,1029,15,1760978812
0.004,14,28,3067,10228,613,592,41.8667,20,1030,15,1760978812
0.004,14,28,2973,10074,598,577,40.8667,20,1031,15,1760978812
0.004,15,30,3466,11209,615,596,42,18,1032,15,1760978812
0.005,15,30,3295,10921,612,593,41.8,18,1033,15,1760978812
0.005,15,30,3815,11796,615,594,42,18,1034,15,1760978812
0.004,15,30,3074,10384,598,579,40.8667,18,1035,15,1760978812
0.005,14,28,3059,10564,585,565,40,17,1036,15,1760978812
0.006,14,28,3890,11654,600,581,41,14,1037,15,1760978812
0.007,15,30,3918,12252,603,585,41.2,15,1038,15,1760978812
0.004,16,32,3904,12208,609,588,41.6,15,1039,15,1760978812
0.005,16,32,3734,11789,594,573,40.6,15,1040,15,1760978812
0.005,16,32,3549,11349,579,558,39.6,15,1041,15,1760978812
0.004,16,32,3319,10754,564,545,38.6,15,1042,15,1760978812
0.004,14,28,3000,9783,549,530,37.6,14,1043,15,1760978812
0.004,14,28,2907,9585,534,515,36.6,14,1044,15,1760978812
0.005,14,28,3124,10136,541,521,37.0667,15,1045,15,1760978812
0.004,14,28,3073,9996,538,522,36.8667,16,1046,15,1760978812
0.006,12,24,2704,8711,523,509,35.8667,14,1047,15,1760978812
0.004,11,22,2633,8611,525,513,36,13,1048,15,1760978812
0.004,11,22,2239,7882,510,500,35,13,1049,15,1760978812
0.004,13,26,2634,8986,538,530,36.8667,12,1050,15,1760978812
0.003,10,20,2217,7332,536,531,36.7333,9,1051,15,1760978812
0.004,9,18,2084,6935,539,534,36.9333,8,1052,15,1760978812
0.002,8,16,1912,6328,524,519,35.9333,6,1053,15,1760978812
0.007,8,16,1905,6304,537,532,36.8,7,1054,15,1760978812
0.003,10,20,2235,7462,566,563,38.7333,8,1055,15,1760978812
0.003,10,21,2484,7990,583,576,39.8667,9,1056,15,1760978812
0.002,9,19,2209,7185,568,561,38.8667,9,1057,15,1760978812
0.002,9,19,2149,6995,553,546,37.8667,9,1058,15,1760978812
0.002,10,21,2360,7687,579,572,39.6,10,1059,15,1760978812
0.004,10,21,3139,9673,612,602,41.8,13,1060,15,1760978812
0.006,10,21,2347,8103,594,587,40.6,13,1061,15,1760978812
0.002,10,21,2296,8065,606,599,41.4,13,1062,15,1760978812
0.002,9,19,2090,7366,591,584,40.4,12,1063,15,1760978812
0.004,8,17,1934,6817,576,569,39.4,11,1064,15,1760978812
0.004,8,17,1887,6657,561,554,38.4,11,1065,15,1760978812
0.002,9,18,2175,7502,600,593,41,11,1066,15,1760978812
0.006,9,18,1998,7071,585,580,40,11,1067,15,1760978812
0.002,8,16,1864,6639,594,589,40.6,10,1068,15,1760978812
0.003,8,16,2507,7580,595,590,40.6667,11,1069,15,1760978812
0.005,8,16,1760,6392,598,597,40.8667,10,1070,15,1760978812
0.002,8,16,1717,6242,583,582,39.8667,10,1071,15,1760978812
0.002,8,16,1689,6147,579,578,39.6,10,1072,15,1760978812
0.002,8,16,1646,5991,564,563,38.6,10,1073,15,1760978812
0.002,7,14,1534,5544,549,549,37.6,8,1074,15,1760978812
0,7,14,1496,5407,534,534,36.6,8,1075,15,1760978812
0.006,7,14,1523,5612,541,541,37.0667,9,1076,15,1760978812
0.002,7,14,1459,5413,526,526,36.0667,9,1077,15,1760978812
0.002,6,12,1343,5062,511,511,35.0667,8,1078,15,1760978812
0.002,6,12,1154,4501,496,496,34.0667,9,1079,15,1760978812
0.002,5,10,1025,4024,495,495,34,7,1080,15,1760978812
0,4,8,940,3681,480,480,33,5,1081,15,1760978812
0.001,3,7,947,3804,502,500,34.4667,6,1082,15,1760978812
0.002,4,9,988,3973,507,505,34.8,7,1083,15,1760978812
0.002,3,7,871,3508,492,490,33.8,6,1084,15,1760978812
0.003,3,7,848,3414,477,475,32.8,6,1085,15,1760978812
0.002,4,8,879,3548,478,477,32.8667,7,1086,15,1760978812
0,4,8,930,3780,496,495,34.0667,7,1087,15,1760978812
0,4,8,901,3668,481,480,33.0667,7,1088,15,1760978812
0,4,8,870,3546,466,465,32.0667,7,1089,15,1760978812
0,5,10,1036,4241,515,514,35.3333,8,1090,15,1760978812
0,5,10,1008,4126,500,499,34.3333,8,1091,15,1760978812
0,4,8,887,3637,485,484,33.3333,6,1092,15,1760978812
0.002,4,8,862,3528,470,469,32.3333,6,1093,15,1760978812
0.002,6,12,1653,5332,498,494,34.2,9,1094,15,1760978812
0.002,8,16,2159,6469,496,489,34.0667,11,1095,15,1760978812
0,8,16,2102,6305,481,474,33.0667,11,1096,15,1760978812
0.009,7,14,1963,5798,490,483,33.6667,10,1097,15,1760978812
0.003,7,14,1900,5622,475,468,32.6667,10,1098,15,1760978812
0.002,7,14,1839,5438,460,453,31.6667,10,1099,15,1760978812
0,7,14,1881,5699,479,472,32.9333,10,1100,15,1760978812
0.002,8,16,2155,6405,501,492,34.4,11,1101,15,1760978812
0,10,20,2457,7420,513,504,35.2,14,1102,15,1760978812
0.006,10,20,2368,7170,498,489,34.2,14,1103,15,1760978812
0.004,10,20,2333,7108,518,509,35.5333,14,1104,15,1760978812
0.002,9,19,2100,6490,503,494,34.5333,10,1105,15,1760978812
0.004,9,19,2023,6278,488,479,33.5333,10,1106,15,1760978812
0,9,19,1939,6040,473,464,32.5333,10,1107,15,1760978812
0.009,9,19,1869,5840,458,449,31.5333,10,1108,15,1760978812
0,9,19,1763,5572,443,434,30.5333,10,1109,15,1760978812
0,8,17,1584,5031,428,419,29.5333,9,1110,15,1760978812
0.009,8,17,1501,4880,437,428,30.1333,9,1111,15,1760978812
0.001,8,17,1450,4824,436,427,30.0667,9,1112,15,1760978812
0,9,19,1680,5541,462,451,31.8,10,1113,15,1760978812
0.008,9,19,1590,5407,459,448,31.6,10,1114,15,1760978812
0.002,9,19,1526,5289,459,448,31.6,10,1115,15,1760978812
0.001,9,19,1442,5071,444,433,30.6,10,1116,15,1760978812
0.003,9,19,1450,5256,470,461,32.3333,11,1117,15,1760978812
0.002,7,15,1273,4695,455,447,31.3333,8,1118,15,1760978812
0.002,7,15,1238,4648,458,450,31.5333,8,1119,15,1760978812
0.003,7,15,1174,4470,443,435,30.5333,8,1120,15,1760978812
0.002,6,13,1047,4020,428,420,29.5333,7,1121,15,1760978812
0.002,7,14,1177,4431,481,473,33.0667,7,1122,15,1760978812
0.002,6,12,1049,3965,466,458,32.0667,6,1123,15,1760978812
0,6,12,1026,3889,451,443,31.0667,6,1124,15,1760978812
0.002,5,10,1002,3815,470,464,32.3333,5,1125,15,1760978812
0.002,7,14,1426,5250,510,504,35,9,1126,15,1760978812
0.002,6,12,1288,4761,513,507,35.2,8,1127,15,1760978812
0.005,6,12,1255,4648,498,492,34.2,8,1128,15,1760978812
0,6,12,1211,4504,483,477,33.2,8,1129,15,1760978812
0.002,7,14,1394,4986,491,485,33.7333,8,1130,15,1760978812
0.002,8,16,1610,5738,528,522,36.2,8,1131,15,1760978812
0.016,14,29,8050,23501,829,824,56.2667,16,0,15,1760978831
0.012,13,27,7554,22212,814,809,55.2667,14,1,15,1760978831
0.001,13,27,7174,21207,799,794,54.2667,14,2,15,1760978831
0.006,13,27,6869,20340,784,779,53.2667,14,3,15,1760978831
0.011,13,27,6555,19566,769,764,52.2667,14,4,15,1760978831
0.008,13,27,6276,18874,754,749,51.2667,14,5,15,1760978831
0.008,13,27,6006,18111,739,734,50.2667,14,6,15,1760978831
0.01,14,29,7531,20937,741,734,50.4,15,7,15,1760978831
0.008,13,27,7069,19585,726,719,49.4,14,8,15,1760978831
0.012,13,27,6643,18559,711,704,48.4,14,9,15,1760978831
0.01,12,25,7894,20638,763,754,51.8667,15,10,15,1760978831
0.011,12,25,7527,19892,748,739,50.8667,15,11,15,1760978831
0.003,13,26,6639,18269,734,724,49.9333,15,12,15,1760978831
0.008,13,26,6287,17374,719,709,48.9333,15,13,15,1760978831
0.008,13,26,6478,17570,704,694,47.9333,14,14,15,1760978831
0.007,13,26,6260,17075,689,679,46.9333,14,15,15,1760978831
0.004,12,24,5893,16003,674,664,45.9333,13,16,15,1760978831
0.002,12,24,5617,15320,666,656,45.4,13,17,15,1760978831
0.014,11,22,5308,14428,651,641,44.4,12,18,15,1760978831
0.008,12,24,5551,14632,650,639,44.3333,12,19,15,1760978831
0.006,12,24,5043,13739,635,624,43.3333,12,20,15,1760978831
0.009,12,24,4671,12922,620,609,42.3333,12,21,15,1760978831
0.004,12,24,4432,12395,605,594,41.3333,12,22,15,1760978831
0.008,14,28,5353,15644,628,615,42.8667,14,23,15,1760978831
0.006,14,28,5143,15255,632,619,43.1333,14,24,15,1760978831
0.009,13,26,4901,14254,637,625,43.4667,13,25,15,1760978831
0.002,13,26,4692,13781,622,610,42.4667,13,26,15,1760978831
0.006,14,28,4669,13961,634,622,43.2667,13,27,15,1760978831
0,12,24,4061,12073,619,607,42.2667,12,28,15,1760978831
0,13,26,4104,12462,624,612,42.6,12,29,15,1760978831
0.007,13,26,3920,12058,609,597,41.6,12,30,15,1760978831
0.002,11,22,3666,11099,594,582,40.6,11,31,15,1760978831
0.003,11,22,3467,10691,579,567,39.6,11,32,15,1760978831
0.004,9,19,2446,7927,561,552,38.4,11,33,15,1760978831
0.004,8,17,2266,7324,564,557,38.6,9,34,15,1760978831
0.002,8,17,2273,7485,580,573,39.6667,9,35,15,1760978831
0.004,8,17,2192,7336,595,588,40.6667,10,36,15,1760978831
0.004,7,15,1964,6547,580,573,39.6667,9,37,15,1760978831
0.002,7,15,1895,6359,565,558,38.6667,9,38,15,1760978831
0.004,7,15,1828,6164,550,543,37.6667,9,39,15,1760978831
0.005,8,16,2111,6819,536,528,36.7333,9,40,15,1760978831
0.003,6,12,1615,5491,576,567,39.4,9,41,15,1760978831
0,6,12,1636,5656,613,604,41.8667,9,42,15,1760978831
0.001,6,12,1696,5970,630,621,43,6,43,15,1760978831
0.001,9,18,2327,7925,652,644,44.4667,8,44,15,1760978831
0.002,9,18,2328,8042,662,654,45.1333,8,45,15,1760978831
0.002,8,16,2168,7479,647,639,44.1333,8,46,15,1760978831
0.001,9,18,2198,7656,632,624,43.1333,8,47,15,1760978831
0.004,10,20,3414,10308,625,615,42.6667,9,48,15,1760978831
0.004,8,16,2582,8424,643,634,43.8667,8,49,15,1760978831
0.004,8,16,2417,8115,641,632,43.7333,8,50,15,1760978831
0.002,6,12,2048,6595,629,619,42.9333,7,51,15,1760978831
0,7,14,2125,6972,641,631,43.7333,7,52,15,1760978831
0,6,12,1980,6494,626,616,42.7333,7,53,15,1760978831
0.001,5,10,1825,5934,611,603,41.7333,5,54,15,1760978831
0.006,9,18,4675,12151,638,627,43.5333,8,55,15,1760978831
0.004,9,18,4482,11743,623,612,42.5333,8,56,15,1760978831
0.005,9,18,4273,11318,608,597,41.5333,8,57,15,1760978831
0.005,9,18,4138,11021,593,582,40.5333,8,58,15,1760978831
0.005,9,18,3987,10680,578,567,39.5333,8,59,15,1760978831
0.002,9,18,3837,10318,563,552,38.5333,8,60,15,1760978831
0.005,10,20,4018,11275,643,631,43.8667,10,61,15,1760978831
0.009,9,18,3815,10727,628,617,42.8667,9,62,15,1760978831
0.003,8,16,3515,9848,613,604,41.8667,8,63,15,1760978831
0.006,8,16,3328,9386,598,589,40.8667,8,64,15,1760978831
0.003,9,18,3271,9298,596,587,40.7333,9,65,15,1760978831
0.004,9,18,3167,9067,581,572,39.7333,9,66,15,1760978831
0.004,10,20,2938,9129,634,621,43.2667,10,67,15,1760978831
0.004,10,20,2789,8794,619,606,42.2667,10,68,15,1760978831
0.004,12,24,3013,9894,640,628,43.6667,10,69,15,1760978831
0.006,13,26,3390,11031,703,691,47.8667,12,70,15,1760978831
0.001,13,26,3256,10678,688,676,46.8667,12,71,15,1760978831
0.01,13,26,3130,10355,673,661,45.8667,12,72,15,1760978831
0.006,14,29,3489,11454,694,680,47.2667,14,73,15,1760978831
0.009,17,34,5415,15155,696,679,47.4,15,74,15,1760978831
0.005,17,34,5057,14635,718,700,48.8667,16,75,15,1760978831
0.002,17,34,4908,14277,703,685,47.8667,16,76,15,1760978831
0,17,34,4753,13880,688,670,46.8667,16,77,15,1760978831
0.007,19,38,5947,16530,705,686,48,17,78,15,1760978831
0,19,38,5840,16360,713,694,48.5333,17,79,15,1760978831
0.02,18,36,5521,15348,698,679,47.5333,16,80,15,1760978831
0.007,18,36,5324,14907,683,664,46.5333,16,81,15,1760978831
0.002,17,34,5217,14819,697,680,47.4667,15,82,15,1760978831
0.008,17,34,5066,14445,682,665,46.4667,15,83,15,1760978831
0.001,16,32,4887,14006,684,667,46.6,15,84,15,1760978831
0.008,16,32,4734,13643,669,652,45.6,15,85,15,1760978831
0.002,16,32,4616,13309,654,637,44.6,15,86,15,1760978831
0.012,15,30,4305,12387,639,624,43.6,14,87,15,1760978831
0.001,16,32,6159,15586,653,633,44.5333,15,88,15,1760978831
0.014,15,30,5732,14347,638,619,43.5333,15,89,15,1760978831
0.007,14,28,5446,13568,623,604,42.5333,15,90,15,1760978831
0.007,14,28,5587,13630,617,600,42.1333,15,91,15,1760978831
0.009,14,28,5614,13808,616,600,42.0667,15,92,15,1760978831
0.007,13,26,5257,12918,601,587,41.0667,12,93,15,1760978831
0.002,13,26,5029,12454,586,572,40.0667,12,94,15,1760978831
0.013,13,26,5044,13049,633,619,43.2,12,95,15,1760978831
0.006,14,28,4982,13555,667,651,45.4667,13,96,15,1760978831
0.002,14,28,4735,13048,652,636,44.4667,13,97,15,1760978831
0.001,11,22,3377,10026,656,645,44.7333,12,98,15,1760978831
0.005,11,22,3201,9702,651,640,44.4,12,99,15,1760978831
0.003,11,22,3063,9366,636,625,43.4,12,100,15,1760978831
0.001,11,22,2921,9023,621,610,42.4,12,101,15,1760978831
0.008,11,22,2773,8705,606,595,41.4,12,102,15,1760978831
0.002,10,20,2097,7171,591,580,40.4,12,103,15,1760978831
0.004,12,25,3110,9755,623,612,42.5333,15,104,15,1760978831
0.005,11,23,2683,8641,608,597,41.5333,14,105,15,1760978831
0.003,11,23,2445,7944,593,582,40.5333,14,106,15,1760978831
0.001,10,21,2231,7185,578,567,39.5333,15,107,15,1760978831
0.005,9,19,2086,6697,574,565,39.2667,13,108,15,1760978831
0,9,19,1999,6462,559,550,38.2667,13,109,15,1760978831
0.001,10,20,2621,8048,576,563,39.4,15,110,15,1760978831
0.003,9,18,2429,7463,561,548,38.4,14,111,15,1760978831
0.003,9,18,2428,7721,584,571,39.9333,15,112,15,1760978831
0.004,9,18,2255,7393,569,556,38.9333,15,113,15,1760978831
0,8,16,1856,6131,554,543,37.9333,10,114,15,1760978831
0,6,12,1736,5563,564,554,38.6,7,115,15,1760978831
0.002,5,10,1508,4928,549,539,37.6,6,116,15,1760978831
0.002,5,10,1444,4749,534,524,36.6,6,117,15,1760978831
0.003,5,10,1392,4596,519,509,35.6,6,118,15,1760978831
0,5,10,1383,4630,527,517,36.1333,7,119,15,1760978831
0.002,5,10,1329,4465,512,502,35.1333,7,120,15,1760978831
0,5,10,1275,4308,497,487,34.1333,7,121,15,1760978831
0.001,7,14,1523,5219,528,518,36.2,9,122,15,1760978831
0.001,7,14,1466,5044,513,503,35.2,9,123,15,1760978831
0.003,7,14,1412,4896,504,494,34.6,9,124,15,1760978831
0.001,7,14,1375,4834,501,491,34.4,9,125,15,1760978831
0.002,7,14,1322,4674,486,476,33.4,9,126,15,1760978831
0.001,7,14,1265,4508,471,461,32.4,9,127,15,1760978831
0,7,14,1264,4538,478,470,32.8667,9,128,15,1760978831
0.001,7,14,1393,5102,491,481,33.7333,11,129,15,1760978831
0,7,14,1328,4898,476,466,32.7333,11,130,15,1760978831
0.002,7,14,1322,4861,503,495,34.5333,8,131,15,1760978831
0.003,7,14,1304,4859,512,504,35.1333,9,132,15,1760978831
0.001,6,12,1189,4404,497,489,34.1333,8,133,15,1760978831
0.003,6,12,1165,4348,497,489,34.1333,8,134,15,1760978831
0.006,11,22,2694,8198,552,538,37.8,12,135,15,1760978831
0.004,11,22,2657,8247,576,562,39.4,12,136,15,1760978831
0.005,11,22,2472,7888,561,547,38.4,12,137,15,1760978831
0.004,11,22,2337,7600,546,532,37.4,12,138,15,1760978831
0.002,11,22,2380,7883,554,540,37.9333,13,139,15,1760978831
0.004,14,28,3484,10460,599,580,40.9333,14,140,15,1760978831
0.005,13,26,3240,9709,584,567,39.9333,12,141,15,1760978831
0.004,13,26,3143,9457,571,554,39.0667,12,142,15,1760978831
0.003,13,26,3004,9127,556,539,38.0667,12,143,15,1760978831
0.004,13,26,2888,8817,541,524,37.0667,12,144,15,1760978831
0.002,13,26,2764,8514,526,509,36.0667,12,145,15,1760978831
0.004,12,24,2602,8229,523,506,35.8667,11,146,15,1760978831
0.004,12,24,2449,7854,508,491,34.8667,11,147,15,1760978831
0.004,12,24,2371,7703,523,506,35.8667,11,148,15,1760978831
0.002,12,24,2255,7416,508,491,34.8667,11,149,15,1760978831
0.002,11,22,1922,6567,490,478,33.6667,11,150,15,1760978831
0.002,6,12,1319,4410,478,471,32.8667,11,151,15,1760978831
0,3,6,1023,3296,463,458,31.8667,3,152,15,1760978831
0.002,3,6,985,3217,456,451,31.4,3,153,15,1760978831
0.002,4,9,1132,3865,467,467,32.1333,4,154,15,1760978831
0.002,5,11,1321,4560,508,506,34.8667,6,155,15,1760978831
0.002,5,10,1301,4510,522,519,35.8,5,156,15,1760978831
0.002,7,15,1779,6044,534,529,36.6,8,157,15,1760978831
0.001,7,15,1719,5916,535,530,36.6667,8,158,15,1760978831
0.002,7,15,1646,5707,520,515,35.6667,8,159,15,1760978831
0.002,7,15,1740,6064,526,519,36.0667,9,160,15,1760978831
0.002,8,17,1819,6382,520,513,35.6667,10,161,15,1760978831
0.002,8,17,1757,6190,505,498,34.6667,10,162,15,1760978831
0.002,8,17,1720,6094,499,492,34.2667,10,163,15,1760978831
0.002,8,16,1638,5662,484,477,33.2667,9,164,15,1760978831
0.002,8,16,1580,5483,469,462,32.2667,9,165,15,1760978831
0.002,9,18,1752,6350,514,507,35.2667,10,166,15,1760978831
0.002,9,18,1667,6114,499,492,34.2667,10,167,15,1760978831
0.002,9,18,1626,5979,496,489,34.0667,10,168,15,1760978831
0.002,9,18,1602,5945,493,486,33.8667,10,169,15,1760978831
0.003,10,20,1647,6243,505,496,34.6667,12,170,15,1760978831
0.002,10,20,1634,6064,488,481,33.5333,12,171,15,1760978831
0.002,10,20,1517,5851,502,493,34.4667,12,172,15,1760978831
0.002,10,20,1459,5662,487,478,33.4667,12,173,15,1760978831
0.001,9,18,1297,5117,474,465,32.6,10,174,15,1760978831
0.002,9,18,1308,5096,484,475,33.2667,11,175,15,1760978831
0,9,18,1332,5001,469,460,32.2667,11,176,15,1760978831
0.002,8,16,1314,4983,496,487,34.0667,10,177,15,1760978831
0.002,9,18,1579,5686,504,495,34.6,11,178,15,1760978831
0.002,9,18,1509,5485,489,480,33.6,11,179,15,1760978831
0.002,9,18,1423,5291,476,465,32.7333,11,180,15,1760978831
0.002,9,18,1547,5823,502,493,34.4667,12,181,15,1760978831
0.002,9,18,1510,5768,503,494,34.5333,12,182,15,1760978831
0.002,9,18,1441,5568,488,479,33.5333,12,183,15,1760978831
0.002,9,18,1587,5833,509,498,34.9333,14,184,15,1760978831
0.002,8,16,1489,5513,520,511,35.6667,13,185,15,1760978831
0,8,16,1423,5325,505,496,34.6667,13,186,15,1760978831
0.004,7,14,1314,4943,490,483,33.6667,12,187,15,1760978831
0,5,10,1103,4161,473,469,32.5333,10,188,15,1760978831
0.002,5,10,1072,4035,458,454,31.5333,10,189,15,1760978831
0.002,5,10,1159,4368,520,518,35.6667,8,190,15,1760978831
0.002,5,10,1139,4302,521,519,35.7333,8,191,15,1760978831
0.002,6,12,1298,4944,563,561,38.5333,9,192,15,1760978831
0.002,6,12,1280,4894,558,556,38.2,9,193,15,1760978831
0.002,6,12,1217,4730,543,541,37.2,9,194,15,1760978831
0.002,7,14,1349,5211,553,551,37.8667,10,195,15,1760978831
0.002,6,12,1173,4633,538,538,36.8667,7,196,15,1760978831
0.002,8,16,1552,5939,572,572,39.1333,9,197,15,1760978831
0.003,8,16,1502,5759,557,557,38.1333,9,198,15,1760978831
0,7,14,1376,5297,542,542,37.1333,8,199,15,1760978831
0.002,7,14,1282,5036,527,527,36.1333,8,200,15,1760978831
0.002,7,14,1246,4898,512,512,35.1333,8,201,15,1760978831
0.001,8,16,1380,5453,522,522,35.8,9,202,15,1760978831
0.002,8,16,1343,5321,507,507,34.8,9,203,15,1760978831
0.002,8,16,1487,5827,544,544,37.2667,9,204,15,1760978831
0.002,7,14,1339,5213,529,529,36.2667,8,205,15,1760978831
0.004,7,14,1382,5389,550,550,37.6667,8,206,15,1760978831
0.002,8,16,1866,6556,580,577,39.6667,9,207,15,1760978831
0.002,8,16,1799,6309,565,562,38.6667,9,208,15,1760978831
0.004,9,18,2265,7506,606,603,41.4,10,209,15,1760978831
0.004,9,18,2228,7393,599,596,40.9333,10,210,15,1760978831
0.002,8,16,2053,6713,584,581,39.9333,8,211,15,1760978831
0.002,8,16,2039,6713,592,589,40.4667,8,212,15,1760978831
0.004,8,16,1990,6551,577,574,39.4667,8,213,15,1760978831
0.004,9,18,2598,7776,608,605,41.5333,8,214,15,1760978831
0.004,8,16,2413,7126,593,590,40.5333,7,215,15,1760978831
0.002,8,16,2342,6921,578,575,39.5333,7,216,15,1760978831
0.002,9,18,2449,7414,589,586,40.2667,8,217,15,1760978831
0.004,9,18,2378,7214,574,571,39.2667,8,218,15,1760978831
0.003,9,18,2320,7049,559,556,38.2667,8,219,15,1760978831
0.005,9,18,2496,7819,596,593,40.7333,9,220,15,1760978831
0.002,9,18,2434,7631,581,578,39.7333,9,221,15,1760978831
0.004,8,16,2286,7083,566,563,38.7333,8,222,15,1760978831
0.004,8,16,2261,7167,585,582,40,8,223,15,1760978831
0.002,8,16,2104,6846,570,567,39,8,224,15,1760978831
0.004,8,16,2536,8027,583,580,39.8667,11,225,15,1760978831
0.004,10,20,2854,9096,608,603,41.5333,12,226,15,1760978831
0.004,10,20,2786,8932,613,608,41.8667,12,227,15,1760978831
0.002,11,22,2772,8962,598,593,40.8667,13,228,15,1760978831
0.004,11,22,2930,9749,628,623,42.8667,14,229,15,1760978831
0.005,12,25,3576,12044,632,628,43.1333,15,230,15,1760978831
0.004,14,28,4117,13559,629,624,42.9333,17,231,15,1760978831
0.006,15,30,4104,13094,614,609,41.9333,16,232,15,1760978831
0.008,16,32,5678,16214,619,610,42.2667,17,233,15,1760978831
0.008,16,32,5642,16317,641,632,43.7333,17,234,15,1760978831
0.008,16,32,5502,15909,626,617,42.7333,17,235,15,1760978831
0.008,18,36,6258,17785,638,625,43.5333,16,236,15,1760978831
0.01,18,37,6870,20117,665,654,45.3333,17,237,15,1760978831
0.008,18,36,6836,19316,751,736,51.0667,19,238,15,1760978831
0.016,22,44,11282,27518,778,761,52.8667,19,239,15,1760978831
0.008,18,36,6551,18708,761,746,51.7333,19,240,15,1760978831
0.01,17,34,7681,20050,766,748,52.0667,15,241,15,1760978831
0.008,17,34,6394,17808,746,733,50.7333,15,242,15,1760978831
0.008,15,30,6410,17060,735,718,50,13,243,15,1760978831
0.007,15,30,5992,16180,720,703,49,14,244,15,1760978831
0.008,15,30,5809,15651,705,688,48,13,245,15,1760978831
0.008,15,30,5582,15186,690,673,47,13,246,15,1760978831
0.006,15,30,5387,15140,675,658,46,13,247,15,1760978831
0.008,17,34,5399,15750,656,645,44.7333,12,248,15,1760978831
0.007,15,31,4876,15136,693,681,47.2,12,249,15,1760978831
0.008,16,33,5990,17708,676,666,46.0667,11,250,15,1760978831
0.006,15,31,4638,14353,663,651,45.2,11,251,15,1760978831
0.006,15,31,4470,14005,667,655,45.4667,11,252,15,1760978831
0.006,16,32,4609,14079,651,640,44.4,11,253,15,1760978831
0.006,15,31,4118,13108,637,625,43.4667,11,254,15,1760978831
0.007,15,31,4986,15149,634,622,43.2667,12,255,15,1760978831
0.006,14,28,3647,12024,644,633,43.9333,14,256,15,1760978831
0.007,17,34,4766,14822,632,618,43.1333,14,257,15,1760978831
0.004,16,32,4074,13026,635,624,43.3333,14,258,15,1760978831
0.006,14,29,3487,11875,622,611,42.4667,12,259,15,1760978831
0.004,13,27,3143,10950,607,596,41.4667,12,260,15,1760978831
0.004,13,26,2674,10067,606,599,41.4,11,261,15,1760978831
0.004,11,22,2164,8310,591,584,40.4,12,262,15,1760978831
0.002,10,21,2427,8812,627,618,42.8,12,263,15,1760978831
0.004,9,19,2292,7986,612,603,41.8,11,264,15,1760978831
0.002,11,22,2470,8726,631,622,43.0667,10,265,15,1760978831
0.004,11,22,2272,8364,624,614,42.6,10,266,15,1760978831
0.002,10,21,2833,9370,658,648,44.8667,14,267,15,1760978831
0.006,10,21,4641,12137,675,666,46,10,268,15,1760978831
0.006,10,20,3389,10216,660,651,45,10,269,15,1760978831
0.007,10,21,4385,11505,645,636,44,10,270,15,1760978831
0.006,10,21,4260,11241,630,621,43,10,271,15,1760978831
0.004,10,20,3101,9469,615,606,42,10,272,15,1760978831
0.004,9,19,2882,8914,600,594,41,9,273,15,1760978831
0.004,10,20,3435,10106,632,626,43.1333,9,274,15,1760978831
0.004,11,22,3686,10910,628,621,42.8667,10,275,15,1760978831
0.004,9,18,3035,8828,635,630,43.3333,8,276,15,1760978831
0.004,10,20,3219,9476,620,615,42.3333,8,277,15,1760978831
0.002,9,18,3085,8998,605,600,41.3333,6,278,15,1760978831
0.009,8,16,4596,11529,642,634,43.8,7,279,15,1760978831
0.006,9,18,3945,10974,627,619,42.8,7,280,15,1760978831
0.004,9,18,3848,10797,631,623,43.0667,7,281,15,1760978831
0.001,11,22,5391,14516,650,638,44.3333,10,282,15,1760978831
0.004,11,22,4791,13110,635,623,43.3333,10,283,15,1760978831
0.007,9,18,4849,12951,620,610,42.3333,8,284,15,1760978831
0.004,9,18,4252,11592,623,613,42.5333,8,285,15,1760978831
0.004,9,18,4133,11562,636,626,43.4,8,286,15,1760978831
0.003,9,18,3903,11166,667,657,45.4667,8,287,15,1760978831
0.006,11,22,4521,13022,722,708,49.1333,9,288,15,1760978831
0.006,11,22,4146,12290,707,693,48.1333,9,289,15,1760978831
0.006,11,22,3958,11888,692,678,47.1333,9,290,15,1760978831
0.004,12,24,3278,11066,675,663,46,10,291,15,1760978831
0.004,10,21,3441,10708,683,672,46.5333,9,292,15,1760978831
0.003,11,22,2881,10130,689,678,46.9333,10,293,15,1760978831
0.009,10,20,2651,9154,674,663,45.9333,10,294,15,1760978831
0.003,11,22,2680,9356,659,648,44.9333,10,295,15,1760978831
0.004,11,22,2595,9109,644,633,43.9333,10,296,15,1760978831
0.002,10,20,2426,8501,629,618,42.9333,10,297,15,1760978831
0.002,9,18,2221,7763,614,603,41.9333,10,298,15,1760978831
0.002,7,14,1825,6459,620,611,42.3333,8,299,15,1760978831
0.001,7,14,1755,6252,605,596,41.3333,8,300,15,1760978831
0.004,8,16,2166,7268,618,607,42.2,8,301,15,1760978831
0.004,8,16,2027,6936,603,594,41.2,8,302,15,1760978831
0.001,7,14,1873,6402,602,593,41.1333,8,303,15,1760978831
0.002,7,14,2021,6637,621,611,42.4,8,304,15,1760978831
0.003,7,14,1940,6449,606,596,41.4,8,305,15,1760978831
0.003,7,14,2061,6659,609,597,41.6,8,306,15,1760978831
0.003,7,14,2014,6639,626,614,42.7333,8,307,15,1760978831
0.002,7,14,1920,6381,611,599,41.7333,8,308,15,1760978831
0.003,7,14,1853,6206,596,584,40.7333,8,309,15,1760978831
0,7,14,1805,6212,600,588,41,9,310,15,1760978831
0.001,8,16,2025,6997,614,604,41.9333,9,311,15,1760978831
0.006,7,14,1807,6233,599,589,40.9333,9,312,15,1760978831
0.002,8,16,1898,6606,584,574,39.9333,9,313,15,1760978831
0.005,8,16,1900,6761,620,610,42.3333,10,314,15,1760978831
0.002,10,20,2341,8143,638,626,43.5333,13,315,15,1760978831
0.002,10,20,2199,7796,623,611,42.5333,13,316,15,1760978831
0.002,8,16,1790,6620,608,598,41.5333,12,317,15,1760978831
0.001,8,16,1716,6381,593,583,40.5333,12,318,15,1760978831
0.002,8,17,1848,6719,578,571,39.5333,9,319,15,1760978831
0.004,6,13,1557,5685,563,556,38.5333,8,320,15,1760978831
0.005,8,16,1641,6142,598,590,40.8667,12,321,15,1760978831
0.004,7,14,1500,5605,594,588,40.6,12,322,15,1760978831
0.002,6,12,1362,5067,579,573,39.6,10,323,15,1760978831
0.003,6,12,1328,4938,564,558,38.6,10,324,15,1760978831
0.002,6,12,1501,5244,567,561,38.8,11,325,15,1760978831
0,6,12,1457,5100,552,546,37.8,11,326,15,1760978831
0.002,6,12,1415,4958,537,531,36.8,11,327,15,1760978831
0.002,6,12,1411,4977,541,535,37.0667,11,328,15,1760978831
0.002,7,14,1498,5315,550,542,37.6667,12,329,15,1760978831
0.002,7,14,1443,5154,535,527,36.6667,12,330,15,1760978831
0.002,7,14,1380,4963,520,512,35.6667,12,331,15,1760978831
0.003,7,14,1342,4827,505,497,34.6667,12,332,15,1760978831
0.002,7,14,1296,4675,490,482,33.6667,12,333,15,1760978831
0.003,7,14,1251,4521,475,467,32.6667,12,334,15,1760978831
0,8,16,1522,5511,543,535,37.2,14,335,15,1760978831
0.001,8,16,1755,6300,572,564,39.1333,13,336,15,1760978831
0.006,10,21,3516,10083,622,614,42.4667,12,337,15,1760978831
0.004,10,21,3166,9562,608,600,41.5333,12,338,15,1760978831
0.001,10,21,2975,9135,593,585,40.5333,12,339,15,1760978831
0.006,9,19,2543,8016,578,571,39.5333,11,340,15,1760978831
0,9,19,2390,7624,563,556,38.5333,11,341,15,1760978831
0.002,9,19,2302,7396,548,541,37.5333,11,342,15,1760978831
0.003,9,19,2265,7396,562,555,38.4667,11,343,15,1760978831
0.007,9,19,2183,7179,561,554,38.4,11,344,15,1760978831
0.006,9,19,2116,6977,546,539,37.4,11,345,15,1760978831
0.002,9,19,2016,6722,531,524,36.4,11,346,15,1760978831
0.004,9,19,1928,6472,516,509,35.4,11,347,15,1760978831
0.002,9,19,1810,6216,501,494,34.4,11,348,15,1760978831
0.001,8,16,1410,5096,486,479,33.4,10,349,15,1760978831
0.002,7,14,1264,4646,471,464,32.4,9,350,15,1760978831
0.002,6,12,1208,4426,472,467,32.4667,8,351,15,1760978831
0,6,12,1168,4292,457,452,31.4667,8,352,15,1760978831
0.003,9,18,2865,7730,474,463,32.6,10,353,15,1760978831
0.004,8,16,2475,7130,485,476,33.3333,10,354,15,1760978831
0.002,7,14,2217,6520,500,491,34.3333,7,355,15,1760978831
0.003,7,14,2375,6839,518,509,35.5333,8,356,15,1760978831
0,7,14,2346,6891,539,530,36.9333,8,357,15,1760978831
0.003,7,14,2260,6701,524,515,35.9333,8,358,15,1760978831
0.004,7,14,2182,6520,509,500,34.9333,8,359,15,1760978831
0.001,7,14,2095,6306,494,485,33.9333,8,360,15,1760978831
0.003,7,14,2044,6202,501,492,34.4,8,361,15,1760978831
0.005,9,19,2609,8109,544,532,37.2667,10,362,15,1760978831
0.006,10,21,2606,8232,529,517,36.2667,10,363,15,1760978831
0.003,10,21,2511,8016,536,523,36.7333,10,364,15,1760978831
0.005,12,25,2577,8416,537,522,36.8,11,365,15,1760978831
0.006,15,31,4173,12352,558,536,38.2,13,366,15,1760978831
0.004,15,31,4464,13620,626,604,42.7333,13,367,15,1760978831
0.008,16,32,5173,14875,631,611,43.0667,16,368,15,1760978831
0.008,16,32,4635,13852,651,631,44.4,13,369,15,1760978831
0,15,31,3696,12022,638,616,43.5333,13,370,15,1760978831
0.005,15,30,4124,12663,621,603,42.4,13,371,15,1760978831
0.004,12,25,3105,9968,609,589,41.6,12,372,15,1760978831
0,12,25,2940,9731,619,601,42.2667,11,373,15,1760978831
0.013,13,26,3698,11263,606,587,41.4,11,374,15,1760978831
0.006,12,24,3343,10444,626,609,42.7333,10,375,15,1760978831
0.002,13,26,3702,11019,634,616,43.2667,10,376,15,1760978831
0.009,13,26,3807,11455,658,640,44.8667,12,377,15,1760978831
0.005,14,28,3920,12013,643,625,43.8667,12,378,15,1760978831
0.003,13,26,3436,10398,628,610,42.8667,12,379,15,1760978831
0.009,12,24,3104,9577,613,597,41.8667,13,380,15,1760978831
0.002,10,20,2792,8510,598,582,40.8667,11,381,15,1760978831
0.008,12,24,3449,10123,606,587,41.4,12,382,15,1760978831
0.006,12,24,3381,10131,642,623,43.8,13,383,15,1760978831
0.007,12,24,3219,9764,627,608,42.8,13,384,15,1760978831
0.005,11,22,2998,9066,612,595,41.8,12,385,15,1760978831
0.002,10,20,2427,7633,597,581,40.8,11,386,15,1760978831
0.007,9,18,2264,7086,582,569,39.8,10,387,15,1760978831
0.004,8,16,2497,7562,610,596,41.6667,9,388,15,1760978831
0.004,8,16,2371,7279,595,581,40.6667,9,389,15,1760978831
0.003,8,16,2290,7348,609,595,41.6,9,390,15,1760978831
0.003,8,16,2019,6590,623,609,42.5333,9,391,15,1760978831
0.003,8,16,1943,6433,626,612,42.7333,9,392,15,1760978831
0.004,8,16,1869,6226,611,597,41.7333,9,393,15,1760978831
0.001,8,16,1794,6021,596,582,40.7333,9,394,15,1760978831
0.001,8,16,1741,5933,591,577,40.4,9,395,15,1760978831
0.004,8,16,1938,6853,630,615,43,9,396,15,1760978831
0.001,8,16,1840,6584,615,600,42,9,397,15,1760978831
0.002,8,16,1753,6368,600,587,41,9,398,15,1760978831
0.003,8,17,2776,8426,639,622,43.6,10,399,15,1760978831
0.003,8,17,2625,8079,624,607,42.6,10,400,15,1760978831
0.003,10,20,2986,9282,675,661,46,13,401,15,1760978831
0.004,9,18,2704,8424,660,646,45,12,402,15,1760978831
0.004,8,16,2473,7713,645,633,44,10,403,15,1760978831
0.004,8,16,2322,7350,630,618,43,10,404,15,1760978831
0,7,14,2180,6842,614,605,41.9333,7,405,15,1760978831
0.004,8,16,2346,7341,628,620,42.8667,8,406,15,1760978831
0.002,8,16,2256,7088,613,605,41.8667,8,407,15,1760978831
0.002,8,16,2161,6851,598,590,40.8667,8,408,15,1760978831
0.005,7,14,2011,6435,583,577,39.8667,7,409,15,1760978831
0.005,7,14,1909,6193,568,562,38.8667,7,410,15,1760978831
0.001,6,12,1782,5723,553,549,37.8667,6,411,15,1760978831
0.002,6,12,1710,5542,538,534,36.8667,6,412,15,1760978831
0.005,6,12,1630,5362,523,519,35.8667,6,413,15,1760978831
0,5,10,1531,5114,583,579,39.8667,7,414,15,1760978831
0.002,5,10,1464,4913,568,564,38.8667,7,415,15,1760978831
0.004,7,14,1731,5862,588,583,40.2,8,416,15,1760978831
0.003,8,16,1950,6490,607,599,41.4667,10,417,15,1760978831
0.003,9,18,2202,7374,630,620,43,11,418,15,1760978831
0.002,8,16,1936,6577,615,605,42,10,419,15,1760978831
0.003,8,16,1871,6393,600,590,41,10,420,15,1760978831
0.003,8,16,1806,6203,585,575,40,10,421,15,1760978831
0.005,9,18,1906,6493,573,563,39.2,10,422,15,1760978831
0.003,8,16,1776,6085,558,548,38.2,9,423,15,1760978831
0.002,8,16,1698,5868,543,533,37.2,9,424,15,1760978831
0,8,16,1639,5686,528,518,36.2,9,425,15,1760978831
0.001,8,16,1612,5663,531,521,36.4,9,426,15,1760978831
0.001,8,16,1617,5757,554,544,37.9333,9,427,15,1760978831
0.002,8,16,1604,5845,578,568,39.5333,10,428,15,1760978831
0.001,8,16,1528,5615,563,554,38.5333,10,429,15,1760978831
0.001,8,16,1686,6110,572,565,39.1333,9,430,15,1760978831
0.003,8,16,1669,6095,578,571,39.5333,9,431,15,1760978831
0.003,8,16,1606,5913,563,556,38.5333,9,432,15,1760978831
0.002,8,16,1544,5730,548,541,37.5333,9,433,15,1760978831
0.002,8,16,1479,5534,533,526,36.5333,9,434,15,1760978831
0.002,7,14,1352,5055,518,511,35.5333,8,435,15,1760978831
0.005,7,14,1297,4881,503,496,34.5333,8,436,15,1760978831
0,8,16,1458,5497,550,541,37.6667,8,437,15,1760978831
0.001,8,16,1384,5265,536,527,36.7333,8,438,15,1760978831
0.001,7,14,1234,4691,521,512,35.7333,5,439,15,1760978831
0.001,6,12,1126,4293,506,499,34.7333,5,440,15,1760978831
0.004,5,10,1025,3883,491,486,33.7333,4,441,15,1760978831
0.002,5,10,988,3759,476,471,32.7333,4,442,15,1760978831
0,5,10,981,3757,492,487,33.8,4,443,15,1760978831
0.004,5,10,968,3731,490,485,33.6667,4,444,15,1760978831
0.003,5,10,930,3607,475,470,32.6667,4,445,15,1760978831
0.001,5,10,942,3695,513,508,35.2,4,446,15,1760978831
0.003,10,20,2220,7113,547,536,37.4667,8,447,15,1760978831
0.001,9,18,1459,5341,531,521,36.4,8,448,15,1760978831
0.001,10,20,2006,6599,517,506,35.4667,8,449,15,1760978831
0.003,11,22,2157,7420,522,511,35.8,9,450,15,1760978831
0,10,20,1949,6729,507,497,34.8,9,451,15,1760978831
0.001,9,18,2395,6904,533,523,36.5333,9,452,15,1760978831
0.007,9,18,2756,7328,555,542,38,9,453,15,1760978831
0.002,9,18,2616,7025,540,528,37,9,454,15,1760978831
0.004,8,16,2429,6466,525,515,36,8,455,15,1760978831
0.002,8,16,2297,6187,510,500,35,8,456,15,1760978831
0.003,7,14,2151,5713,495,487,34,7,457,15,1760978831
0.003,7,14,2063,5479,480,472,33,7,458,15,1760978831
0.004,9,18,2561,6723,501,492,34.4,9,459,15,1760978831
0.002,9,18,2466,6496,486,477,33.4,9,460,15,1760978831
0.004,9,18,2428,6520,502,493,34.4667,9,461,15,1760978831
0.004,9,18,2327,6280,487,478,33.4667,9,462,15,1760978831
0.002,8,16,2194,5881,472,463,32.4667,8,463,15,1760978831
0,9,18,2751,7035,481,470,33.0667,10,464,15,1760978831
0.004,10,20,2987,7892,503,490,34.5333,12,465,15,1760978831
0.007,13,26,3864,11001,596,583,40.7333,16,466,15,1760978831
0.006,13,26,3705,10665,581,568,39.7333,16,467,15,1760978831
0.003,13,26,3550,10352,571,558,39.0667,16,468,15,1760978831
0.006,14,29,3671,10958,587,573,40.1333,20,469,15,1760978831
0.004,14,29,3594,11030,604,590,41.2667,20,470,15,1760978831
0.004,13,27,3219,9927,589,576,40.2667,18,471,15,1760978831
0,13,27,3893,11402,593,578,40.5333,20,472,15,1760978831
0.011,13,27,3452,10402,596,582,40.7333,19,473,15,1760978831
0.005,12,25,3111,9452,599,587,40.9333,19,474,15,1760978831
0.002,11,23,2747,8684,601,592,41.0667,18,475,15,1760978831
0.005,11,23,2579,8365,594,585,40.6,18,476,15,1760978831
0.003,10,21,2401,7845,579,570,39.6,17,477,15,1760978831
0.001,10,21,2244,7495,564,555,38.6,17,478,15,1760978831
0.007,10,21,2097,7178,549,540,37.6,17,479,15,1760978831
0.003,9,19,1960,6799,552,544,37.8,15,480,15,1760978831
0.004,9,19,1801,6407,537,529,36.8,15,481,15,1760978831
0.005,9,19,1729,6247,522,514,35.8,15,482,15,1760978831
0.002,9,19,1683,6134,507,499,34.8,15,483,15,1760978831
0.003,10,20,1753,6618,537,529,36.8,16,484,15,1760978831
0.003,10,20,1710,6612,566,558,38.7333,18,485,15,1760978831
0.001,9,18,1422,5724,551,545,37.7333,18,486,15,1760978831
0.001,9,18,1428,5748,558,554,38.2,19,487,15,1760978831
0.002,6,12,1199,4833,559,557,38.2667,15,488,15,1760978831
0.001,6,12,1156,4700,544,542,37.2667,15,489,15,1760978831
0,6,12,1110,4539,529,527,36.2667,15,490,15,1760978831
0.002,6,12,1042,4270,514,512,35.2667,14,491,15,1760978831
0.004,8,16,1618,5912,552,548,37.8,16,492,15,1760978831
0.003,8,16,1523,5695,537,533,36.8,16,493,15,1760978831
0,7,14,1378,5153,543,539,37.2,12,494,15,1760978831
0.002,7,14,1309,4923,528,524,36.2,12,495,15,1760978831
0,7,14,1262,4765,513,509,35.2,12,496,15,1760978831
0.003,6,12,1145,4332,512,508,35.1333,12,497,15,1760978831
0.001,4,8,952,3571,497,495,34.1333,6,498,15,1760978831
0.001,4,8,927,3493,493,491,33.8667,6,499,15,1760978831
0,4,8,927,3492,493,491,33.8667,6,499,15,1760979658
