0,10,20,3179,10529,839,832,42.95,9,0,20,1760987196
0.003,10,20,3047,10129,819,812,41.95,9,1,20,1760987196
0,10,20,2714,9326,799,792,40.95,9,2,20,1760987196
0.004,10,20,2532,8840,779,772,39.95,9,3,20,1760987196
0,13,26,2946,10253,796,787,40.8,12,4,20,1760987196
0.008,12,24,2661,9192,774,767,39.7,12,5,20,1760987196
0,10,20,2327,8038,764,758,39.2,12,6,20,1760987196
0,11,22,2515,8413,746,738,38.3,13,7,20,1760987196
0.003,11,22,2593,8339,728,718,37.4,13,8,20,1760987196
0,12,24,2785,8850,736,727,37.8,17,9,20,1760987196
0,14,29,3410,10471,730,719,37.5,20,10,20,1760987196
0,18,36,4498,12970,712,699,36.6,21,11,20,1760987196
0.007,18,37,4426,12723,692,679,35.6,21,12,20,1760987196
0.003,20,40,4701,13819,693,680,35.65,22,13,20,1760987196
0.005,24,48,7219,18051,722,701,37.1,26,14,20,1760987196
0.007,26,52,6778,17739,703,681,36.15,24,15,20,1760987196
0.009,25,50,6088,16289,683,661,35.15,22,16,20,1760987196
0.005,26,53,6230,16773,681,658,35.05,23,17,20,1760987196
0.004,27,54,6104,16642,678,653,34.9,23,18,20,1760987196
0.004,27,54,5988,16321,658,633,33.9,23,19,20,1760987196
0.007,27,54,5571,15408,638,613,32.9,23,20,20,1760987196
0.011,26,52,5251,14573,622,597,32.1,22,21,20,1760987196
0.007,26,52,4952,13922,602,577,31.1,22,22,20,1760987196
0.007,22,44,6105,15626,626,596,32.3,24,23,20,1760987196
0.006,22,44,5776,14965,606,576,31.3,24,24,20,1760987196
0.008,18,37,3023,9652,593,573,30.65,21,25,20,1760987196
0.004,17,35,2854,9243,595,576,30.75,23,26,20,1760987196
0.006,21,42,4463,12746,604,584,31.2,22,27,20,1760987196
0.004,20,40,4257,11946,583,565,30.15,21,28,20,1760987196
0.004,19,38,4818,12728,611,592,31.55,19,29,20,1760987196
0.006,17,34,3479,10105,611,591,31.55,17,30,20,1760987196
0.006,13,26,3381,9261,630,610,32.5,15,31,20,1760987196
0.006,12,24,3166,8705,610,592,31.5,14,32,20,1760987196
0.002,12,24,3060,8736,650,633,33.5,12,33,20,1760987196
0.002,12,24,2884,8367,630,613,32.5,12,34,20,1760987196
0.008,11,22,2686,7839,610,594,31.5,11,35,20,1760987196
0.007,12,25,2920,8822,645,630,33.25,11,36,20,1760987196
0.003,11,23,2410,7799,632,618,32.6,10,37,20,1760987196
0.007,13,27,2601,8552,648,630,33.4,10,38,20,1760987196
0,12,24,2522,7946,654,632,33.7,12,39,20,1760987196
0.005,13,26,2651,8587,663,643,34.15,14,40,20,1760987196
0,13,26,2584,8526,645,629,33.25,12,41,20,1760987196
0.001,11,22,2331,7726,674,658,34.7,11,42,20,1760987196
0,11,23,2777,8680,707,694,36.35,10,43,20,1760987196
0.014,9,19,2578,7872,729,719,37.45,9,44,20,1760987196
0.006,8,17,2483,7655,736,727,37.8,8,45,20,1760987196
0.008,9,18,2425,7556,745,735,38.25,8,46,20,1760987196
0.005,9,18,2296,7226,725,716,37.25,10,47,20,1760987196
0,9,18,2265,7201,713,704,36.65,10,48,20,1760987196
0,9,18,2175,6988,706,697,36.3,10,49,20,1760987196
0.003,8,16,1959,6222,686,678,35.3,8,50,20,1760987196
0,7,14,1811,5799,666,659,34.3,7,51,20,1760987196
0.005,9,18,2637,7816,655,643,33.75,8,52,20,1760987196
0,5,10,1079,4278,651,647,33.55,7,53,20,1760987196
0,5,10,1135,4557,673,667,34.65,7,54,20,1760987196
0.004,6,12,1242,5006,676,668,34.8,6,55,20,1760987196
0,6,12,1212,4871,685,679,35.25,6,56,20,1760987196
0.004,9,18,1841,6394,681,671,35.05,10,57,20,1760987196
0.004,8,16,2009,6564,668,657,34.4,8,58,20,1760987196
0,6,12,1717,5567,647,638,33.35,6,59,20,1760987196
0.002,6,12,1646,5370,627,618,32.35,6,60,20,1760987196
0.006,4,8,1433,4578,607,602,31.35,5,61,20,1760987196
0.002,5,10,1506,4983,640,635,33,8,62,20,1760987196
0.002,6,12,1996,5965,645,639,33.25,8,63,20,1760987196
0,7,14,2011,6159,627,619,32.35,9,64,20,1760987196
0.002,7,14,1859,5857,607,599,31.35,9,65,20,1760987196
0.001,6,12,1405,4776,596,589,30.8,9,66,20,1760987196
0,6,12,1344,4596,576,569,29.8,9,67,20,1760987196
0,6,12,1279,4403,556,549,28.8,10,68,20,1760987196
0.015,6,12,1210,4205,536,529,27.8,10,69,20,1760987196
0,9,18,1819,6085,601,591,31.05,13,70,20,1760987196
0,9,18,1718,5824,581,571,30.05,13,71,20,1760987196
0.004,9,18,1613,5555,561,551,29.05,13,72,20,1760987196
0,10,20,1671,5835,563,551,29.15,15,73,20,1760987196
0,13,26,2239,7241,557,543,28.85,17,74,20,1760987196
0.021,17,34,4141,11078,621,599,32.05,23,75,20,1760987196
0.007,16,32,3971,10632,611,590,31.55,19,76,20,1760987196
0,17,34,4103,11186,606,584,31.3,17,77,20,1760987196
0.014,18,36,4149,11218,588,565,30.4,17,78,20,1760987196
0,15,30,3439,9524,574,555,29.7,15,79,20,1760987196
0.01,13,26,3107,8450,554,536,28.7,12,80,20,1760987196
0.006,13,26,3562,9404,606,584,31.3,12,81,20,1760987196
0.009,13,26,3375,9008,586,564,30.3,12,82,20,1760987196
0.003,14,28,3187,9210,618,597,31.9,13,83,20,1760987196
0.007,17,35,3610,10732,637,617,32.85,15,84,20,1760987196
0.001,17,35,4661,12654,630,605,32.5,15,85,20,1760987196
0,15,31,3065,9158,605,584,31.25,15,86,20,1760987196
0.004,16,33,3534,10543,630,606,32.5,16,87,20,1760987196
0.008,19,38,3465,10758,619,597,31.95,17,88,20,1760987196
0.002,16,32,3164,9851,630,613,32.5,13,89,20,1760987196
0.006,20,41,5031,13872,656,629,33.8,16,90,20,1760987196
0,19,38,4135,11968,625,603,32.25,15,91,20,1760987196
0.016,21,42,4249,12641,633,609,32.65,22,92,20,1760987196
0.005,21,42,4289,12151,605,578,31.25,22,93,20,1760987196
0.004,18,36,3215,10005,585,567,30.25,16,94,20,1760987196
0.004,17,34,3029,9513,564,546,29.2,15,95,20,1760987196
0,15,30,2640,8459,567,551,29.35,13,96,20,1760987196
0,13,26,2411,7792,570,556,29.5,10,97,20,1760987196
0.005,16,33,3562,10187,586,565,30.3,14,98,20,1760987196
0,11,23,2891,8394,588,570,30.4,9,99,20,1760987196
0.002,14,28,3074,8913,582,561,30.1,13,100,20,1760987196
0.01,16,32,3723,10365,573,556,29.65,13,101,20,1760987196
0.002,18,36,4229,12217,587,566,30.35,15,102,20,1760987196
0,14,28,2360,8039,592,576,30.6,10,103,20,1760987196
0,11,22,2046,6578,581,566,30.05,10,104,20,1760987196
0.007,10,20,2789,7677,588,574,30.4,12,105,20,1760987196
0,9,19,2214,6538,550,534,28.5,11,106,20,1760987196
0.005,14,28,3394,9608,571,547,29.55,14,107,20,1760987196
0.007,15,30,3668,10096,560,534,29,15,108,20,1760987196
0.001,14,28,4084,11381,573,554,29.65,13,109,20,1760987196
0.013,16,32,4350,12248,574,550,29.7,17,110,20,1760987196
0.005,11,22,1975,6549,544,528,28.2,12,111,20,1760987196
0,11,22,1903,6550,583,567,30.15,12,112,20,1760987196
0.013,13,26,2348,7721,576,558,29.8,15,113,20,1760987196
0.002,13,26,2210,7235,541,523,28.05,14,114,20,1760987196
0.005,14,28,2308,7875,555,537,28.75,17,115,20,1760987196
0.003,14,28,2136,7420,550,534,28.5,16,116,20,1760987196
0.002,13,26,2097,7316,580,561,30,18,117,20,1760987196
0.003,12,24,1891,6794,548,531,28.4,16,118,20,1760987196
0,14,28,2068,7342,537,521,27.85,19,119,20,1760987196
0,12,24,1775,6365,522,510,27.1,18,120,20,1760987196
0,13,26,2642,8155,535,521,27.75,15,121,20,1760987196
0.009,12,24,2451,7678,563,549,29.15,19,122,20,1760987196
0.004,11,23,2427,7577,582,568,30.1,18,123,20,1760987196
0,12,24,2633,8121,618,605,31.9,21,124,20,1760987196
0.014,13,27,3670,10126,651,634,33.55,17,125,20,1760987196
0,14,28,3706,10686,677,660,34.85,19,126,20,1760987196
0.017,15,30,3663,11035,696,677,35.8,21,127,20,1760987196
0.009,18,36,3762,11452,679,658,34.95,25,128,20,1760987196
0.001,24,48,7200,18630,707,680,36.35,30,129,20,1760987196
0.007,24,48,8915,22365,727,695,37.35,33,130,20,1760987196
0.005,31,62,12086,28632,730,689,37.5,33,131,20,1760987196
0.01,27,54,9151,23227,741,697,38.05,37,132,20,1760987196
0.018,27,54,15823,34833,725,681,37.25,36,133,20,1760987196
0.021,27,54,12502,29700,734,695,37.7,35,134,20,1760987196
0.004,27,54,9003,22612,744,705,38.2,35,135,20,1760987196
0.017,25,50,7013,19303,738,707,37.9,31,136,20,1760987196
0.015,22,44,5713,16249,729,703,37.45,26,137,20,1760987196
0.008,22,44,5524,15990,723,697,37.15,27,138,20,1760987196
0.006,20,41,5428,15465,718,693,36.9,28,139,20,1760987196
0.006,21,43,6156,16857,720,692,37,29,140,20,1760987196
0.004,18,37,5423,15179,742,715,38.1,25,141,20,1760987196
0.01,22,44,7896,19380,722,695,37.1,23,142,20,1760987196
0.005,22,44,7193,19188,779,748,39.95,22,143,20,1760987196
0.019,25,50,12416,26845,769,730,39.45,21,144,20,1760987196
0.011,22,44,10322,22945,760,723,39,21,145,20,1760987196
0.005,20,40,8128,18612,745,713,38.25,16,146,20,1760987196
0.017,20,40,8117,18481,725,693,37.25,16,147,20,1760987196
0.012,18,36,7912,17706,716,686,36.8,14,148,20,1760987196
0.011,18,36,7439,17743,744,713,38.2,15,149,20,1760987196
0.01,14,28,4967,12985,733,711,37.65,14,150,20,1760987196
0.005,14,28,4385,11962,712,691,36.6,14,151,20,1760987196
0.009,14,28,3932,11188,695,674,35.75,14,152,20,1760987196
0.007,14,28,3696,10973,726,705,37.3,14,153,20,1760987196
0.006,14,28,3326,10395,716,697,36.8,14,154,20,1760987196
0.006,15,30,5032,12921,720,689,37,13,155,20,1760987196
0.004,15,28,4398,14553,692,669,35.6,13,156,20,1760987196
0,13,26,2888,9542,724,703,37.2,16,157,20,1760987196
0.007,18,36,5364,14364,709,687,36.45,15,158,20,1760987196
0.004,17,34,4195,11853,689,668,35.45,15,159,20,1760987196
0.004,15,30,4129,11561,671,648,34.55,15,160,20,1760987196
0.006,20,40,4265,12621,689,670,35.45,15,161,20,1760987196
0,11,22,1836,7329,693,682,35.65,11,162,20,1760987196
0.003,11,22,1753,7090,673,664,34.65,11,163,20,1760987196
0,11,22,1687,6593,685,674,35.25,11,164,20,1760987196
0.001,10,21,1531,5949,665,655,34.25,10,165,20,1760987196
0.002,9,19,1467,5750,669,658,34.45,10,166,20,1760987196
0.004,5,11,1107,4414,661,654,34.05,7,167,20,1760987196
0,4,9,928,3795,642,634,33.1,5,168,20,1760987196
0.001,3,7,840,3431,622,616,32.1,4,169,20,1760987196
0,3,7,808,3303,602,596,31.1,4,170,20,1760987196
0,4,8,817,3348,594,588,30.7,5,171,20,1760987196
0,3,6,762,3152,602,598,31.1,4,172,20,1760987196
0,2,5,787,3246,630,628,32.5,3,173,20,1760987196
0,2,5,761,3139,610,608,31.5,3,174,20,1760987196
0.006,3,6,805,3265,592,588,30.6,4,175,20,1760987196
0.003,4,8,900,3655,595,591,30.75,5,176,20,1760987196
0.001,7,14,1407,5295,621,613,32.05,9,177,20,1760987196
0.006,7,14,1360,5133,614,605,31.7,9,178,20,1760987196
0,4,8,872,3510,594,589,30.7,6,179,20,1760987196
0,4,9,1383,4794,611,606,31.55,6,180,20,1760987196
0,3,7,1278,4384,614,609,31.7,4,181,20,1760987196
0.008,4,9,1327,4566,614,607,31.7,6,182,20,1760987196
0.002,10,20,2660,8183,650,641,33.5,12,183,20,1760987196
0.003,11,22,2290,7682,682,673,35.1,14,184,20,1760987196
0.004,12,24,2374,7919,671,660,34.55,16,185,20,1760987196
0,8,16,1700,5800,642,633,33.1,13,186,20,1760987196
0.009,11,23,1906,6624,628,621,32.4,15,187,20,1760987196
0.004,7,15,1583,5438,623,617,32.15,11,188,20,1760987196
0.003,5,11,1430,4857,610,608,31.5,8,189,20,1760987196
0,7,14,1719,6057,702,698,36.1,11,190,20,1760987196
0.002,10,20,2103,7070,683,678,35.15,12,191,20,1760987196
0,10,20,2145,7393,731,722,37.55,16,192,20,1760987196
0,8,16,1830,6354,695,688,35.75,13,193,20,1760987196
0.002,9,18,1877,6551,678,671,34.9,15,194,20,1760987196
0.002,13,26,2861,9277,700,689,36,20,195,20,1760987196
0,18,36,3698,11771,707,690,36.35,22,196,20,1760987196
0.006,16,32,3258,11097,703,690,36.15,20,197,20,1760987196
0.004,17,35,4069,12555,707,687,36.35,22,198,20,1760987196
0.005,17,34,3624,11395,682,664,35.1,22,199,20,1760987196
0.003,11,23,2213,7823,661,651,34.05,16,200,20,1760987196
0,11,22,1942,6982,642,632,33.1,17,201,20,1760987196
0.003,16,32,2708,9397,636,618,32.8,21,202,20,1760987196
0.006,12,25,2139,7590,666,656,34.3,20,203,20,1760987196
0.004,21,43,3966,13050,741,723,38.05,24,204,20,1760987196
0.003,20,40,3400,11716,719,702,36.95,22,205,20,1760987196
0.012,22,45,4786,15470,728,706,37.4,26,206,20,1760987196
0.011,26,52,6501,19666,760,743,39,35,207,20,1760987196
0.009,25,51,7422,21096,763,729,39.15,37,208,20,1760987196
0.007,23,46,5496,16817,715,696,36.75,32,209,20,1760987196
0.004,27,55,6579,18717,720,693,37,37,210,20,1760987196
0.001,25,51,5231,16469,678,661,34.9,32,211,20,1760987196
0.015,25,51,5509,16877,690,672,35.5,33,212,20,1760987196
0.009,22,44,6433,17945,694,674,35.7,30,213,20,1760987196
0.004,26,52,6938,19443,725,699,37.25,31,214,20,1760987196
0.003,21,42,3309,11854,701,688,36.05,28,215,20,1760987196
0,19,38,2869,10564,684,671,35.2,26,216,20,1760987196
0.003,19,38,2914,10789,693,675,35.65,26,217,20,1760987196
0.005,17,32,5132,17571,680,658,35,25,218,20,1760987196
0.003,14,28,2413,8571,656,640,33.8,24,219,20,1760987196
0,12,24,2161,7674,646,635,33.3,17,220,20,1760987196
0.002,11,22,1970,7056,626,618,32.3,15,221,20,1760987196
0.002,10,20,1821,6480,606,600,31.3,13,222,20,1760987196
0.003,10,20,1755,6261,586,580,30.3,13,223,20,1760987196
0.005,12,24,2098,7294,601,595,31.05,16,224,20,1760987196
0,11,22,1983,6954,599,593,30.95,14,225,20,1760987196
0.002,10,20,1956,6903,598,590,30.9,12,226,20,1760987196
0.001,9,18,1754,6418,640,634,33,8,227,20,1760987196
0.001,9,19,1775,6482,640,632,33,9,228,20,1760987196
0.001,9,19,1737,6428,636,628,32.8,9,229,20,1760987196
0,8,17,1599,5901,620,612,32,9,230,20,1760987196
0.002,8,17,1616,5995,657,649,33.85,8,231,20,1760987196
0,8,17,1602,5962,675,667,34.75,8,232,20,1760987196
0.001,8,17,1543,5829,675,667,34.75,8,233,20,1760987196
0.002,10,20,1769,6609,682,673,35.1,12,234,20,1760987196
0.002,10,20,1668,6334,662,653,34.1,12,235,20,1760987196
0,9,18,1843,6433,683,674,35.15,10,236,20,1760987196
0.008,5,10,1089,4439,707,703,36.35,6,237,20,1760987196
0,7,15,1808,6660,753,743,38.65,8,238,20,1760987196
0,9,19,2687,8842,737,728,37.85,9,239,20,1760987196
0,13,26,3732,11856,772,762,39.6,9,240,20,1760987196
0.014,9,18,2965,9596,772,766,39.6,6,241,20,1760987196
0.004,11,22,3145,10448,766,758,39.3,9,242,20,1760987196
0,10,20,3109,10026,748,742,38.4,8,243,20,1760987196
0.004,13,26,4000,12188,797,786,40.85,12,244,20,1760987196
0.004,13,27,3366,11206,834,821,42.7,15,245,20,1760987196
0.008,9,18,2448,8437,793,784,40.65,12,246,20,1760987196
0,10,20,2319,8378,816,805,41.8,14,247,20,1760987196
0.003,10,20,2196,8002,789,778,40.45,14,248,20,1760987196
0,16,33,3397,11729,822,810,42.1,20,249,20,1760987196
0.005,13,27,2875,10276,849,842,43.45,17,250,20,1760987196
0.001,14,28,3903,11517,850,837,43.5,17,251,20,1760987196
0,14,28,2849,10061,833,828,42.65,15,252,20,1760987196
0.002,14,28,2703,9738,824,819,42.2,15,253,20,1760987196
0.005,15,30,2990,10569,826,816,42.3,22,254,20,1760987196
0.001,15,30,2787,10008,801,791,41.05,21,255,20,1760987196
0.003,12,24,2563,9422,830,820,42.5,18,256,20,1760987196
0.003,14,28,2605,9763,808,801,41.4,18,257,20,1760987196
0,13,26,2926,9768,792,784,40.6,19,258,20,1760987196
0.005,14,28,3683,11178,804,794,41.2,20,259,20,1760987196
0.006,14,28,3620,11068,791,780,40.55,22,260,20,1760987196
0.006,16,32,3678,11900,783,774,40.15,23,261,20,1760987196
0,14,28,3215,10459,750,742,38.5,20,262,20,1760987196
0.003,14,28,2504,9315,763,755,39.15,20,263,20,1760987196
0,11,22,2113,7819,751,742,38.55,17,264,20,1760987196
0.004,11,22,2591,8339,732,722,37.6,16,265,20,1760987196
0.003,10,21,2317,8586,755,750,38.75,14,266,20,1760987196
0.004,13,27,3004,10732,751,746,38.55,17,267,20,1760987196
0,11,23,2598,9482,706,701,36.3,15,268,20,1760987196
0,14,29,3930,11621,717,703,36.85,19,269,20,1760987196
0.003,10,20,2562,8884,693,686,35.65,10,270,20,1760987196
0.007,15,30,4518,13337,740,724,38,20,271,20,1760987196
0.006,18,36,4906,14958,774,755,39.7,23,272,20,1760987196
0.003,12,24,3325,10866,735,726,37.75,16,273,20,1760987196
0,14,28,3370,11379,721,710,37.05,16,274,20,1760987196
0.014,13,26,3542,11032,692,679,35.6,13,275,20,1760987196
0.009,16,33,3999,12907,708,693,36.4,18,276,20,1760987196
0.006,16,33,3857,12739,687,674,35.35,18,277,20,1760987196
0.005,16,32,4689,13231,676,659,34.8,19,278,20,1760987196
0,19,38,4790,14402,708,689,36.4,23,279,20,1760987196
0.009,17,34,4253,12601,691,669,35.55,21,280,20,1760987196
0.008,20,40,5635,15528,715,693,36.75,23,281,20,1760987196
0.008,17,34,5284,13972,701,672,36.05,23,282,20,1760987196
0.008,17,35,5080,13606,661,637,34.05,25,283,20,1760987196
0.005,14,28,3513,10487,673,655,34.65,23,284,20,1760987196
0,21,42,6761,17504,703,670,36.15,26,285,20,1760987196
0.017,18,37,4978,13651,662,635,34.1,24,286,20,1760987196
0.007,21,42,5510,14990,661,632,34.05,27,287,20,1760987196
0.003,20,40,4817,13539,674,648,34.7,26,288,20,1760987196
0.012,21,42,4946,14142,673,646,34.65,27,289,20,1760987196
0.007,19,38,4694,13832,716,690,36.8,28,290,20,1760987196
0.006,19,39,4786,14163,705,677,36.25,28,291,20,1760987196
0,22,45,6380,17686,709,681,36.45,23,292,20,1760987196
0.01,22,44,7074,18279,699,668,35.95,22,293,20,1760987196
0.01,22,44,6750,17860,703,675,36.15,23,294,20,1760987196
0.012,16,33,3855,11546,717,695,36.85,21,295,20,1760987196
0.005,20,40,4441,13657,709,683,36.45,23,296,20,1760987196
0.011,19,38,3717,12083,710,691,36.5,25,297,20,1760987196
0,20,40,4536,13353,720,700,37,24,298,20,1760987196
0.002,15,30,2771,9681,708,694,36.4,19,299,20,1760987196
0.004,16,32,3722,11067,709,692,36.45,22,300,20,1760987196
0.003,13,26,2247,8299,682,670,35.1,18,301,20,1760987196
0,14,29,2639,9406,722,710,37.1,17,302,20,1760987196
0,12,25,2383,8486,706,698,36.3,15,303,20,1760987196
0,12,25,2236,8121,710,704,36.5,15,304,20,1760987196
0.003,11,23,2038,7444,679,673,34.95,14,305,20,1760987196
0.004,13,26,2594,8356,712,700,36.6,13,306,20,1760987196
0.003,14,29,2939,9580,727,720,37.35,15,307,20,1760987196
0.005,17,35,4220,12891,723,712,37.15,16,308,20,1760987196
0.007,13,27,2533,8525,681,671,35.05,15,309,20,1760987196
0,12,25,2444,8150,666,657,34.3,14,310,20,1760987196
0,13,27,2642,8630,687,674,35.35,15,311,20,1760987196
0.003,12,25,2346,7918,675,665,34.75,14,312,20,1760987196
0,15,31,2591,8823,680,667,35,16,313,20,1760987196
0,12,25,2303,7726,651,639,33.55,13,314,20,1760987196
0,14,28,2183,7476,646,634,33.3,14,315,20,1760987196
0.016,12,24,1988,6801,622,613,32.1,13,316,20,1760987196
0,15,30,2440,8565,691,680,35.55,17,317,20,1760987196
0,12,24,1985,7302,656,644,33.8,14,318,20,1760987196
0.002,12,24,1866,6915,642,632,33.1,13,319,20,1760987196
0.002,11,22,1760,6453,635,624,32.75,13,320,20,1760987196
0.003,13,26,2142,7913,661,646,34.05,15,321,20,1760987196
0,13,26,1960,7440,674,661,34.7,16,322,20,1760987196
0.01,13,26,2584,8649,663,650,34.15,16,323,20,1760987196
0.003,12,24,2663,8327,634,621,32.7,14,324,20,1760987196
0,10,20,2186,7207,623,612,32.15,14,325,20,1760987196
0,14,29,3104,9774,672,659,34.6,14,326,20,1760987196
0,13,26,3003,9322,651,639,33.55,13,327,20,1760987196
0,11,23,3209,9441,643,632,33.15,13,328,20,1760987196
0,10,20,3066,8629,607,598,31.35,9,329,20,1760987196
0,10,20,2976,8413,587,578,30.35,9,330,20,1760987196
0,13,26,3754,10083,614,600,31.7,14,331,20,1760987196
0.016,14,28,4017,10752,612,598,31.6,13,332,20,1760987196
0.004,10,20,3281,8842,579,566,29.95,9,333,20,1760987196
0.003,11,22,3196,8742,573,560,29.65,10,334,20,1760987196
0,11,22,3046,8486,554,541,28.7,11,335,20,1760987196
0.002,9,18,2679,7398,549,536,28.45,8,336,20,1760987196
0,9,18,2540,7070,533,520,27.65,8,337,20,1760987196
0.008,9,18,2516,7217,548,535,28.4,8,338,20,1760987196
0,8,16,1974,6504,632,622,32.6,11,339,20,1760987196
0.014,12,24,2930,8752,672,655,34.6,13,340,20,1760987196
0,10,20,2340,7663,676,663,34.8,13,341,20,1760987196
0,14,28,3480,10973,690,669,35.5,13,342,20,1760987196
0,11,22,2448,8137,706,694,36.3,14,343,20,1760987196
0,10,20,2357,8025,715,703,36.75,14,344,20,1760987196
0.015,10,20,2460,8097,691,679,35.55,11,345,20,1760987196
0,8,16,1921,6615,678,666,34.9,10,346,20,1760987196
0,8,16,1891,6573,666,654,34.3,10,347,20,1760987196
0.002,6,12,1665,5720,684,674,35.2,8,348,20,1760987196
0,6,12,1672,5847,680,670,35,9,349,20,1760987196
0.004,6,12,1615,5581,673,663,34.65,8,350,20,1760987196
0.006,6,12,1547,5464,668,658,34.4,8,351,20,1760987196
0,7,14,1573,5614,659,649,33.95,9,352,20,1760987196
0.007,8,16,1547,5686,671,661,34.55,9,353,20,1760987196
0,6,12,1330,4955,645,635,33.25,8,354,20,1760987196
0,7,14,1463,5472,659,647,33.95,9,355,20,1760987196
0.004,8,15,3561,12513,673,657,34.65,12,356,20,1760987196
0,4,8,1116,4306,644,637,33.2,5,357,20,1760987196
0,6,12,1429,5089,657,647,33.85,8,358,20,1760987196
0.003,3,6,986,3844,643,637,33.15,4,359,20,1760987196
0,3,6,988,3860,643,637,33.15,4,360,20,1760987196
0,5,10,1202,4715,637,631,32.85,6,361,20,1760987196
0,4,8,1249,4763,696,688,35.8,5,362,20,1760987196
0,4,8,1229,4777,732,724,37.6,5,363,20,1760987196
0,5,10,1305,5087,729,724,37.45,6,364,20,1760987196
0.005,8,16,2182,7388,712,704,36.6,8,365,20,1760987196
0.005,10,20,2495,8225,715,702,36.75,10,366,20,1760987196
0.007,14,28,3495,11127,702,690,36.1,11,367,20,1760987196
0.003,12,24,2650,8892,683,672,35.15,10,368,20,1760987196
0.001,13,26,2995,9741,693,682,35.65,11,369,20,1760987196
0,11,23,2340,8344,673,664,34.65,11,370,20,1760987196
0.002,12,24,2513,8548,655,644,33.75,11,371,20,1760987196
0.002,11,22,2622,8749,682,672,35.1,10,372,20,1760987196
0.007,12,24,2718,9219,694,684,35.7,13,373,20,1760987196
0,12,24,2605,8877,674,664,34.7,13,374,20,1760987196
0,12,24,2653,9079,686,677,35.3,12,375,20,1760987196
0,12,24,2627,9028,702,693,36.1,12,376,20,1760987196
0,12,24,2517,8723,682,673,35.1,12,377,20,1760987196
0,12,24,2415,8489,689,680,35.45,12,378,20,1760987196
0,11,22,2098,7550,673,668,34.65,11,379,20,1760987196
0.017,10,20,1969,7080,653,649,33.65,10,380,20,1760987196
0,12,24,2796,9110,697,690,35.85,13,381,20,1760987196
0,11,22,2203,8220,750,746,38.5,12,382,20,1760987196
0.003,10,20,2389,8093,776,766,39.8,12,383,20,1760987196
0.003,12,25,2620,9097,771,759,39.55,15,384,20,1760987196
0.005,12,25,2500,8759,751,739,38.55,15,385,20,1760987196
0.003,12,25,2408,8491,731,719,37.55,16,386,20,1760987196
0.004,12,25,2359,8413,739,727,37.95,16,387,20,1760987196
0,12,25,2234,8094,719,707,36.95,16,388,20,1760987196
0,11,22,2027,7519,736,726,37.8,14,389,20,1760987196
0.01,11,23,2066,7624,718,706,36.9,16,390,20,1760987196
0.007,15,30,2765,9611,722,709,37.1,21,391,20,1760987196
0,13,26,2508,8662,702,691,36.1,19,392,20,1760987196
0.005,14,28,2999,9600,690,677,35.5,20,393,20,1760987196
0,16,32,3570,11263,727,711,37.35,21,394,20,1760987196
0.014,16,33,3433,10844,706,691,36.3,22,395,20,1760987196
0.011,17,34,4259,12542,714,701,36.7,22,396,20,1760987196
0,15,30,3247,10187,693,683,35.65,21,397,20,1760987196
0,15,30,3227,10288,718,710,36.9,21,398,20,1760987196
0.005,16,32,3839,11633,732,720,37.6,18,399,20,1760987196
0.003,12,24,3050,9260,724,714,37.2,16,400,20,1760987196
0.002,12,24,2973,8998,712,704,36.6,14,401,20,1760987196
0.01,15,30,3753,11192,763,749,39.15,18,402,20,1760987196
0,14,29,3760,10862,753,741,38.65,17,403,20,1760987196
0.011,19,39,6493,16160,767,753,39.35,20,404,20,1760987196
0,12,25,2600,8788,766,760,39.3,17,405,20,1760987196
0.01,15,31,3577,10864,777,767,39.85,19,406,20,1760987196
0.003,15,31,3393,10582,757,747,38.85,19,407,20,1760987196
0.003,14,29,3892,11916,771,755,39.55,19,408,20,1760987196
0,14,29,3742,11539,751,737,38.55,19,409,20,1760987196
0.007,14,28,3159,10202,757,746,38.85,18,410,20,1760987196
0.007,14,28,3111,10088,746,736,38.3,19,411,20,1760987196
0.005,14,28,3002,9763,726,716,37.3,21,412,20,1760987196
0.004,15,31,3436,10972,719,708,36.95,21,413,20,1760987196
0,16,32,3507,10951,718,704,36.9,21,414,20,1760987196
0.011,17,34,3795,11517,756,740,38.8,21,415,20,1760987196
0.008,18,36,4318,12887,773,756,39.65,22,416,20,1760987196
0.006,18,36,4061,12244,753,736,38.65,22,417,20,1760987196
0.006,18,36,3943,12022,733,716,37.65,22,418,20,1760987196
0.002,17,35,3727,11332,713,696,36.65,21,419,20,1760987196
0.01,17,35,3735,11281,695,676,35.75,21,420,20,1760987196
0.01,17,34,4375,12246,726,707,37.3,22,421,20,1760987196
0.006,16,32,3745,11079,779,762,39.95,21,422,20,1760987196
0,15,30,3528,10464,767,753,39.35,20,423,20,1760987196
0.006,15,30,3748,11135,760,743,39,18,424,20,1760987196
0.007,14,28,3058,9839,747,733,38.35,15,425,20,1760987196
0.004,10,20,2082,7272,727,713,37.35,14,426,20,1760987196
0.003,7,14,1702,6069,705,696,36.25,9,427,20,1760987196
0.003,6,12,1575,5632,705,698,36.25,9,428,20,1760987196
0.004,6,13,1610,5677,695,687,35.75,11,429,20,1760987196
0.009,6,12,1539,5542,675,671,34.75,9,430,20,1760987196
0.006,9,18,1765,6370,671,668,34.55,10,431,20,1760987196
0.006,12,24,2396,8215,689,682,35.45,11,432,20,1760987196
0.008,14,28,3114,9513,681,674,35.05,10,433,20,1760987196
0.005,12,25,2725,8445,663,656,34.15,10,434,20,1760987196
0.006,12,25,2616,8137,643,636,33.15,10,435,20,1760987196
0.003,7,15,1184,4712,618,615,31.9,9,436,20,1760987196
0.002,8,16,1208,4844,608,607,31.4,9,437,20,1760987196
0.002,8,16,1231,4944,653,653,33.65,8,438,20,1760987196
0.005,8,16,1192,4797,633,633,32.65,8,439,20,1760987196
0,9,18,1370,5433,650,648,33.5,10,440,20,1760987196
0.002,6,12,1076,4302,648,646,33.4,8,441,20,1760987196
0.002,9,18,1471,5723,681,680,35.05,10,442,20,1760987196
0.004,10,21,1682,6414,663,660,34.15,12,443,20,1760987196
0.005,10,21,1690,6461,671,668,34.55,13,444,20,1760987196
0,13,26,1961,7359,684,679,35.2,18,445,20,1760987196
0.004,12,24,1725,6594,664,659,34.2,20,446,20,1760987196
0.003,11,22,1641,6307,652,647,33.6,19,447,20,1760987196
0.006,10,20,1503,5730,632,627,32.6,19,448,20,1760987196
0.005,12,25,2127,7466,634,625,32.7,22,449,20,1760987196
0.006,14,28,3383,10474,662,652,34.1,26,450,20,1760987196
0.01,17,34,4679,13918,703,692,36.15,27,451,20,1760987196
0.007,15,30,3823,12071,764,754,39.2,24,452,20,1760987196
0.01,15,30,4565,13702,779,770,39.95,21,453,20,1760987196
0.011,16,32,4536,13748,763,754,39.15,22,454,20,1760987196
0.007,16,32,4505,13666,743,734,38.15,23,455,20,1760987196
0.009,16,32,3970,12509,733,726,37.65,20,456,20,1760987196
0.01,17,34,3943,12370,713,706,36.65,19,457,20,1760987196
0.008,16,32,3701,11575,695,688,35.75,16,458,20,1760987196
0.008,17,34,3543,11176,675,668,34.75,17,459,20,1760987196
0,11,22,2453,7927,675,664,34.75,16,460,20,1760987196
0,12,24,3168,9680,748,731,38.4,17,461,20,1760987196
0.016,12,24,2968,9278,728,711,37.4,17,462,20,1760987196
0.005,12,24,2704,8677,708,691,36.4,17,463,20,1760987196
0.006,17,34,4929,13975,787,762,40.35,20,464,20,1760987196
0.008,16,32,4015,12181,819,794,41.95,17,465,20,1760987196
0.009,16,32,3815,11963,815,792,41.75,17,466,20,1760987196
0,15,30,3514,11111,795,773,40.75,15,467,20,1760987196
0.004,14,28,3359,10947,817,797,41.85,15,468,20,1760987196
0.013,14,28,3373,11186,811,790,41.55,17,469,20,1760987196
0,13,26,2975,10162,791,772,40.55,13,470,20,1760987196
0.019,14,28,3336,11134,786,765,40.3,13,471,20,1760987196
0,14,28,3066,10495,766,745,39.3,14,472,20,1760987196
0,12,24,2613,9120,759,741,38.95,12,473,20,1760987196
0.004,12,24,2561,8963,738,721,37.9,12,474,20,1760987196
0.006,12,24,2499,8811,722,705,37.1,12,475,20,1760987196
0.005,11,22,1953,7395,714,701,36.7,12,476,20,1760987196
0.003,11,22,1805,6957,694,681,35.7,12,477,20,1760987196
0.002,11,22,1763,6818,674,661,34.7,12,478,20,1760987196
0.004,11,22,1727,6758,670,661,34.5,11,479,20,1760987196
0.003,10,20,1667,6509,681,673,35.05,11,480,20,1760987196
0.001,10,20,1641,6451,663,654,34.15,11,481,20,1760987196
0.002,9,18,1503,5908,645,638,33.25,9,482,20,1760987196
0.003,11,22,1835,7006,631,622,32.55,9,483,20,1760987196
0.002,11,22,1791,6866,622,613,32.1,9,484,20,1760987196
0.002,8,16,1533,6078,625,617,32.25,9,485,20,1760987196
0.002,6,12,1153,4557,627,622,32.35,6,486,20,1760987196
0.004,9,18,1802,6532,646,636,33.3,9,487,20,1760987196
0.005,12,24,2490,8447,693,678,35.65,11,488,20,1760987196
0.003,12,24,2381,8166,673,660,34.65,11,489,20,1760987196
0.004,11,23,2259,7675,653,640,33.65,10,490,20,1760987196
0.003,12,25,2412,8192,633,620,32.65,10,491,20,1760987196
0.005,13,26,2574,8628,632,620,32.6,10,492,20,1760987196
0.005,10,20,1892,6635,612,602,31.6,9,493,20,1760987196
0.004,10,20,1809,6385,592,582,30.6,9,494,20,1760987196
0.003,10,20,1751,6204,586,578,30.3,9,495,20,1760987196
0.004,9,18,1657,5838,594,586,30.7,8,496,20,1760987196
0.003,9,18,1979,6623,577,566,29.85,8,497,20,1760987196
0.004,8,16,1795,5989,565,555,29.25,8,498,20,1760987196
0.002,9,18,1881,6371,599,589,30.95,11,499,20,1760987196
0.004,8,16,1794,6036,596,587,30.8,10,500,20,1760987196
0.008,7,15,1567,5806,630,622,32.5,9,501,20,1760987196
0.003,7,14,1679,6145,640,636,33,6,502,20,1760987196
0.003,7,14,1597,5862,622,618,32.1,6,503,20,1760987196
0.005,11,22,2897,9105,696,683,35.8,10,504,20,1760987196
0.005,11,22,2782,8817,676,663,34.8,10,505,20,1760987196
0.01,14,29,4437,12736,686,670,35.3,9,506,20,1760987196
0.003,10,20,2805,8844,665,652,34.25,10,507,20,1760987196
0.006,11,23,3365,9716,644,632,33.2,11,508,20,1760987196
0.008,14,29,4119,11374,654,637,33.7,14,509,20,1760987196
0.005,13,27,3797,10407,634,617,32.7,14,510,20,1760987196
0.011,15,31,4505,12149,681,664,35.05,16,511,20,1760987196
0.009,15,31,4321,11710,661,644,34.05,16,512,20,1760987196
0.002,14,29,3978,10886,641,626,33.05,14,513,20,1760987196
0.01,16,32,5638,14083,687,668,35.35,17,514,20,1760987196
0.011,19,38,5443,14798,674,660,34.7,16,515,20,1760987196
0.007,18,36,4589,12811,656,642,33.8,15,516,20,1760987196
0.012,20,40,5292,14495,655,640,33.75,17,517,20,1760987196
0.008,21,42,6639,17483,696,672,35.8,18,518,20,1760987196
0.01,18,36,4613,12925,658,642,33.9,16,519,20,1760987196
0.01,17,34,5452,13994,695,677,35.75,19,520,20,1760987196
0.019,20,40,6749,16799,705,680,36.25,22,521,20,1760987196
0.011,18,36,8143,18228,741,717,38.05,13,522,20,1760987196
0.006,16,32,5957,15537,755,732,38.75,14,523,20,1760987196
0.008,15,30,5587,14579,735,712,37.75,14,524,20,1760987196
0.003,15,30,7631,17670,743,721,38.15,14,525,20,1760987196
0,15,30,7277,17105,764,742,39.2,14,526,20,1760987196
0,14,28,4602,12292,744,722,38.2,14,527,20,1760987196
0.005,14,29,5203,12659,737,714,37.85,14,528,20,1760987196
0.013,14,29,4963,12178,717,694,36.85,14,529,20,1760987196
0.008,14,29,5054,12659,697,674,35.85,14,530,20,1760987196
0.01,17,34,5368,13874,709,685,36.45,16,531,20,1760987196
0.011,18,36,5331,13867,729,698,37.45,19,532,20,1760987196
0.008,15,30,3593,10490,702,678,36.1,16,533,20,1760987196
0.008,14,28,3847,11191,744,721,38.2,15,534,20,1760987196
0.005,13,26,3567,11040,730,705,37.5,11,535,20,1760987196
0.002,15,30,3735,11868,754,727,38.7,15,536,20,1760987196
0.006,16,32,3458,11523,749,722,38.45,15,537,20,1760987196
0.003,14,28,2406,8481,727,706,37.35,14,538,20,1760987196
0.002,14,28,2172,7844,705,687,36.25,14,539,20,1760987196
0,14,28,2167,8051,717,699,36.85,15,540,20,1760987196
0,13,26,2043,7526,697,683,35.85,16,541,20,1760987196
0.003,11,22,1839,6833,677,665,34.85,13,542,20,1760987196
0.005,11,22,1863,6842,659,646,33.95,12,543,20,1760987196
0.003,11,22,1789,6614,639,626,32.95,12,544,20,1760987196
0.006,10,21,1771,6512,621,608,32.05,11,545,20,1760987196
0.004,10,21,1771,6404,602,588,31.1,11,546,20,1760987196
0.008,14,29,3265,10165,642,620,33.1,17,547,20,1760987196
0.007,12,25,3475,10285,638,622,32.9,15,548,20,1760987196
0.002,13,26,3365,10111,694,673,35.7,16,549,20,1760987196
0.005,13,26,3230,9786,674,653,34.7,16,550,20,1760987196
0.003,11,22,2951,8739,653,633,33.65,14,551,20,1760987196
0.005,12,24,3158,9589,647,627,33.35,16,552,20,1760987196
0.005,12,25,3287,9858,653,633,33.65,19,553,20,1760987196
0.006,12,25,2870,9299,672,654,34.6,18,554,20,1760987196
0.007,14,28,3185,10403,733,714,37.65,18,555,20,1760987196
0.007,17,34,4081,11855,726,698,37.3,19,556,20,1760987196
0.006,13,26,3002,9198,668,650,34.4,16,557,20,1760987196
0,8,16,1857,6776,695,687,35.75,12,558,20,1760987196
0.004,9,18,1993,7136,668,660,34.4,12,559,20,1760987196
0.004,11,23,2155,7793,647,637,33.35,15,560,20,1760987196
0.002,12,24,2294,8105,663,652,34.15,12,561,20,1760987196
0.003,10,20,1892,6717,656,645,33.8,12,562,20,1760987196
0.003,8,16,1534,5754,643,637,33.15,12,563,20,1760987196
0.002,7,14,1486,5485,615,609,31.75,8,564,20,1760987196
0.004,9,18,1699,6177,618,608,31.9,10,565,20,1760987196
0.004,8,16,1390,5438,632,625,32.6,11,566,20,1760987196
0.004,8,16,1641,5920,616,607,31.8,9,567,20,1760987196
0,6,12,1168,4589,581,577,30.05,7,568,20,1760987196
0.005,9,18,1989,7105,673,663,34.65,10,569,20,1760987196
0.003,9,18,1935,6912,673,661,34.65,10,570,20,1760987196
0.003,8,16,2226,7306,687,677,35.35,10,571,20,1760987196
0.005,11,22,2838,8873,688,675,35.4,13,572,20,1760987196
0.003,6,13,1354,5259,651,645,33.55,11,573,20,1760987196
0.006,13,26,2721,8935,694,675,35.7,14,574,20,1760987196
0.005,10,20,2450,8305,764,754,39.2,14,575,20,1760987196
0,9,18,2019,7356,768,758,39.4,13,576,20,1760987196
0.007,13,27,3188,10298,740,730,38,21,577,20,1760987196
0.007,11,23,3156,9672,732,722,37.6,17,578,20,1760987196
0.008,12,24,2508,8437,717,704,36.85,18,579,20,1760987196
0.007,11,22,3074,9359,726,711,37.3,16,580,20,1760987196
0.005,12,24,2675,8506,691,675,35.55,20,581,20,1760987196
0.006,10,20,2815,8500,672,660,34.6,15,582,20,1760987196
0.005,11,22,2726,8243,630,618,32.5,17,583,20,1760987196
0.008,15,31,4013,11981,688,672,35.4,24,584,20,1760987196
0.006,16,32,3205,10530,691,678,35.55,22,585,20,1760987196
0.007,12,24,2624,8619,660,647,34,16,586,20,1760987196
0.002,15,31,3990,11551,673,654,34.65,19,587,20,1760987196
0.008,16,33,3999,11833,693,674,35.65,23,588,20,1760987196
0.014,16,33,4264,12300,706,685,36.3,21,589,20,1760987196
0.006,14,28,3603,10714,684,665,35.2,23,590,20,1760987196
0.009,18,36,4518,13026,677,659,34.85,21,591,20,1760987196
0.012,15,31,4683,12582,662,636,34.1,18,592,20,1760987196
0.008,17,34,5395,13969,647,626,33.35,19,593,20,1760987196
0.007,16,32,5013,13097,638,619,32.9,22,594,20,1760987196
0.008,20,40,4193,13009,654,637,33.7,23,595,20,1760987196
0.003,16,32,4187,11404,625,605,32.25,17,596,20,1760987196
0.018,17,34,4004,11213,626,605,32.3,22,597,20,1760987196
0.014,25,48,7382,20392,657,630,33.85,25,598,20,1760987196
0.017,18,37,5499,14409,654,630,33.7,23,599,20,1760987196
0.019,19,38,5321,14251,641,615,33.05,24,600,20,1760987196
0.009,19,38,4980,13299,669,640,34.45,25,601,20,1760987196
0.016,23,46,6568,17831,729,699,37.45,28,602,20,1760987196
0.029,26,52,7652,20940,770,736,39.5,37,603,20,1760987196
0.016,25,50,8340,21888,756,714,38.8,35,604,20,1760987196
0.022,30,60,10742,27261,817,776,41.85,42,605,20,1760987196
0.017,29,58,8520,23152,780,741,40,34,606,20,1760987196
0.018,24,48,7630,20460,772,732,39.6,31,607,20,1760987196
0,20,40,5639,16350,767,733,39.35,29,608,20,1760987196
0.001,24,48,7604,20677,758,722,38.9,25,609,20,1760987196
0.016,25,50,7149,19791,741,709,38.05,25,610,20,1760987196
0.013,22,45,6244,16670,736,698,37.8,24,611,20,1760987196
0.015,18,36,4546,14050,764,738,39.2,24,612,20,1760987196
0.019,16,32,4307,13077,763,740,39.15,22,613,20,1760987196
0.007,16,32,4224,12952,741,718,38.05,23,614,20,1760987196
0.012,16,33,4628,14117,749,727,38.45,22,615,20,1760987196
0.006,18,36,4861,14947,768,747,39.4,21,616,20,1760987196
0,14,29,4543,13357,755,735,38.75,18,617,20,1760987196
0.008,13,27,4223,12410,733,712,37.65,16,618,20,1760987196
0.007,12,24,3534,10694,752,733,38.6,11,619,20,1760987196
0.006,13,26,3244,10471,744,730,38.2,11,620,20,1760987196
0,12,24,3145,9524,711,693,36.55,13,621,20,1760987196
0.006,11,23,3088,9395,684,669,35.2,12,622,20,1760987196
0.005,13,26,3189,9624,687,664,35.35,14,623,20,1760987196
0.011,11,22,2879,8881,696,675,35.8,13,624,20,1760987196
0,10,21,2151,7409,659,642,33.95,14,625,20,1760987196
0.003,14,29,3148,9911,719,697,36.95,16,626,20,1760987196
0.009,16,33,3806,11393,717,687,36.85,21,627,20,1760987196
0.003,14,28,2999,9991,699,677,35.95,16,628,20,1760987196
0,12,25,2334,8465,708,691,36.4,14,629,20,1760987196
0.016,12,24,2766,9282,714,697,36.7,15,630,20,1760987196
0.016,12,24,2829,9116,690,671,35.5,13,631,20,1760987196
0.003,13,26,2786,9405,691,676,35.55,14,632,20,1760987196
0.002,13,26,2746,9427,705,691,36.25,13,633,20,1760987196
0.014,15,30,2968,10044,721,708,37.05,15,634,20,1760987196
0.01,16,32,2974,10217,728,715,37.4,16,635,20,1760987196
0.008,17,34,2979,10134,702,683,36.1,18,636,20,1760987196
0.009,16,32,2724,9546,692,677,35.6,16,637,20,1760987196
0,16,32,2787,10003,722,710,37.1,19,638,20,1760987196
0.003,11,22,2068,7767,716,706,36.8,11,639,20,1760987196
0.004,15,30,2775,9927,716,704,36.8,17,640,20,1760987196
0.009,18,36,4062,12658,732,719,37.6,16,641,20,1760987196
0,13,26,3767,11181,742,725,38.1,16,642,20,1760987196
0.005,13,26,3648,10824,748,734,38.4,18,643,20,1760987196
0.008,13,26,3908,11444,721,709,37.05,17,644,20,1760987196
0.003,11,22,3001,9289,723,712,37.15,20,645,20,1760987196
0.016,15,30,4130,12576,772,762,39.6,23,646,20,1760987196
0.014,14,28,3676,11360,743,733,38.15,23,647,20,1760987196
0.011,15,30,4805,13664,776,761,39.8,27,648,20,1760987196
0,15,30,4676,13282,760,745,39,27,649,20,1760987196
0.008,16,32,6076,15133,759,735,38.95,31,650,20,1760987196
0.009,17,34,5154,14025,765,744,39.25,31,651,20,1760987196
0.001,14,28,3853,11221,721,707,37.05,23,652,20,1760987196
0.014,14,28,3889,11265,708,692,36.4,22,653,20,1760987196
0.016,14,28,3666,10691,687,671,35.35,22,654,20,1760987196
0.008,16,33,4020,11507,703,685,36.15,26,655,20,1760987196
0.008,13,27,3132,9749,687,670,35.35,22,656,20,1760987196
0.013,15,30,3617,10905,711,684,36.55,21,657,20,1760987196
0.015,17,34,3872,11866,713,686,36.65,23,658,20,1760987196
0.016,20,40,4586,13357,722,691,37.1,24,659,20,1760987196
0.012,19,38,4413,13042,683,656,35.15,21,660,20,1760987196
0,23,46,5555,15516,714,683,36.7,24,661,20,1760987196
0,22,44,4987,14117,682,650,35.1,24,662,20,1760987196
0.006,17,34,4077,12095,727,702,37.35,17,663,20,1760987196
0.007,18,36,4094,12576,751,725,38.55,18,664,20,1760987196
0,19,39,5270,15182,729,701,37.45,18,665,20,1760987196
0,16,33,4492,12839,713,687,36.65,17,666,20,1760987196
0.008,15,30,4127,11766,676,652,34.8,16,667,20,1760987196
0.008,18,36,5984,15379,688,663,35.4,13,668,20,1760987196
0.004,18,36,6838,17007,693,668,35.65,16,669,20,1760987196
0.01,18,36,8537,18807,670,641,34.5,16,670,20,1760987196
0.002,17,34,6659,15659,633,608,32.65,16,671,20,1760987196
0,19,39,6011,15518,659,631,33.95,19,672,20,1760987196
0.008,18,36,4513,12649,677,653,34.85,19,673,20,1760987196
0.015,19,39,6925,17728,775,749,39.75,17,674,20,1760987196
0.003,16,33,6133,15648,769,745,39.45,14,675,20,1760987196
0.005,16,32,5608,14227,763,741,39.15,12,676,20,1760987196
0.013,18,37,7282,17490,784,764,40.2,15,677,20,1760987196
0.015,19,39,6742,16907,790,770,40.5,15,678,20,1760987196
0.012,18,37,5723,15268,770,750,39.5,16,679,20,1760987196
0.003,19,39,6401,16443,754,730,38.7,16,680,20,1760987196
0.007,18,36,5736,14918,736,712,37.8,15,681,20,1760987196
0.007,15,30,2929,9326,715,700,36.75,14,682,20,1760987196
0.005,15,30,2781,8945,695,680,35.75,15,683,20,1760987196
0.002,14,29,2657,8685,707,694,36.35,13,684,20,1760987196
0.015,13,27,2445,8078,687,676,35.35,12,685,20,1760987196
0.005,15,30,2987,9452,687,668,35.35,13,686,20,1760987196
0.003,15,30,2779,8922,667,648,34.35,13,687,20,1760987196
0,15,30,2631,8543,647,628,33.35,13,688,20,1760987196
0,15,30,2614,8572,650,631,33.5,13,689,20,1760987196
0.005,15,30,2900,9327,663,647,34.15,13,690,20,1760987196
0.005,14,28,2682,8922,699,685,35.95,13,691,20,1760987196
0,13,26,2372,8049,679,665,34.95,13,692,20,1760987196
0.016,12,24,2172,7675,700,687,36,12,693,20,1760987196
0,12,24,2177,7674,681,667,35.05,11,694,20,1760987196
0.004,9,18,2149,7007,692,679,35.6,11,695,20,1760987196
0.005,12,24,2585,8376,721,705,37.05,16,696,20,1760987196
0.005,8,16,1962,6497,736,725,37.8,12,697,20,1760987196
0,9,18,2077,6804,718,706,36.9,11,698,20,1760987196
0.004,9,18,2052,6825,753,741,38.65,11,699,20,1760987196
0.003,7,14,1736,5844,731,722,37.55,11,700,20,1760987196
0,8,17,2230,6992,741,730,38.05,9,701,20,1760987196
0.004,8,17,2049,6806,744,735,38.2,11,702,20,1760987196
0,9,18,2273,7113,723,716,37.15,10,703,20,1760987196
0.006,8,16,2106,6648,711,705,36.55,9,704,20,1760987196
0.009,8,17,1925,6458,691,685,35.55,10,705,20,1760987196
0.005,9,18,2107,6902,672,665,34.6,10,706,20,1760987196
0.006,8,16,2148,6713,659,651,33.95,11,707,20,1760987196
0,10,20,2162,7181,669,657,34.45,13,708,20,1760987196
0.005,16,32,3433,10411,656,636,33.8,19,709,20,1760987196
0.005,16,32,3517,10616,679,659,34.95,18,710,20,1760987196
0.011,15,30,3109,9893,710,690,36.5,19,711,20,1760987196
0.016,16,32,3184,10541,762,741,39.1,17,712,20,1760987196
0,17,34,3520,11393,744,725,38.2,17,713,20,1760987196
0,14,29,2712,9381,757,739,38.85,16,714,20,1760987196
0.005,15,30,3059,10134,756,738,38.8,17,715,20,1760987196
0.011,13,27,2865,9519,763,744,39.15,15,716,20,1760987196
0.007,14,28,3509,10480,750,728,38.5,14,717,20,1760987196
0,15,31,3742,11456,728,708,37.4,15,718,20,1760987196
0.006,16,32,4014,11945,710,688,36.5,16,719,20,1760987196
0,17,34,3781,11695,742,715,38.1,17,720,20,1760987196
0.016,15,30,3292,10421,734,711,37.7,14,721,20,1760987196
0,14,28,3049,9658,714,693,36.7,12,722,20,1760987196
0.002,14,28,3058,9764,720,697,37,16,723,20,1760987196
0.006,14,28,3163,10073,701,679,36.05,18,724,20,1760987196
0,13,26,3111,9715,743,720,38.15,15,725,20,1760987196
0.005,13,26,2946,9337,723,700,37.15,15,726,20,1760987196
0.009,9,18,1972,7059,715,699,36.75,12,727,20,1760987196
0.001,8,16,1693,6312,717,702,36.85,12,728,20,1760987196
0,9,18,1765,6627,717,702,36.85,12,729,20,1760987196
0.004,8,16,1750,6272,699,684,35.95,10,730,20,1760987196
0,13,26,3474,10068,721,700,37.05,15,731,20,1760987196
0.009,13,26,3470,9901,701,681,36.05,14,732,20,1760987196
0.006,12,24,3358,9674,725,707,37.25,14,733,20,1760987196
0.01,12,24,3242,9368,705,687,36.25,15,734,20,1760987196
0.005,14,29,3884,11357,747,733,38.35,19,735,20,1760987196
0.006,14,28,4486,12414,764,746,39.2,19,736,20,1760987196
0.007,15,30,4215,12258,744,726,38.2,20,737,20,1760987196
0.003,11,22,3110,9715,772,766,39.6,17,738,20,1760987196
0.008,11,22,3233,10032,810,801,41.5,16,739,20,1760987196
0.009,15,30,4389,13266,828,817,42.4,18,740,20,1760987196
0,14,28,3907,12110,808,799,41.4,18,741,20,1760987196
0.013,13,26,3419,11036,788,779,40.4,18,742,20,1760987196
0,14,28,3538,10881,768,759,39.4,22,743,20,1760987196
0.003,15,30,3595,11119,750,739,38.5,22,744,20,1760987196
0,16,32,3890,11712,730,719,37.5,20,745,20,1760987196
0.017,20,40,4553,13863,793,780,40.65,25,746,20,1760987196
0.014,19,38,4562,13454,781,768,40.05,26,747,20,1760987196
0.02,20,40,4757,14076,762,748,39.1,27,748,20,1760987196
0.017,23,46,5703,16281,776,757,39.8,28,749,20,1760987196
0.007,21,42,4651,13915,762,747,39.1,28,750,20,1760987196
0.008,19,38,4359,13288,777,763,39.85,27,751,20,1760987196
0.016,21,42,5809,16651,788,769,40.4,27,752,20,1760987196
0.009,21,42,5824,16751,785,765,40.25,27,753,20,1760987196
0.019,21,42,6074,17272,812,789,41.6,27,754,20,1760987196
0.022,21,42,6852,18986,842,817,43.1,32,755,20,1760987196
0.013,21,43,7957,20482,848,815,43.4,35,756,20,1760987196
0.014,19,39,6950,18178,830,797,42.5,28,757,20,1760987196
0.014,19,39,6572,17440,810,777,41.5,29,758,20,1760987196
0.018,17,34,7433,18826,794,773,40.7,27,759,20,1760987196
0.01,18,36,7309,18518,774,753,39.7,27,760,20,1760987196
0.004,17,34,7105,18197,754,733,38.7,26,761,20,1760987196
0.016,22,43,9365,24099,766,740,39.3,33,762,20,1760987196
0.016,22,45,6800,19635,774,755,39.7,28,763,20,1760987196
0.02,22,44,7188,19238,766,746,39.3,23,764,20,1760987196
0.012,23,46,6921,18931,746,726,38.3,23,765,20,1760987196
0.016,24,48,6558,18397,757,734,38.85,25,766,20,1760987196
0.019,22,44,5700,19025,760,741,39,27,767,20,1760987196
0.011,17,34,3086,11363,779,765,39.95,18,768,20,1760987196
0,15,30,2917,10700,791,778,40.55,20,769,20,1760987196
0,13,26,2600,9395,760,747,39,18,770,20,1760987196
0.018,12,24,2425,8852,737,724,37.85,17,771,20,1760987196
0.004,11,22,2172,7898,726,713,37.3,19,772,20,1760987196
0.01,13,27,3164,10269,752,729,38.6,15,773,20,1760987196
0.007,19,39,3920,12990,759,735,38.95,18,774,20,1760987196
0.006,18,37,3786,12440,750,726,38.5,20,775,20,1760987196
0,16,33,2813,9976,727,709,37.35,15,776,20,1760987196
0.004,16,33,2779,9444,714,693,36.7,14,777,20,1760987196
0,15,30,2758,9679,741,722,38.05,14,778,20,1760987196
0.016,14,28,2237,8083,724,704,37.2,13,779,20,1760987196
0,12,24,2125,7753,721,705,37.05,11,780,20,1760987196
0,9,18,1647,6264,703,688,36.15,9,781,20,1760987196
0.011,9,18,1651,6232,686,672,35.3,9,782,20,1760987196
0.001,9,19,1591,5990,665,653,34.25,12,783,20,1760987196
0.003,8,16,1377,5173,638,630,32.9,9,784,20,1760987196
0.003,6,12,1131,4464,631,625,32.55,4,785,20,1760987196
0,5,10,1051,4230,640,634,33,4,786,20,1760987196
0.014,6,12,1097,4435,609,605,31.45,5,787,20,1760987196
0,3,6,895,3627,593,592,30.65,3,788,20,1760987196
0,3,6,864,3499,579,578,29.95,3,789,20,1760987196
0.004,3,6,747,3037,580,579,30,2,790,20,1760987196
0,1,2,660,2741,600,599,31,1,791,20,1760987196
0,2,4,689,2843,573,572,29.65,2,792,20,1760987196
0,4,8,964,3742,627,622,32.35,4,793,20,1760987196
0,5,10,1136,4273,644,637,33.2,4,794,20,1760987196
0,5,10,998,3957,638,632,32.9,5,795,20,1760987196
0,4,8,860,3478,595,591,30.75,4,796,20,1760987196
0,6,12,1071,4283,622,615,32.1,7,797,20,1760987196
0,5,10,1034,4204,631,627,32.55,6,798,20,1760987196
0,7,14,1205,4850,611,605,31.55,8,799,20,1760987196
0,6,12,1179,4754,637,632,32.85,6,800,20,1760987196
0,5,10,1191,4840,730,725,37.5,5,801,20,1760987196
0.009,4,8,1060,4332,689,686,35.45,4,802,20,1760987196
0,4,8,1044,4262,684,681,35.2,4,803,20,1760987196
0,8,17,1535,5870,676,673,34.8,8,804,20,1760987196
0,9,18,2022,6741,664,657,34.2,8,805,20,1760987196
0.018,8,16,1589,6415,719,714,36.95,8,806,20,1760987196
0.003,11,22,2085,7834,714,708,36.7,10,807,20,1760987196
0,11,22,1842,7253,713,704,36.65,12,808,20,1760987196
0,11,22,1862,6947,705,694,36.25,12,809,20,1760987196
0.009,12,24,2115,7848,710,700,36.5,12,810,20,1760987196
0.005,12,25,2025,7381,694,683,35.7,12,811,20,1760987196
0.001,12,24,2510,8505,741,727,38.05,9,812,20,1760987196
0.001,6,12,1383,5411,704,700,36.2,6,813,20,1760987196
0,6,12,1455,5441,688,682,35.4,6,814,20,1760987196
0,5,10,1226,4873,705,701,36.25,6,815,20,1760987196
0,8,16,1705,6647,770,764,39.5,8,816,20,1760987196
0.003,12,24,2414,9077,836,827,42.8,11,817,20,1760987196
0.008,14,29,3341,11309,842,826,43.1,18,818,20,1760987196
0.006,16,33,4019,12896,832,811,42.6,18,819,20,1760987196
0.016,14,29,3402,11529,826,814,42.3,18,820,20,1760987196
0.005,14,28,3471,11595,821,805,42.05,16,821,20,1760987196
0.006,14,28,3336,11289,796,782,40.8,15,822,20,1760987196
0.002,14,27,4037,13903,790,774,40.5,16,823,20,1760987196
0.003,11,22,2683,9114,798,787,40.9,14,824,20,1760987196
0.006,13,26,3239,10584,796,783,40.8,17,825,20,1760987196
0.009,15,30,3512,11874,822,808,42.1,18,826,20,1760987196
0,16,32,3688,12572,851,836,43.55,21,827,20,1760987196
0.004,17,34,4221,13273,854,838,43.7,20,828,20,1760987196
0.022,18,36,4736,14509,833,820,42.65,18,829,20,1760987196
0.009,20,40,5303,16158,842,826,43.1,23,830,20,1760987196
0.004,20,40,5161,16069,841,825,43.05,25,831,20,1760987196
0.016,16,32,3218,11480,837,824,42.85,19,832,20,1760987196
0,16,32,3548,12222,869,857,44.45,20,833,20,1760987196
0.003,16,32,3468,12409,858,843,43.9,20,834,20,1760987196
0,17,34,3678,12972,855,839,43.75,20,835,20,1760987196
0,17,34,3819,12815,835,817,42.75,20,836,20,1760987196
0.005,19,38,4817,14829,816,799,41.8,20,837,20,1760987196
0.003,19,38,5004,14885,864,844,44.2,21,838,20,1760987196
0.01,20,40,5494,16018,858,838,43.9,21,839,20,1760987196
0.001,20,40,5658,16500,838,818,42.9,21,840,20,1760987196
0,20,40,5518,16036,818,798,41.9,21,841,20,1760987196
0.015,17,34,3848,12408,807,792,41.35,20,842,20,1760987196
0.017,17,34,3720,12160,837,820,42.85,20,843,20,1760987196
0.009,19,38,4318,14013,849,830,43.45,19,844,20,1760987196
0.017,20,40,5083,15583,866,843,44.3,21,845,20,1760987196
0.007,16,32,3451,11769,845,833,43.25,17,846,20,1760987196
0.002,17,34,3913,12706,874,860,44.7,18,847,20,1760987196
0.013,18,37,4184,13357,862,844,44.1,18,848,20,1760987196
0.013,18,37,3619,12534,839,824,42.95,19,849,20,1760987196
0.007,19,38,4156,13400,819,806,41.95,18,850,20,1760987196
0.006,19,38,4363,13973,799,788,40.95,18,851,20,1760987196
0.004,19,39,4605,14466,781,768,40.05,19,852,20,1760987196
0.017,18,37,4223,13421,759,749,38.95,19,853,20,1760987196
0.002,17,34,4598,13717,772,761,39.6,22,854,20,1760987196
0,16,32,5151,14454,764,754,39.2,20,855,20,1760987196
0.008,15,30,4301,13018,757,746,38.85,21,856,20,1760987196
0.012,15,30,4198,12706,740,726,38,21,857,20,1760987196
0.008,16,32,4412,13265,721,706,37.05,21,858,20,1760987196
0.013,17,34,2953,10559,705,694,36.25,21,859,20,1760987196
0.006,16,32,3336,10868,735,722,37.75,20,860,20,1760987196
0.007,16,32,3120,10401,715,702,36.75,20,861,20,1760987196
0.003,17,34,2958,10178,701,686,36.05,20,862,20,1760987196
0.018,17,34,2729,10098,766,753,39.3,20,863,20,1760987196
0.005,12,24,2148,8107,755,745,38.75,15,864,20,1760987196
0,12,24,2060,7822,735,725,37.75,15,865,20,1760987196
0.017,12,24,1965,7449,715,707,36.75,14,866,20,1760987196
0.004,14,28,2330,8607,750,741,38.5,15,867,20,1760987196
0.002,11,22,1899,7192,731,723,37.55,13,868,20,1760987196
0,9,18,1557,6106,709,705,36.45,12,869,20,1760987196
0,8,16,1435,5636,689,685,35.45,10,870,20,1760987196
0,8,16,1626,5954,698,691,35.9,11,871,20,1760987196
0,8,16,1754,6081,693,684,35.65,11,872,20,1760987196
0.02,8,17,2303,7229,691,680,35.55,12,873,20,1760987196
0.012,9,19,2966,8532,688,675,35.4,13,874,20,1760987196
0.006,9,19,2932,8289,668,655,34.4,13,875,20,1760987196
0,11,22,3368,10509,698,683,35.9,16,876,20,1760987196
0.007,12,24,3846,11756,710,693,36.5,19,877,20,1760987196
0.013,9,18,2467,7829,729,710,37.45,16,878,20,1760987196
0.006,11,22,2986,9580,731,715,37.55,16,879,20,1760987196
0,9,18,2394,8034,714,695,36.7,16,880,20,1760987196
0.014,8,16,2020,7014,703,683,36.15,14,881,20,1760987196
0,10,20,2951,8671,713,694,36.65,13,882,20,1760987196
0,10,20,2169,7644,697,679,35.85,10,883,20,1760987196
0,11,22,2728,8510,706,689,36.3,12,884,20,1760987196
0.015,10,20,2772,8591,686,671,35.3,10,885,20,1760987196
0,11,22,2703,8497,686,669,35.3,12,886,20,1760987196
0.016,11,22,2637,8366,699,682,35.95,12,887,20,1760987196
0,12,24,2912,9096,709,691,36.45,15,888,20,1760987196
0,11,22,2709,8414,689,673,35.45,13,889,20,1760987196
0.008,13,27,5036,12534,671,653,34.55,13,890,20,1760987196
0.013,13,26,2894,8662,678,665,34.9,14,891,20,1760987196
0,12,24,3021,8841,670,651,34.5,16,892,20,1760987196
0,13,26,2714,8795,689,674,35.45,16,893,20,1760987196
0,15,30,2890,9205,679,661,34.95,17,894,20,1760987196
0,15,30,3110,9515,671,653,34.55,17,895,20,1760987196
0,17,34,3384,10620,684,667,35.2,19,896,20,1760987196
0.016,20,41,5414,15359,701,674,36.05,19,897,20,1760987196
0.022,20,41,6500,17027,734,709,37.7,20,898,20,1760987196
0.006,19,39,5951,15571,714,689,36.7,19,899,20,1760987196
0.015,18,36,6525,16010,710,677,36.5,19,900,20,1760987196
0.018,15,30,4176,11444,739,718,37.95,19,901,20,1760987196
0,13,26,3943,11000,731,710,37.55,18,902,20,1760987196
0,14,28,4387,11913,713,690,36.65,18,903,20,1760987196
0,13,26,4112,11032,695,671,35.75,17,904,20,1760987196
0,14,28,4287,11378,675,653,34.75,16,905,20,1760987196
0.001,13,26,4018,10684,659,637,33.95,15,906,20,1760987196
0.002,13,26,3817,10250,639,617,32.95,16,907,20,1760987196
0.014,15,30,4137,11435,626,604,32.3,18,908,20,1760987196
0.013,13,26,3762,10119,611,592,31.55,18,909,20,1760987196
0,15,30,3969,10780,623,602,32.15,18,910,20,1760987196
0,13,26,3032,8819,604,586,31.2,21,911,20,1760987196
0.014,13,26,2825,8466,583,568,30.15,16,912,20,1760987196
0.018,18,36,4750,13056,599,578,30.95,17,913,20,1760987196
0.014,22,44,6177,16605,610,588,31.5,22,914,20,1760987196
0.025,25,51,7838,21046,662,631,34.1,24,915,20,1760987196
0.01,22,45,5472,16280,655,629,33.75,21,916,20,1760987196
0.015,22,44,7071,18556,654,629,33.7,24,917,20,1760987196
0.011,20,40,6119,16615,634,613,32.7,22,918,20,1760987196
0.012,19,38,5747,15921,617,596,31.85,21,919,20,1760987196
0.007,11,22,2863,8989,623,605,32.15,20,920,20,1760987196
0.009,14,28,4183,11828,609,591,31.45,18,921,20,1760987196
0.007,12,25,2323,7742,587,572,30.35,18,922,20,1760987196
0.006,14,28,3050,9478,594,577,30.7,18,923,20,1760987196
0.005,14,28,3115,9365,582,564,30.1,18,924,20,1760987196
0,11,22,2774,8259,572,556,29.6,17,925,20,1760987196
0.003,8,17,1560,5626,567,558,29.35,13,926,20,1760987196
0.002,8,17,1468,5418,549,540,28.45,13,927,20,1760987196
0.003,10,20,1914,6566,616,604,31.8,15,928,20,1760987196
0.002,8,16,1406,5469,631,623,32.55,10,929,20,1760987196
0.004,8,16,1327,5229,608,600,31.4,10,930,20,1760987196
0,8,16,1709,6118,655,647,33.75,10,931,20,1760987196
0.014,9,18,1827,6438,637,628,32.85,11,932,20,1760987196
0.008,8,16,1648,5990,617,608,31.85,11,933,20,1760987196
0.005,10,20,1860,6717,597,590,30.85,11,934,20,1760987196
0.002,9,18,1759,6368,599,592,30.95,9,935,20,1760987196
0.003,9,18,1708,6172,579,572,29.95,9,936,20,1760987196
0.004,10,20,1757,6383,570,562,29.5,10,937,20,1760987196
0,11,22,1831,6687,582,576,30.1,11,938,20,1760987196
0.014,9,18,1662,6028,562,557,29.1,9,939,20,1760987196
0,9,18,1612,5841,542,537,28.1,9,940,20,1760987196
0,9,18,1557,5660,522,517,27.1,9,941,20,1760987196
0.002,9,18,1604,5842,542,537,28.1,10,942,20,1760987196
0.002,9,18,1536,5644,522,517,27.1,10,943,20,1760987196
0.004,9,18,1750,6382,608,600,31.4,14,944,20,1760987196
0.003,8,16,1509,5666,608,602,31.4,12,945,20,1760987196
0.002,7,14,1387,5203,588,582,30.4,11,946,20,1760987196
0.004,7,15,1615,5781,588,582,30.4,11,947,20,1760987196
0.007,11,23,3147,9254,635,622,32.75,14,948,20,1760987196
0.005,10,21,2193,7557,662,647,34.1,19,949,20,1760987196
0.003,10,21,2889,8632,639,623,32.95,14,950,20,1760987196
0.007,12,25,3464,9973,622,602,32.1,18,951,20,1760987196
0.004,16,32,3948,11646,645,622,33.25,16,952,20,1760987196
0,12,25,3096,9128,648,627,33.4,17,953,20,1760987196
0.005,12,24,2597,8424,713,693,36.65,17,954,20,1760987196
0.007,11,22,3438,9847,697,683,35.85,13,955,20,1760987196
0.005,11,22,3862,10775,709,692,36.45,12,956,20,1760987196
0,8,17,3248,9275,678,663,34.9,12,957,20,1760987196
0,7,14,2118,6834,710,699,36.5,13,958,20,1760987196
0,9,18,2895,8236,677,662,34.85,14,959,20,1760987196
0.007,10,20,4276,10537,681,661,35.05,17,960,20,1760987196
0,7,14,2137,6780,651,640,33.55,13,961,20,1760987196
0.013,8,16,2670,7692,630,618,32.5,13,962,20,1760987196
0.012,9,18,2954,8449,647,635,33.35,18,963,20,1760987196
0.006,9,18,2651,8075,680,668,35,18,964,20,1760987196
0.005,8,16,2666,8130,695,683,35.75,17,965,20,1760987196
0.003,8,16,2521,7769,672,660,34.6,17,966,20,1760987196
0.006,18,36,4842,14148,687,672,35.35,19,967,20,1760987196
0.007,18,37,5435,15047,677,661,34.85,17,968,20,1760987196
0.009,17,34,5738,15058,687,671,35.35,15,969,20,1760987196
0.014,19,39,6729,17919,735,717,37.75,20,970,20,1760987196
0.013,19,38,6720,17838,725,708,37.25,22,971,20,1760987196
0.011,22,44,6813,18920,721,701,37.05,21,972,20,1760987196
