0.017,0,1,614,2048,191,191,24.875,0,0,8,17
0.006,0,1,321,1103,151,151,19.875,0,5,8,17
0.01,1,2,421,1364,143,141,18.875,1,10,8,17
0.006,1,2,404,1373,159,159,20.875,1,15,8,17
0.006,1,2,308,1047,119,119,15.875,1,20,8,17
0.009,2,4,412,1406,149,148,19.625,2,25,8,17
0,1,2,257,917,139,138,18.375,1,30,8,17
0.012,1,2,332,1180,162,161,21.25,1,35,8,17
0.004,2,4,391,1368,160,157,21,2,40,8,17
0,1,2,318,1152,166,164,21.75,1,45,8,17
0.013,0,1,265,938,140,140,18.5,0,50,8,17
0,0,1,177,604,100,100,13.5,0,55,8,17
0,0,1,333,1151,177,177,23.125,0,60,8,17
0,0,1,299,1054,160,160,21,0,65,8,17
0,0,1,257,885,132,132,17.5,0,70,8,17
0.016,0,1,220,827,125,125,16.625,0,75,8,17
0.001,1,2,212,749,116,116,15.5,1,80,8,17
0.007,0,1,214,847,163,163,21.375,0,85,8,17
0.003,1,2,264,941,158,156,20.75,1,90,8,17
0.009,1,1,714,2298,-2,148,19.5,4,95,8,17
0.033,5,5,2140,6535,-2,108,15.25,4,100,8,17
0.006,1,1,537,2053,-2,136,18,3,105,8,17
0.035,2,2,2176,6850,-2,168,22.125,3,110,8,17
0.009,3,4,862,2763,136,130,18,2,115,8,17
0.006,1,2,493,1630,145,143,19.125,1,120,8,17
0,1,2,541,1804,136,136,18,1,125,8,17
0.016,1,1,894,2983,-2,153,20.125,2,130,8,17
0.017,1,1,712,2508,-2,159,20.875,2,135,8,17
0,0,1,388,1345,191,191,24.875,0,140,8,17
0,0,1,395,1366,184,184,24,0,145,8,17
0,0,1,316,1107,157,157,20.625,0,150,8,17
0.015,0,1,408,1378,155,155,20.375,0,155,8,17
0.022,2,4,1356,3835,215,213,27.875,2,160,8,17
0.01,2,4,895,2740,175,173,22.875,2,165,8,17
0.016,1,2,399,1367,135,133,17.875,1,170,8,17
0,0,1,444,1512,166,166,21.75,0,175,8,17
0.017,0,1,536,1782,180,180,23.5,0,180,8,17
0.008,0,1,478,1571,140,140,18.5,0,185,8,17
0.006,1,2,964,3130,204,204,26.5,1,190,8,17
0.016,0,1,717,2339,183,183,23.875,0,195,8,17
0.048,2,3,2573,5842,166,164,21.75,1,200,8,17
0.005,0,1,372,1217,137,137,18.125,0,205,8,17
0,0,1,261,867,115,115,15.375,0,210,8,17
0,2,4,943,3070,174,174,22.75,2,215,8,17
0,3,6,921,3065,163,163,21.375,3,220,8,17
0.064,5,7,4253,10580,160,156,21,4,225,8,17
0.015,3,5,1144,3639,164,160,21.5,4,230,8,17
0.017,1,1,670,2451,-2,162,21.25,1,235,8,17
0,0,1,280,1000,158,158,20.75,0,240,8,17
0.063,3,3,4054,11589,-2,180,23.75,2,245,8,17
0.016,2,4,688,2322,175,173,22.875,2,250,8,17
0,2,4,552,1905,135,133,17.875,2,255,8,17
0,1,2,280,957,148,146,19.5,1,260,8,17
0.032,4,5,2421,6402,218,213,28.25,4,265,8,17
0.031,2,2,1787,5428,-2,197,25.75,4,270,8,17
0.016,2,2,1222,3976,-2,186,24.5,2,275,8,17
0.016,1,1,658,2302,-2,148,19.5,2,280,8,17
0,1,2,194,724,138,136,18.25,1,285,8,17
0.016,0,1,274,938,148,148,19.5,0,290,8,17
0,1,2,417,1422,208,206,27,1,295,8,17
0.015,1,3,557,1885,168,166,22,2,300,8,17
0,1,2,560,1767,158,156,20.75,1,305,8,17
0,1,2,433,1422,137,136,18.125,1,310,8,17
0.008,3,5,1226,3688,196,196,25.5,3,315,8,17
0.016,2,3,696,2262,156,156,20.5,2,320,8,17
0,2,4,344,1213,122,122,16.25,2,325,8,17
0,0,1,168,632,129,129,17.125,0,330,8,17
0,0,1,147,585,126,126,16.75,0,335,8,17
0,0,1,147,600,133,133,17.625,0,340,8,17
0.036,1,2,1739,3999,206,204,26.75,1,345,8,17
0.024,2,3,1429,3463,184,180,24,2,350,8,17
0.031,2,3,2096,4868,180,177,23.5,2,355,8,17
0.021,2,3,1270,3379,140,137,18.5,2,360,8,17
0.016,2,3,955,2793,182,181,23.75,3,365,8,17
0.004,2,4,593,2035,170,170,22.25,3,370,8,17
0.01,2,3,793,2524,171,171,22.375,2,375,8,17
0.018,2,4,693,2313,191,191,24.875,2,380,8,17
0,0,1,413,1419,176,176,23,0,385,8,17
0,0,1,360,1252,163,163,21.375,0,390,8,17
0,1,2,326,1127,145,144,19.125,1,395,8,17
0.033,2,3,1330,3538,179,176,23.375,2,400,8,17
0.03,4,5,2207,5679,172,167,22.5,3,405,8,17
0.041,5,7,2458,6317,155,150,20.375,3,410,8,17
0.023,5,8,2273,6463,192,188,25,5,415,8,17
0.016,4,6,2029,5551,181,181,23.625,5,420,8,17
0.018,4,6,1236,3884,157,157,20.625,5,425,8,17
0.078,6,6,4947,12550,-2,144,19,4,430,8,17
0.031,4,4,2111,6752,-2,175,22.875,4,435,8,17
0.016,1,1,708,2409,-2,165,21.625,2,440,8,17
0.004,1,2,213,784,137,133,18.125,1,445,8,17
0.009,1,2,1193,3441,185,185,24.125,1,450,8,17
0.016,1,2,992,3017,192,192,25,3,455,8,17
0.016,1,2,729,2403,165,165,21.625,3,460,8,17
0,1,2,312,1067,133,131,17.625,1,465,8,17
0.02,2,3,1155,3413,195,195,25.375,2,470,8,17
0,2,3,793,2530,155,155,20.375,2,475,8,17
0.015,2,2,1129,3428,-2,150,19.75,2,480,8,17
0,1,1,454,1546,-2,110,14.75,1,485,8,17
0,0,1,277,911,100,100,13.5,0,490,8,17
0.016,1,2,425,1392,156,154,20.5,1,495,8,17
0.017,2,3,684,1956,116,114,15.5,2,500,8,17
0.007,1,2,633,2075,191,189,24.875,1,505,8,17
0.008,0,1,614,1992,173,173,22.625,0,510,8,17
0.023,2,2,1708,5244,-2,171,22.375,2,515,8,17
0.019,1,1,1025,3431,-2,202,26.25,4,520,8,17
0.014,3,6,739,2338,167,163,21.875,3,525,8,17
0,2,4,547,1802,153,149,20.125,2,530,8,17
0.015,1,2,487,1620,183,183,23.875,1,535,8,17
0.013,1,2,508,1664,189,187,24.625,1,540,8,17
0.004,1,2,363,1219,149,147,19.625,1,545,8,17
0.007,1,2,362,1228,156,154,20.5,1,550,8,17
0.002,3,6,627,2149,167,165,21.875,3,555,8,17
0.016,2,4,445,1550,127,127,16.875,2,560,8,17
0,1,2,261,935,127,127,16.875,1,565,8,17
0,1,2,398,1353,147,145,19.375,1,570,8,17
0.084,5,5,4864,11267,-2,156,20.75,4,575,8,17
0.044,5,5,2814,8097,-2,161,21.375,4,580,8,17
0.03,3,3,2313,6619,-2,182,24.25,4,585,8,17
0.032,2,2,1561,4862,-2,216,28.25,3,590,8,17
0.016,1,1,905,2943,-2,189,24.625,3,595,8,17
0.015,3,5,984,3444,176,176,23,3,600,8,17
0.023,3,5,1745,5148,184,182,24,2,605,8,17
0.009,1,2,860,2396,154,152,20.25,1,610,8,17
0.018,1,2,507,1540,114,112,15.25,1,615,8,17
0,0,1,210,718,103,103,13.875,0,620,8,17
0.011,0,1,234,854,124,124,16.5,0,625,8,17
0,0,1,263,965,176,176,23,0,630,8,17
0.016,2,3,1376,3961,204,200,26.5,2,635,8,17
0.019,2,3,1090,3418,184,180,24,2,640,8,17
0.015,3,5,1009,3367,183,179,23.875,3,645,8,17
0.03,3,5,1737,5194,216,212,28,3,650,8,17
0.025,3,5,1237,3971,176,172,23,3,655,8,17
0.006,1,2,688,2250,148,148,19.5,1,660,8,17
0,0,1,206,722,122,122,16.25,0,665,8,17
0.001,0,1,190,697,129,129,17.125,0,670,8,17
0.005,1,2,448,1437,152,150,20,1,675,8,17
0.026,1,1,1269,3301,-2,172,22.5,5,680,8,17
0,1,1,552,1873,-2,132,17.5,5,685,8,17
0.015,2,4,390,1323,132,128,17.5,2,690,8,17
0.025,1,1,1412,3678,-2,127,16.875,1,695,8,17
0.009,1,1,1041,2863,-2,108,14.5,2,700,8,17
0.015,1,1,840,2627,-2,155,20.375,3,705,8,17
0.021,6,8,1178,3831,172,163,22.5,4,710,8,17
0.009,0,1,333,1150,148,164,19.5,0,715,8,17
0.016,1,1,1228,3971,-2,225,26.875,1,720,8,17
0.006,1,1,829,2992,-2,189,22.625,2,725,8,17
0.016,0,1,797,2647,226,244,29.25,0,730,8,17
0.015,1,2,836,2777,215,231,27.875,1,735,8,17
0.016,2,4,908,2904,185,205,24.125,2,740,8,17
0.016,1,1,1159,3805,-2,239,28.125,4,745,8,17
0.02,1,1,718,2661,-2,209,24.375,2,750,8,17
0,2,4,410,1445,179,201,23.375,2,755,8,17
0.012,0,1,260,960,188,210,24.5,0,760,8,17
0,0,1,358,1282,202,224,26.25,0,765,8,17
0,0,1,306,1089,172,194,22.5,0,770,8,17
0.003,0,1,401,1392,186,208,24.25,0,775,8,17
0.019,2,3,1513,4368,267,286,34.375,2,780,8,17
0.039,2,2,2462,6781,-2,256,30.5,3,785,8,17
0.027,2,3,1898,5516,233,253,30.125,2,790,8,17
0.014,2,3,1172,3722,203,225,26.375,3,795,8,17
0.021,3,5,985,3189,194,215,25.25,6,800,8,17
0.01,1,2,1013,2587,186,207,24.25,1,805,8,17
0.016,0,1,227,824,155,177,20.375,0,810,8,17
0,1,2,275,1024,160,182,21,1,815,8,17
0,1,3,396,1357,159,181,20.875,2,820,8,17
0.015,1,2,342,1184,188,214,24.5,1,825,8,17
0,1,2,504,1744,228,256,29.5,1,830,8,17
0.016,1,2,619,2134,226,252,29.25,1,835,8,17
0.016,1,2,570,1945,209,237,27.125,1,840,8,17
0,1,2,443,1545,185,211,24.125,2,845,8,17
0.015,1,2,404,1250,183,209,23.875,1,850,8,17
0,1,2,323,1041,159,183,20.875,1,855,8,17
0.016,1,2,331,1151,196,222,25.5,1,860,8,17
0,1,3,334,1192,194,216,25.25,1,865,8,17
0,1,2,292,1038,169,196,22.125,1,870,8,17
0.032,1,1,1140,3368,-2,198,22.5,1,875,8,17
0,1,2,422,1444,193,220,25.125,1,880,8,17
0.017,1,2,437,1499,203,228,26.375,1,885,8,17
0,1,2,393,1347,178,205,23.25,1,890,8,17
0.014,0,1,329,1155,171,197,22.375,0,895,8,17
0.004,1,2,335,1149,169,197,22.125,1,900,8,17
0,1,2,325,1140,180,206,23.5,1,905,8,17
0.012,1,2,342,1137,180,206,23.5,1,910,8,17
0,0,1,247,864,154,180,20.25,0,915,8,17
0,0,1,256,919,177,205,23.125,0,920,8,17
0.001,1,2,416,1405,216,240,28,1,925,8,17
0,1,3,396,1356,190,216,24.75,2,930,8,17
0.048,5,5,3343,9165,-2,209,24.125,5,935,8,17
0.009,0,1,292,985,159,187,20.875,0,940,8,17
0.011,1,2,395,1346,188,214,24.5,1,945,8,17
0.004,1,2,410,1348,189,215,24.625,1,950,8,17
0.039,4,5,3156,7685,211,233,27.375,2,955,8,17
0.04,3,3,2669,7482,-2,232,26.25,2,960,8,17
0.007,0,1,381,1333,206,228,26.75,0,965,8,17
0,0,1,295,1051,176,208,23,0,970,8,17
0.016,1,1,1306,3777,-2,222,26,1,975,8,17
0,1,1,859,2839,-2,202,22.25,2,980,8,17
0,0,1,324,1142,200,222,26,0,985,8,17
0.016,2,3,917,3012,224,255,29,1,990,8,17
0,0,1,423,1449,203,225,26.375,0,995,8,17
0.019,0,1,344,1175,173,205,22.625,0,1000,8,17
0.007,1,2,439,1493,222,244,28.75,1,1005,8,17
0.008,0,1,356,1230,213,245,27.625,0,1010,8,17
0.004,0,1,347,1195,201,223,26.125,0,1015,8,17
0,0,1,278,973,171,203,22.375,0,1020,8,17
0,0,1,313,1084,187,209,24.375,0,1025,8,17
0,0,1,276,971,178,210,23.25,0,1030,8,17
0.011,1,2,465,1429,184,202,24,1,1035,8,17
0,0,1,293,1033,187,219,24.375,0,1040,8,17
0.034,2,2,1761,5269,-2,229,27,2,1045,8,17
0.028,3,4,1575,4960,213,243,27.625,3,1050,8,17
0,0,1,401,1418,224,246,29,0,1055,8,17
0,0,1,357,1252,194,226,25.25,0,1060,8,17
0.016,1,1,1272,3731,-2,219,25.625,1,1065,8,17
0,0,1,355,1209,183,215,23.875,0,1070,8,17
0.017,1,2,333,1107,165,185,21.625,1,1075,8,17
0,0,1,267,904,149,181,19.625,0,1080,8,17
0.017,1,2,1410,4237,268,290,34.5,3,1085,8,17
0.016,1,2,1177,3663,238,270,30.75,3,1090,8,17
0.016,1,2,1087,3520,247,269,31.875,3,1095,8,17
0,0,1,487,1651,217,249,28.125,0,1100,8,17
0,0,1,375,1279,197,219,25.625,0,1105,8,17
0.016,0,1,550,1827,216,248,28,0,1110,8,17
0,0,1,524,1732,196,218,25.5,0,1115,8,17
0.016,0,1,479,1582,177,209,23.125,0,1120,8,17
0.007,0,1,543,1834,239,261,30.875,0,1125,8,17
0.009,0,1,529,1785,237,269,30.625,0,1130,8,17
0.014,1,2,520,1751,228,248,29.5,1,1135,8,17
0.018,2,4,1068,3053,200,230,26,1,1140,8,17
0.026,2,4,1655,4027,223,243,28.875,2,1145,8,17
0.017,2,4,1224,3098,193,223,25.125,2,1150,8,17
0.048,4,4,3361,9051,-2,204,24,3,1155,8,17
0.016,1,2,423,1492,189,220,24.625,1,1160,8,17
0.016,1,1,956,3124,-2,240,28.25,2,1165,8,17
0,1,1,609,2283,-2,220,24.5,2,1170,8,17
0.024,2,3,983,3095,206,224,26.75,2,1175,8,17
0.007,0,1,244,894,174,198,22.75,0,1180,8,17
0,0,1,401,1384,184,204,24,0,1185,8,17
0.032,1,1,1462,4350,-2,246,28.75,4,1190,8,17
0.016,3,5,914,2755,197,214,25.625,3,1195,8,17
0.048,2,2,2817,8774,-2,223,26,5,1200,8,17
0.031,4,4,1875,6075,-2,192,22.75,3,1205,8,17
0,1,2,459,1529,168,194,22,1,1210,8,17
0.016,0,1,410,1397,178,196,23.25,0,1215,8,17
0,0,1,315,1104,156,182,20.5,0,1220,8,17
0.016,0,1,338,1162,177,195,23.125,0,1225,8,17
0.018,2,3,1190,3827,177,202,23.125,2,1230,8,17
0.012,1,1,1314,3823,-2,187,22.125,2,1235,8,17
0.046,2,2,2594,6293,-2,215,24.625,2,1240,8,17
0.032,3,3,1894,5650,-2,181,21.375,5,1245,8,17
0.032,5,5,1866,5730,-2,170,19,5,1250,8,17
0,0,1,214,751,135,161,17.875,0,1255,8,17
0.024,2,3,1305,3904,132,148,17.5,1,1260,8,17
0.055,4,4,3153,8131,-2,195,22.125,3,1265,8,17
0.01,3,5,874,2884,221,238,28.625,3,1270,8,17
0.018,3,5,1356,3425,190,202,24.75,3,1275,8,17
0.045,3,3,2735,7308,-2,190,22.75,5,1280,8,17
0.011,2,3,826,2452,156,168,20.5,2,1285,8,17
0.015,2,2,1291,4050,-2,185,22.125,2,1290,8,17
0.016,1,1,689,2393,-2,158,18.75,1,1295,8,17
0,0,1,272,945,136,154,18,0,1300,8,17
0,0,1,276,978,161,177,21.125,0,1305,8,17
0.016,0,1,194,696,137,155,18.125,0,1310,8,17
0.004,0,1,181,670,132,148,17.5,0,1315,8,17
0,0,1,227,850,169,189,22.125,0,1320,8,17
0,0,1,214,804,165,181,21.625,0,1325,8,17
0.028,1,1,2045,4726,-2,186,22,1,1330,8,17
0.034,1,1,1502,3767,-2,197,23.625,1,1335,8,17
0.014,1,1,1007,2714,-2,163,19.125,1,1340,8,17
0.007,1,1,597,1978,-2,187,22.375,1,1345,8,17
0,0,1,218,816,159,177,20.875,0,1350,8,17
0.034,3,4,2064,5068,173,185,22.625,2,1355,8,17
0.015,1,1,878,2489,-2,165,19.375,3,1360,8,17
0.014,1,1,530,1765,-2,163,19.375,3,1365,8,17
0.004,1,2,175,652,122,138,16.25,1,1370,8,17
0.011,2,3,1356,3647,211,226,27.375,3,1375,8,17
0.06,4,6,3256,8709,261,276,33.625,6,1380,8,17
0.02,3,5,1973,5755,242,258,31.25,4,1385,8,17
0.028,2,3,1200,3672,206,224,26.75,3,1390,8,17
0,1,2,436,1495,172,188,22.5,1,1395,8,17
0.016,1,3,489,1709,218,236,28.25,2,1400,8,17
0,0,1,268,980,184,200,24,0,1405,8,17
0,0,1,218,790,148,166,19.5,0,1410,8,17
0.013,0,1,244,873,156,172,20.5,0,1415,8,17
0,1,2,468,1556,170,186,22.25,1,1420,8,17
0.017,1,2,709,2355,220,234,28.5,1,1425,8,17
0.03,2,4,1745,5050,230,246,29.75,2,1430,8,17
0.016,1,2,1257,3859,196,212,25.5,1,1435,8,17
0.032,2,4,1296,3989,179,193,23.375,2,1440,8,17
0,2,4,690,2147,170,188,22.25,2,1445,8,17
0.023,2,4,528,1767,175,191,22.875,2,1450,8,17
0,2,4,390,1349,152,166,20,2,1455,8,17
0.001,0,1,223,792,144,162,19,0,1460,8,17
0,1,2,247,821,130,144,17.25,1,1465,8,17
0.064,3,3,3681,8661,-2,221,26.625,2,1470,8,17
0.031,3,3,2512,6466,-2,185,22.375,2,1475,8,17
0.015,1,1,909,2644,-2,180,21.25,1,1480,8,17
0,0,1,172,646,129,145,17.125,0,1485,8,17
0,0,1,172,623,123,141,16.375,0,1490,8,17
0,0,1,480,1644,202,218,26.25,0,1495,8,17
0.016,1,2,543,1837,194,212,25.25,1,1500,8,17
0.016,1,2,669,2198,195,211,25.375,1,1505,8,17
0.012,2,4,761,2492,189,207,24.625,2,1510,8,17
0.001,1,2,530,1745,155,171,20.375,1,1515,8,17
0,0,1,337,1139,147,165,19.375,0,1520,8,17
0,1,2,623,2045,174,190,22.75,1,1525,8,17
0.016,1,2,515,1718,157,175,20.625,2,1530,8,17
0,0,1,217,771,140,156,18.5,0,1535,8,17
0,1,2,343,1152,165,181,21.625,1,1540,8,17
0.016,0,1,264,919,160,176,21,0,1545,8,17
0.019,1,1,1236,3279,-2,180,21.25,1,1550,8,17
0,0,1,196,702,128,144,17,0,1555,8,17
0.014,0,1,188,687,130,148,17.25,0,1560,8,17
0.014,2,2,1570,4353,-2,192,22.375,2,1565,8,17
0.016,0,1,387,1322,191,217,24.875,0,1570,8,17
0,1,2,386,1279,169,210,22.125,1,1575,8,17
0.016,1,2,359,1205,138,187,18.25,1,1580,8,17
0.009,0,1,260,891,155,196,20.375,0,1585,8,17
0.003,1,2,233,819,131,176,17.375,1,1590,8,17
0.016,1,2,1294,4004,139,181,18.375,1,1595,8,17
0,0,1,278,952,152,197,20,0,1600,8,17
0.031,1,1,1458,3521,-2,197,20.5,1,1605,8,17
0,1,1,747,2193,-2,178,17.625,1,1610,8,17
0,1,1,457,1489,-2,159,15.75,2,1615,8,17
0,1,2,213,721,118,162,15.75,1,1620,8,17
0.063,3,3,3295,8486,-2,193,20,2,1625,8,17
0,1,1,822,2594,-2,207,21.25,2,1630,8,17
0.002,2,4,414,1494,177,215,23.125,3,1635,8,17
0.014,4,7,615,2122,170,209,22.25,5,1640,8,17
0,1,2,258,938,139,178,18.375,1,1645,8,17
0,0,1,151,554,107,152,14.375,0,1650,8,17
0.057,3,4,2799,5905,140,175,18.5,2,1655,8,17
0.029,2,3,1759,4497,133,179,17.625,2,1660,8,17
0,1,2,367,1247,166,205,21.75,1,1665,8,17
0.015,1,1,1105,3361,-2,207,21.25,1,1670,8,17
0,0,1,360,1235,156,197,20.5,0,1675,8,17
0.032,3,5,1486,3693,168,211,22,2,1680,8,17
0,2,4,755,2137,140,179,18.5,2,1685,8,17
0,1,2,395,1215,108,151,14.5,1,1690,8,17
0,0,1,225,799,149,190,19.625,0,1695,8,17
0.048,3,4,2466,5822,187,226,24.375,2,1700,8,17
0,1,3,455,1522,167,210,21.875,1,1705,8,17
0.016,1,2,339,1200,161,204,21.125,1,1710,8,17
0,0,1,249,871,133,174,17.625,0,1715,8,17
0.016,1,1,1172,3467,-2,205,21,1,1720,8,17
0.015,0,1,207,742,132,176,17.5,0,1725,8,17
0.02,1,2,1200,3218,172,215,22.5,1,1730,8,17
0.013,1,2,884,2724,199,238,25.875,1,1735,8,17
0.015,3,5,743,2459,169,210,22.125,3,1740,8,17
0,0,1,202,742,139,180,18.375,0,1745,8,17
0,0,1,327,1131,171,216,22.375,0,1750,8,17
0.016,0,1,350,1174,164,205,21.5,0,1755,8,17
0,0,1,256,867,132,177,17.5,0,1760,8,17
0.016,1,1,1060,3130,-2,231,24.75,3,1765,8,17
0.016,1,1,684,2230,-2,203,20.75,4,1770,8,17
0.011,1,2,235,834,136,175,18,2,1775,8,17
0.018,1,2,930,2930,163,208,21.375,1,1780,8,17
0.007,1,2,822,2685,170,211,22.25,1,1785,8,17
0,0,1,260,916,161,206,21.125,0,1790,8,17
0,1,2,281,962,144,184,19,1,1795,8,17
0,1,2,179,665,112,156,15,1,1800,8,17
0,0,1,234,853,158,199,20.75,0,1805,8,17
0,1,2,270,926,143,187,18.875,1,1810,8,17
0,0,1,384,1308,167,208,21.875,0,1815,8,17
0.016,0,1,382,1328,176,221,23,0,1820,8,17
0,0,1,543,1833,209,250,27.125,0,1825,8,17
0.016,1,2,574,1943,177,222,23.125,1,1830,8,17
0.016,2,4,669,2336,184,225,24,2,1835,8,17
0,1,2,328,1178,171,216,22.375,2,1840,8,17
0.015,1,2,275,940,145,184,19.125,1,1845,8,17
0,1,2,197,721,137,180,18.125,2,1850,8,17
0.017,1,1,1298,3243,-2,168,16.875,2,1855,8,17
0.015,1,1,832,2314,-2,161,15.5,1,1860,8,17
0.016,1,2,435,1411,150,189,19.75,1,1865,8,17
0.017,3,5,1461,4662,172,217,22.5,2,1870,8,17
0.049,3,3,2601,7158,-2,245,26.5,3,1875,8,17
0.014,2,2,1274,4029,-2,217,22.5,4,1880,8,17
0.019,2,4,537,1793,174,212,22.75,2,1885,8,17
0,1,2,504,1689,160,205,21,1,1890,8,17
0.003,1,2,634,2104,202,243,26.25,1,1895,8,17
0.013,0,1,497,1629,170,215,22.25,0,1900,8,17
0,1,2,549,1831,177,218,23.125,1,1905,8,17
0.025,1,2,849,2572,157,202,20.625,1,1910,8,17
0.008,0,1,285,968,153,194,20.125,0,1915,8,17
0.014,1,2,996,2979,161,206,21.125,1,1920,8,17
0.016,1,2,862,2647,156,197,20.5,1,1925,8,17
0,1,2,641,2045,124,169,16.5,1,1930,8,17
0.016,0,1,346,1185,170,211,22.25,0,1935,8,17
0,1,2,363,1172,162,205,21.25,1,1940,8,17
0.016,1,2,415,1331,168,207,22,1,1945,8,17
0.009,1,2,408,1340,167,210,21.875,1,1950,8,17
0.007,1,2,366,1212,155,194,20.375,1,1955,8,17
0.018,1,2,1067,2799,155,200,20.375,1,1960,8,17
0,1,2,245,814,127,168,16.875,1,1965,8,17
0,0,1,178,626,120,165,16,0,1970,8,17
0.01,1,2,274,927,131,170,17.375,1,1975,8,17
0.032,2,2,2199,6165,-2,235,25,2,1980,8,17
0.032,3,3,2524,7636,-2,247,27,6,1985,8,17
0.01,1,1,840,2867,-2,221,23,6,1990,8,17
0.019,2,2,1221,3706,-2,190,19.625,3,1995,8,17
0,1,1,447,1659,-2,162,15.625,2,2000,8,17
0.013,1,2,212,764,135,174,17.875,1,2005,8,17
0.016,1,1,1444,3987,-2,204,20.875,1,2010,8,17
0.016,1,1,1125,3420,-2,232,24.875,3,2015,8,17
0.016,1,1,733,2491,-2,204,20.875,3,2020,8,17
0.016,1,1,1149,3149,-2,194,20.125,1,2025,8,17
0.016,1,1,640,2071,-2,178,17.625,1,2030,8,17
0,1,2,428,1348,121,161,16.125,1,2035,8,17
0,0,1,262,853,117,162,15.625,0,2040,8,17
0,0,1,278,924,148,189,19.5,0,2045,8,17
0.017,0,1,375,1261,178,223,23.25,0,2050,8,17
0,0,1,321,1089,150,191,19.75,0,2055,8,17
0,0,1,226,791,118,163,15.75,0,2060,8,17
0.015,0,1,218,753,129,170,17.125,0,2065,8,17
0,1,2,523,1685,183,226,23.875,1,2070,8,17
0.017,2,4,1028,3022,210,248,27.25,1,2075,8,17
0.019,1,2,441,1519,177,222,23.125,1,2080,8,17
0,0,1,354,1199,149,190,19.625,0,2085,8,17
0.012,0,1,249,864,117,162,15.625,0,2090,8,17
0.016,3,5,1379,4120,182,221,23.75,3,2095,8,17
0.047,4,4,2497,6926,-2,193,19.5,3,2100,8,17
0.018,3,3,1172,3660,-2,161,16,3,2105,8,17
0.007,0,1,297,1059,154,199,20.25,0,2110,8,17
0.024,2,4,1405,3960,205,242,26.625,2,2115,8,17
0.014,3,5,1112,3354,173,214,22.625,3,2120,8,17
0.023,3,5,1169,3618,145,182,19.125,3,2125,8,17
0.008,1,2,356,1233,150,195,19.75,1,2130,8,17
0,1,1,723,2313,-2,205,21.5,1,2135,8,17
0.016,1,2,313,1032,134,177,17.75,1,2140,8,17
0,1,2,313,1045,150,189,19.75,1,2145,8,17
0.016,2,4,428,1367,149,190,19.625,3,2150,8,17
0,2,3,502,1586,138,180,18.25,2,2155,8,17
0,1,2,224,789,134,179,17.75,1,2160,8,17
0,0,1,214,751,133,175,17.625,0,2165,8,17
0,1,2,352,1117,145,191,19.125,1,2170,8,17
0.016,0,1,226,795,143,184,18.875,0,2175,8,17
0,1,2,239,885,148,192,19.5,1,2180,8,17
0,1,2,208,757,120,160,16,1,2185,8,17
0,0,1,195,677,121,166,16.125,0,2190,8,17
0,0,1,226,793,143,184,18.875,0,2195,8,17
0.016,2,3,1302,3604,193,236,25.125,1,2200,8,17
0.016,2,3,1016,2972,165,204,21.625,1,2205,8,17
0.02,2,3,674,2143,155,198,20.375,1,2210,8,17
0.011,1,2,806,2270,146,186,19.25,1,2215,8,17
0,1,2,455,1513,114,158,15.25,1,2220,8,17
0,0,1,288,989,166,207,21.75,0,2225,8,17
0,0,1,246,872,153,198,20.125,0,2230,8,17
0.016,0,1,279,994,176,217,23,0,2235,8,17
0,0,1,235,853,156,201,20.5,0,2240,8,17
0,0,1,215,751,128,169,17,0,2245,8,17
0.016,1,2,329,1061,145,189,19.125,1,2250,8,17
0,0,1,250,862,151,192,19.875,0,2255,8,17
0,0,1,187,681,135,180,17.875,0,2260,8,17
0.015,2,4,708,2065,133,172,17.625,2,2265,8,17
0.011,0,1,194,700,138,183,18.25,0,2270,8,17
0.005,0,1,304,1132,184,225,24,0,2275,8,17
0,0,1,208,772,152,197,20,0,2280,8,17
0.009,0,1,179,649,124,165,16.5,0,2285,8,17
0.006,0,1,469,1565,178,223,23.25,0,2290,8,17
0.016,1,2,806,2648,207,248,26.875,1,2295,8,17
0,1,2,694,2300,175,220,22.875,1,2300,8,17
0,1,3,692,2278,158,199,20.75,1,2305,8,17
0.016,2,4,545,1789,151,196,19.875,1,2310,8,17
0.032,3,4,2212,5140,185,224,24.125,2,2315,8,17
0.031,6,9,1572,4527,157,196,20.625,5,2320,8,17
0.016,2,2,1009,2937,-2,194,20.375,3,2325,8,17
0.017,1,1,721,2286,-2,193,19.25,2,2330,8,17
0.014,4,5,953,3247,171,207,22.375,3,2335,8,17
0.016,3,5,702,1982,156,193,20.5,2,2340,8,17
0.02,1,1,1267,3563,-2,163,18.625,1,2345,8,17
0.011,0,1,327,1074,147,172,19.375,0,2350,8,17
0,0,1,319,1079,166,192,21.75,0,2355,8,17
0,0,1,361,1212,183,211,23.875,0,2360,8,17
0.016,0,1,289,984,157,187,20.625,0,2365,8,17
0,0,1,302,1026,176,204,23,0,2370,8,17
0,0,1,244,846,150,180,19.75,0,2375,8,17
0,0,1,234,786,135,163,17.875,0,2380,8,17
0,0,1,512,1654,182,212,23.75,0,2385,8,17
0.016,1,2,642,2062,195,223,25.375,1,2390,8,17
0.015,1,2,552,1802,169,199,22.125,1,2395,8,17
0,0,1,316,1078,175,203,22.875,0,2400,8,17
0,0,1,276,984,177,207,23.125,0,2405,8,17
0.01,1,2,775,2498,188,216,24.5,1,2410,8,17
0.006,2,4,490,1673,181,209,23.625,2,2415,8,17
0,1,2,274,943,157,183,20.625,1,2420,8,17
0.015,1,2,293,1011,152,180,20,1,2425,8,17
0,0,1,243,851,156,184,20.5,0,2430,8,17
0,1,2,281,1007,164,193,21.5,1,2435,8,17
0.016,1,2,926,2357,140,167,18.5,1,2440,8,17
0.033,3,5,1160,3692,197,227,25.625,4,2445,8,17
0.01,2,4,620,2066,175,201,22.875,2,2450,8,17
0.036,3,3,2594,7375,-2,210,23.75,3,2455,8,17
0.016,2,2,1352,4178,-2,198,22.25,2,2460,8,17
0.016,1,1,750,2475,-2,174,19,1,2465,8,17
0.017,0,1,381,1276,165,193,21.625,0,2470,8,17
0,1,2,678,2223,200,230,26,1,2475,8,17
0.015,2,4,890,2793,193,219,25.125,3,2480,8,17
0.02,2,4,695,2274,167,195,21.875,3,2485,8,17
0.012,1,2,355,1165,156,184,20.5,1,2490,8,17
0,3,6,430,1391,141,170,18.625,3,2495,8,17
0.014,0,1,358,1208,167,195,21.875,0,2500,8,17
0.016,3,5,2025,5130,190,218,24.75,3,2505,8,17
0.017,1,1,1396,3673,-2,195,21.875,3,2510,8,17
0,1,2,353,1200,172,200,22.5,1,2515,8,17
0,1,2,342,1222,167,195,21.875,1,2520,8,17
0.008,1,2,293,1032,161,190,21.125,1,2525,8,17
0.007,0,1,339,1146,164,192,21.5,0,2530,8,17
0,0,1,329,1104,152,182,20,0,2535,8,17
0,0,1,297,978,135,163,17.875,0,2540,8,17
0,1,2,304,978,141,170,18.625,1,2545,8,17
0,1,2,423,1398,159,186,20.875,1,2550,8,17
0.016,0,1,501,1688,181,211,23.625,0,2555,8,17
0.016,0,1,534,1810,210,238,27.25,0,2560,8,17
0,0,1,416,1433,184,214,24,0,2565,8,17
0,0,1,308,1047,160,188,21,0,2570,8,17
0,1,2,284,950,157,186,20.625,1,2575,8,17
0,0,1,202,703,132,160,17.5,0,2580,8,17
0.032,2,2,1687,4668,-2,230,26.25,5,2585,8,17
0.018,3,5,833,2716,219,243,28.375,3,2590,8,17
0,2,4,601,2005,226,252,29.25,2,2595,8,17
0.045,3,3,2421,6930,-2,226,26,4,2600,8,17
0,1,2,308,1079,176,204,23,1,2605,8,17
0.016,2,4,353,1171,153,178,20.125,2,2610,8,17
0,1,2,229,788,134,163,17.75,1,2615,8,17
0.02,3,5,1280,3420,178,208,23.25,2,2620,8,17
0.012,2,3,917,2754,183,215,23.875,3,2625,8,17
0.05,4,4,2490,7076,-2,200,22.625,4,2630,8,17
0,2,4,319,1107,147,176,19.375,2,2635,8,17
0.014,0,1,219,759,138,166,18.25,0,2640,8,17
0.015,1,1,1159,3098,-2,163,17.625,2,2645,8,17
0.009,1,2,653,1971,152,180,20,2,2650,8,17
0,0,1,233,834,152,182,20,0,2655,8,17
0,0,1,210,730,128,156,17,0,2660,8,17
0.016,2,4,533,1684,182,209,23.75,4,2665,8,17
0,1,3,404,1278,159,185,20.875,2,2670,8,17
0.016,1,2,307,1038,154,182,20.25,1,2675,8,17
0,1,2,489,1597,196,224,25.5,1,2680,8,17
0.016,1,2,414,1388,170,200,22.25,1,2685,8,17
0.034,2,2,2850,6299,-2,226,26,2,2690,8,17
0.019,2,2,1834,4458,-2,202,22.75,2,2695,8,17
0.016,1,1,1101,2923,-2,214,24.25,1,2700,8,17
0.03,1,1,1158,3601,-2,211,23.625,1,2705,8,17
0,0,1,306,1029,158,186,20.75,0,2710,8,17
0,2,4,378,1248,155,184,20.375,2,2715,8,17
0.015,1,2,412,1319,181,208,23.625,1,2720,8,17
0.018,1,2,1268,2662,155,184,20.375,1,2725,8,17
0.014,1,2,431,1438,159,187,20.875,1,2730,8,17
0,1,2,571,1900,182,212,23.75,1,2735,8,17
0.017,1,2,614,2027,189,215,24.625,1,2740,8,17
0,0,1,466,1562,182,212,23.75,0,2745,8,17
0.003,0,1,372,1237,158,186,20.75,0,2750,8,17
0.013,1,2,1317,3499,200,229,26,1,2755,8,17
0.015,2,4,913,2789,176,203,23,2,2760,8,17
0.017,0,1,272,948,153,183,20.125,0,2765,8,17
0.006,2,4,565,1736,186,212,24.25,2,2770,8,17
0.009,3,6,529,1743,178,206,23.25,3,2775,8,17
0,1,2,277,953,154,180,20.25,1,2780,8,17
0.016,1,2,336,1153,154,184,20.25,1,2785,8,17
0.016,3,5,1120,3447,184,210,24,2,2790,8,17
0.032,3,3,2559,6566,-2,219,24.875,2,2795,8,17
0,2,4,406,1326,169,193,22.125,3,2800,8,17
0.025,1,1,1127,3187,-2,206,23,5,2805,8,17
0.005,1,1,631,2322,-2,209,23.625,2,2810,8,17
0.016,1,1,877,2899,-2,216,24.25,4,2815,8,17
0,1,1,646,2331,-2,221,25.125,2,2820,8,17
0,1,3,307,1103,170,198,22.25,2,2825,8,17
0,0,1,271,959,174,202,22.75,0,2830,8,17
0.015,0,1,230,814,148,178,19.5,0,2835,8,17
0,0,1,279,991,185,213,24.125,0,2840,8,17
0,1,2,325,1171,192,221,25,1,2845,8,17
0.017,1,2,938,2398,168,195,22,1,2850,8,17
0.015,1,2,420,1357,202,230,26.25,1,2855,8,17
0,1,2,337,1142,178,204,23.25,1,2860,8,17
0.016,1,2,289,1037,170,198,22.25,1,2865,8,17
0,0,1,228,799,146,174,19.25,0,2870,8,17
0,0,1,273,952,155,185,20.375,0,2875,8,17
0.016,1,2,839,2431,156,183,20.5,1,2880,8,17
0.047,3,3,2657,6544,-2,231,26.375,3,2885,8,17
0.021,2,3,851,2690,177,205,23.125,2,2890,8,17
0,0,1,223,805,151,181,19.875,0,2895,8,17
0,0,1,223,772,140,168,18.5,0,2900,8,17
0,0,1,261,929,163,193,21.375,0,2905,8,17
0,0,1,430,1446,200,228,26,0,2910,8,17
0.017,1,2,955,3063,194,224,25.25,1,2915,8,17
0.014,0,1,360,1216,170,198,22.25,0,2920,8,17
0,1,3,459,1593,167,197,21.875,2,2925,8,17
0.016,0,1,247,851,143,171,18.875,0,2930,8,17
0,0,1,254,860,146,176,19.25,0,2935,8,17
0,1,2,288,945,153,180,20.125,1,2940,8,17
0,0,1,570,1864,200,230,26,0,2945,8,17
0.016,0,1,560,1811,195,223,25.375,0,2950,8,17
0.01,0,1,484,1610,192,222,25,0,2955,8,17
0.006,0,1,414,1361,168,196,22,0,2960,8,17
0,0,1,335,1115,156,186,20.5,0,2965,8,17
0.048,2,2,2592,6463,-2,196,22,2,2970,8,17
0.048,2,2,2985,7310,-2,250,28.75,2,2975,8,17
0.018,1,2,1059,3347,204,232,26.5,1,2980,8,17
0,0,1,498,1655,178,208,23.25,0,2985,8,17
0.029,4,6,1397,4227,188,213,24.5,3,2990,8,17
0,1,2,402,1387,161,190,21.125,1,2995,8,17
0.016,1,2,452,1492,192,219,25,1,3000,8,17
0.016,1,1,1243,3889,-2,234,26.5,1,3005,8,17
0.019,1,1,1301,3944,-2,257,29.625,5,3010,8,17
0,2,4,1022,3128,207,233,26.875,4,3015,8,17
0,2,4,717,2419,183,207,23.875,3,3020,8,17
0.015,0,1,220,800,157,187,20.625,0,3025,8,17
0,1,2,370,1238,189,215,24.625,1,3030,8,17
0,1,2,305,1057,163,191,21.375,2,3035,8,17
0.016,1,2,318,1119,179,205,23.375,2,3040,8,17
0,2,4,599,1864,201,229,26.125,2,3045,8,17
0.08,6,6,5614,13209,-2,203,23.25,4,3050,8,17
0.015,1,1,1185,3451,-2,243,27.625,5,3055,8,17
0.029,4,7,1371,4311,231,257,29.875,4,3060,8,17
0,1,3,552,1908,205,233,26.625,3,3065,8,17
0.016,0,1,395,1349,181,209,23.625,0,3070,8,17
0.005,0,1,298,1050,155,185,20.375,0,3075,8,17
0,0,1,348,1182,161,189,21.125,0,3080,8,17
0.01,3,6,606,1933,188,215,24.5,3,3085,8,17
0.016,2,4,486,1601,176,202,23,2,3090,8,17
0,1,2,296,994,150,178,19.75,1,3095,8,17
0,0,1,293,962,152,180,20,0,3100,8,17
0.016,0,1,259,867,142,172,18.75,0,3105,8,17
0,1,2,663,2289,229,257,29.625,1,3110,8,17
0.016,1,2,600,2097,203,233,26.375,1,3115,8,17
0.015,0,1,459,1526,194,222,25.25,0,3120,8,17
0.004,1,2,460,1539,185,215,24.125,1,3125,8,17
0,1,2,324,1090,161,189,21.125,1,3130,8,17
0,1,2,281,965,155,185,20.375,1,3135,8,17
0,0,1,249,846,147,175,19.375,0,3140,8,17
0.016,0,1,232,819,149,179,19.625,0,3145,8,17
0,0,1,293,996,167,195,21.875,0,3150,8,17
0,0,1,256,886,149,179,19.625,0,3155,8,17
0.017,0,1,404,1336,167,195,21.875,0,3160,8,17
0,0,1,407,1360,172,202,22.5,0,3165,8,17
0.03,1,2,1446,3508,206,232,26.75,1,3170,8,17
0.016,1,2,940,2523,180,208,23.5,1,3175,8,17
0.009,1,2,570,1740,156,182,20.5,1,3180,8,17
0.007,1,2,277,941,136,166,18,1,3185,8,17
0,0,1,267,922,171,199,22.375,0,3190,8,17
0.052,3,3,2934,7342,-2,207,23.25,4,3195,8,17
0.011,1,1,1305,3439,-2,196,22,2,3200,8,17
0.016,1,1,718,2225,-2,172,18.75,1,3205,8,17
0.014,0,1,301,1017,165,193,21.625,0,3210,8,17
0.001,1,2,515,1750,206,235,26.75,1,3215,8,17
0.014,1,2,483,1634,188,215,24.5,1,3220,8,17
0,1,3,732,2400,199,229,25.875,2,3225,8,17
0,1,2,601,1960,188,214,24.5,1,3230,8,17
0.016,1,2,586,1943,162,192,21.25,1,3235,8,17
0,1,2,513,1750,185,213,24.125,2,3240,8,17
0.017,2,4,504,1611,173,200,22.625,2,3245,8,17
0,0,1,240,828,150,178,19.75,0,3250,8,17
0,0,1,220,774,145,175,19.125,0,3255,8,17
0,1,2,783,2420,180,208,23.5,1,3260,8,17
0.02,1,3,473,1442,177,203,23.125,1,3265,8,17
0.012,1,1,767,2490,-2,196,21.5,2,3270,8,17
0,0,1,227,793,139,169,18.375,0,3275,8,17
0,0,1,207,705,128,156,17,0,3280,8,17
0.016,0,1,349,1163,156,186,20.5,0,3285,8,17
0,1,2,416,1375,173,200,22.625,1,3290,8,17
0.016,2,4,436,1510,176,205,23,2,3295,8,17
0,1,2,337,1149,161,188,21.125,1,3300,8,17
0.015,0,1,296,985,152,196,20,0,3305,8,17
0.017,2,3,937,2771,171,200,22.375,2,3310,8,17
0,2,4,479,1603,184,225,24,2,3315,8,17
0.024,2,4,858,2842,185,213,24.125,2,3320,8,17
0.007,0,1,317,1099,197,241,25.625,0,3325,8,17
0,0,1,313,1060,183,215,23.875,0,3330,8,17
0,0,1,302,1044,185,229,24.125,0,3335,8,17
0.016,0,1,296,999,171,203,22.375,0,3340,8,17
0,0,1,264,929,175,219,22.875,0,3345,8,17
0.016,1,2,421,1439,199,229,25.875,2,3350,8,17
0,1,2,350,1238,173,215,22.625,1,3355,8,17
0,0,1,332,1115,174,206,22.75,0,3360,8,17
0,0,1,293,1005,162,206,21.25,0,3365,8,17
0.017,1,1,1321,3552,-2,180,19.5,1,3370,8,17
0.015,1,1,960,2893,-2,220,23,2,3375,8,17
0.032,4,7,1737,4710,224,251,29,3,3380,8,17
0.031,5,8,1550,4848,198,239,25.75,5,3385,8,17
0.017,5,10,878,2695,184,211,24,5,3390,8,17
0,2,4,386,1319,175,218,22.875,2,3395,8,17
0.012,0,1,292,970,161,193,21.125,0,3400,8,17
0.004,0,1,237,795,135,179,17.875,0,3405,8,17
0,1,2,410,1392,212,243,27.5,1,3410,8,17
0.033,1,1,1521,4120,-2,262,28.25,4,3415,8,17
0.015,2,2,1567,4765,-2,236,26.5,3,3420,8,17
0.015,1,1,794,2579,-2,222,23.25,3,3425,8,17
0.032,3,3,1329,4408,-2,196,21.75,2,3430,8,17
0,1,2,356,1236,194,237,25.25,1,3435,8,17
0.014,1,2,328,1143,180,211,23.5,1,3440,8,17
0.007,2,4,512,1622,183,225,23.875,2,3445,8,17
0.04,3,3,3058,7490,-2,246,27.875,3,3450,8,17
0.016,2,3,789,2475,190,232,24.75,4,3455,8,17
0.016,1,1,1204,3327,-2,226,25.25,1,3460,8,17
0.016,1,1,891,2660,-2,236,25,3,3465,8,17
0.016,1,1,623,1969,-2,210,23.25,2,3470,8,17
0.017,1,1,896,2848,-2,221,23.125,1,3475,8,17
0,1,1,653,2253,-2,218,24.25,3,3480,8,17
0.001,2,3,621,2158,195,236,25.375,1,3485,8,17
0.015,0,1,369,1231,180,212,23.5,0,3490,8,17
0,0,1,310,1047,154,198,20.25,0,3495,8,17
0.032,1,1,1736,4574,-2,258,29.25,3,3500,8,17
0,0,1,448,1489,200,244,26,0,3505,8,17
0.017,1,2,568,1848,186,218,24.25,1,3510,8,17
0,0,1,358,1173,160,204,21,0,3515,8,17
0.015,1,2,548,1777,203,235,26.375,1,3520,8,17
0,1,2,434,1452,177,221,23.125,1,3525,8,17
0.006,1,2,465,1545,183,215,23.875,2,3530,8,17
0,0,1,347,1162,157,201,20.625,0,3535,8,17
0,1,2,377,1266,179,211,23.375,1,3540,8,17
0,0,1,261,883,153,197,20.125,0,3545,8,17
0.016,0,1,316,1062,183,215,23.875,0,3550,8,17
0,1,2,383,1279,190,232,24.75,1,3555,8,17
0.016,1,2,399,1338,204,234,26.5,1,3560,8,17
0,2,4,423,1429,197,237,25.625,2,3565,8,17
0.018,2,4,487,1567,180,215,23.5,2,3570,8,17
0.005,1,2,285,969,157,197,20.625,1,3575,8,17
0,0,1,248,822,139,175,18.375,0,3580,8,17
0,0,1,453,1469,183,223,23.875,0,3585,8,17
0.015,1,2,1169,3433,204,240,26.5,2,3590,8,17
0.016,1,2,695,2246,194,239,25.25,1,3595,8,17
0.007,1,2,1172,3290,214,256,27.75,2,3600,8,17
0.016,0,1,442,1445,196,240,25.5,0,3605,8,17
0,0,1,403,1345,208,246,27,0,3610,8,17
0.017,0,1,343,1149,190,234,24.75,0,3615,8,17
0,0,1,328,1092,178,216,23.25,0,3620,8,17
0.014,1,2,527,1774,198,241,25.75,1,3625,8,17
0,1,2,555,1854,207,243,26.875,1,3630,8,17
0.014,1,2,742,2472,232,276,30,2,3635,8,17
0.015,1,2,738,2436,220,258,28.5,1,3640,8,17
0.02,2,3,1036,3217,213,255,27.625,2,3645,8,17
0.012,1,2,641,2099,197,239,25.625,1,3650,8,17
0,1,2,567,1884,196,236,25.5,1,3655,8,17
0.016,1,2,449,1466,180,222,23.5,1,3660,8,17
0,1,2,420,1431,199,239,25.875,1,3665,8,17
0.017,0,1,486,1615,225,267,29.125,0,3670,8,17
0,0,1,488,1654,211,251,27.375,0,3675,8,17
0.016,2,3,1721,4833,229,268,29.625,2,3680,8,17
0.016,0,1,438,1522,213,253,27.625,0,3685,8,17
0,0,1,355,1217,197,239,25.625,0,3690,8,17
0.015,0,1,352,1216,183,223,23.875,0,3695,8,17
0,1,2,333,1135,184,224,24,1,3700,8,17
0.016,1,2,359,1234,172,210,22.5,1,3705,8,17
0,0,1,362,1201,194,236,25.25,0,3710,8,17
0.011,0,1,366,1243,180,220,23.5,0,3715,8,17
0.005,0,1,312,1056,183,225,23.875,0,3720,8,17
0.016,2,3,705,2473,194,232,25.25,2,3725,8,17
0,1,2,367,1215,192,226,25,1,3730,8,17
0,0,1,305,1025,170,210,22.25,0,3735,8,17
0.016,2,4,438,1441,178,214,23.25,2,3740,8,17
0,3,6,518,1679,185,222,24.125,3,3745,8,17
0.015,4,6,1341,4372,206,239,26.75,5,3750,8,17
0,1,2,358,1216,183,219,23.875,2,3755,8,17
0.016,0,1,297,1043,188,228,24.5,0,3760,8,17
0.016,1,2,750,2450,185,222,24.125,1,3765,8,17
0,1,2,362,1216,167,203,21.875,1,3770,8,17
0.012,0,1,292,976,162,200,21.25,0,3775,8,17
0.004,0,1,284,947,158,196,20.75,0,3780,8,17
0,0,1,456,1491,191,229,24.875,0,3785,8,17
0.016,1,2,638,2091,203,241,26.375,1,3790,8,17
0.017,1,2,607,1981,187,228,24.375,1,3795,8,17
0.011,2,4,765,2335,207,243,26.875,3,3800,8,17
0,1,2,493,1605,185,223,24.125,2,3805,8,17
0.031,3,3,2259,5936,-2,215,23.125,2,3810,8,17
0.017,0,1,294,966,157,195,20.625,0,3815,8,17
0,0,1,240,798,137,175,18.125,0,3820,8,17
0.015,1,2,586,1816,194,231,25.25,1,3825,8,17
0,1,2,468,1548,199,236,25.875,1,3830,8,17
0.016,1,2,417,1383,179,216,23.375,1,3835,8,17
0,1,2,341,1135,159,196,20.875,1,3840,8,17
0.015,0,1,299,993,164,202,21.5,0,3845,8,17
0,0,1,257,856,144,182,19,0,3850,8,17
0.032,2,2,2123,5919,-2,225,24.375,2,3855,8,17
0.032,2,2,2003,5888,-2,259,28.625,4,3860,8,17
0.034,3,4,1818,5904,201,239,26.125,4,3865,8,17
0,1,3,526,1789,181,219,23.625,2,3870,8,17
0.003,0,1,313,1083,188,226,24.5,0,3875,8,17
0.014,1,1,1084,3086,-2,222,24,1,3880,8,17
0.015,1,1,797,2411,-2,202,21.5,1,3885,8,17
0,1,2,277,924,148,182,19.5,1,3890,8,17
0.01,0,1,314,1040,171,209,22.375,0,3895,8,17
0.006,1,2,410,1381,202,240,26.25,1,3900,8,17
0,1,2,375,1247,182,220,23.75,1,3905,8,17
0.016,1,2,320,1067,162,200,21.25,1,3910,8,17
0,2,4,395,1318,165,203,21.625,2,3915,8,17
0.015,1,2,337,1144,168,206,22,1,3920,8,17
0,0,1,285,977,173,211,22.625,0,3925,8,17
0.016,1,1,953,2897,-2,209,22.375,1,3930,8,17
0.016,1,1,661,2262,-2,213,22.875,2,3935,8,17
0,1,2,340,1086,157,194,20.625,1,3940,8,17
0.015,0,1,270,921,162,200,21.25,0,3945,8,17
0,1,2,399,1286,182,219,23.75,1,3950,8,17
0,0,1,270,931,161,199,21.125,0,3955,8,17
0.032,4,4,2971,7827,-2,213,23,3,3960,8,17
0,1,2,317,1062,176,218,23,1,3965,8,17
0.016,1,2,564,1864,198,236,25.75,1,3970,8,17
0,0,1,429,1397,182,220,23.75,0,3975,8,17
0.016,1,2,505,1643,179,217,23.375,1,3980,8,17
0.032,3,3,2006,5648,-2,208,22.375,3,3985,8,17
0,2,4,394,1292,153,189,20.125,2,3990,8,17
0.016,2,4,948,2594,165,205,21.625,2,3995,8,17
0,0,1,276,916,156,190,20.5,0,4000,8,17
0,0,1,324,1056,176,224,23,0,4005,8,17
0,0,1,336,1121,188,224,24.5,0,4010,8,17
0.016,0,1,345,1166,195,241,25.375,0,4015,8,17
0,0,1,321,1092,185,221,24.125,0,4020,8,17
0,0,1,324,1087,180,226,23.5,0,4025,8,17
0,0,1,317,1065,180,216,23.5,0,4030,8,17
0,0,1,287,956,160,206,21,0,4035,8,17
0.017,0,1,522,1685,206,242,26.75,0,4040,8,17
0.008,0,1,549,1762,213,259,27.625,0,4045,8,17
0.007,0,1,483,1550,203,239,26.375,0,4050,8,17
0,0,1,410,1314,183,229,23.875,0,4055,8,17
0.016,0,1,389,1292,206,242,26.75,0,4060,8,17
0,0,1,349,1162,186,232,24.25,0,4065,8,17
0.016,0,1,354,1222,211,247,27.375,0,4070,8,17
0.047,2,2,3193,8057,-2,287,31.125,3,4075,8,17
0.065,3,3,3888,9852,-2,267,29.875,2,4080,8,17
0,0,1,538,1759,211,257,27.375,0,4085,8,17
0.033,1,1,1600,4510,-2,251,27.875,1,4090,8,17
0.016,1,1,1151,3466,-2,241,25.375,1,4095,8,17
0,0,1,387,1277,185,221,24.125,0,4100,8,17
0,1,2,562,1881,216,262,28,1,4105,8,17
0.019,1,2,474,1584,206,242,26.75,1,4110,8,17
0,1,2,397,1333,186,232,24.25,1,4115,8,17
0.013,1,2,1155,2562,178,212,23.25,1,4120,8,17
0.017,1,2,371,1190,182,226,23.75,1,4125,8,17
0,1,2,502,1673,219,255,28.375,1,4130,8,17
0.015,1,2,464,1523,199,245,25.875,1,4135,8,17
0,0,1,357,1175,189,225,24.625,0,4140,8,17
0.016,0,1,318,1044,169,215,22.125,0,4145,8,17
0.026,3,3,2634,7590,-2,248,27.5,2,4150,8,17
0.016,1,1,1179,3633,-2,238,25,1,4155,8,17
0.016,1,2,862,2747,208,243,27,1,4160,8,17
0,0,1,316,1071,187,233,24.375,0,4165,8,17
0,0,1,338,1131,191,227,24.875,0,4170,8,17
0,0,1,300,1000,171,217,22.375,0,4175,8,17
0.01,1,2,497,1589,192,226,25,1,4180,8,17
0,0,1,590,1976,242,288,31.25,0,4185,8,17
0.032,1,2,1800,4489,233,268,30.125,1,4190,8,17
0.015,1,1,1253,3803,-2,258,27.5,1,4195,8,17
0,1,2,512,1711,202,238,26.25,1,4200,8,17
0,0,1,321,1071,182,228,23.75,0,4205,8,17
0,0,1,367,1265,229,265,29.625,0,4210,8,17
0.016,2,4,613,1915,211,255,27.375,2,4215,8,17
0,0,1,335,1143,199,235,25.875,0,4220,8,17
0,0,1,316,1056,179,225,23.375,0,4225,8,17
0.016,0,1,367,1222,194,230,25.25,0,4230,8,17
0,0,1,329,1094,174,220,22.75,0,4235,8,17
0.016,1,2,499,1648,230,265,29.75,2,4240,8,17
0.016,3,6,737,2250,212,255,27.5,3,4245,8,17
0,1,3,396,1360,200,235,26,1,4250,8,17
0.015,1,2,338,1178,186,231,24.25,1,4255,8,17
0,0,1,352,1181,199,235,25.875,0,4260,8,17
0.016,1,1,1242,3666,-2,242,25.5,1,4265,8,17
0.016,0,1,330,1102,186,222,24.25,0,4270,8,17
0,0,1,311,1019,166,212,21.75,0,4275,8,17
0.012,0,1,334,1144,200,236,26,0,4280,8,17
0,0,1,352,1186,196,242,25.5,0,4285,8,17
0,0,1,324,1101,186,222,24.25,0,4290,8,17
0,0,1,309,1037,175,221,22.875,0,4295,8,17
0,0,1,313,1079,192,228,25,0,4300,8,17
0.064,3,3,3459,8582,-2,227,23.625,2,4305,8,17
0.031,1,1,1814,4483,-2,221,24.125,1,4310,8,17
0,0,1,301,1026,181,227,23.625,0,4315,8,17
0,0,1,289,977,171,207,22.375,0,4320,8,17
0.016,1,1,1261,3667,-2,234,24.5,1,4325,8,17
0,0,1,338,1116,183,219,23.875,0,4330,8,17
0.016,0,1,321,1065,179,225,23.375,0,4335,8,17
0.007,1,2,378,1189,170,205,22.25,1,4340,8,17
0.008,1,2,592,1980,204,250,26.5,1,4345,8,17
0.016,2,3,1467,3936,223,256,28.875,2,4350,8,17
0.032,3,5,1332,4118,227,271,29.375,3,4355,8,17
0,0,1,359,1236,215,251,27.875,0,4360,8,17
0.016,1,2,360,1230,196,241,25.5,1,4365,8,17
0.015,1,1,1269,3586,-2,221,24.125,1,4370,8,17
0.016,1,2,730,1952,171,215,22.375,1,4375,8,17
0.033,3,6,1941,5165,225,262,29.125,3,4380,8,17
0,0,1,425,1424,204,250,26.5,0,4385,8,17
0.017,0,1,449,1512,222,258,28.75,0,4390,8,17
0,0,1,381,1275,202,248,26.25,0,4395,8,17
0.012,0,1,360,1206,192,228,25,0,4400,8,17
0,0,1,305,1023,172,218,22.5,0,4405,8,17
0.016,2,3,668,2068,188,222,24.5,1,4410,8,17
0.017,2,4,1618,4253,240,282,31,2,4415,8,17
0.046,5,7,2762,8027,235,264,30.375,4,4420,8,17
0.032,1,1,1209,3669,-2,254,27,3,4425,8,17
0.007,1,2,406,1365,200,234,26,1,4430,8,17
0.008,2,3,919,3087,215,260,27.875,2,4435,8,17
0.016,1,2,633,2063,204,240,26.5,1,4440,8,17
0,0,1,469,1551,208,254,27,0,4445,8,17
0.016,0,1,412,1368,198,234,25.75,0,4450,8,17
0,0,1,343,1125,178,224,23.25,0,4455,8,17
0.015,0,1,334,1109,185,221,24.125,0,4460,8,17
0.01,0,1,304,1001,165,211,21.625,0,4465,8,17
0.007,0,1,402,1352,211,251,27.375,0,4470,8,17
0.008,0,1,445,1476,218,264,28.25,0,4475,8,17
0.006,0,1,418,1398,208,244,27,0,4480,8,17
0.005,0,1,371,1243,188,234,24.5,0,4485,8,17
0.01,1,2,365,1206,178,214,23.25,1,4490,8,17
0.005,0,1,326,1091,184,230,24,0,4495,8,17
0.011,0,1,597,1940,222,258,28.75,0,4500,8,17
0.013,1,2,812,2637,228,274,29.5,2,4505,8,17
0.005,1,2,615,1969,220,254,28.5,1,4510,8,17
0.012,2,4,626,2016,201,244,26.125,2,4515,8,17
0.03,3,6,1644,4848,214,249,27.75,4,4520,8,17
0.016,2,4,556,1753,195,237,25.375,2,4525,8,17
0.005,0,1,372,1244,209,249,27.125,0,4530,8,17
0.011,0,1,342,1145,191,235,24.875,0,4535,8,17
0.016,1,2,782,2448,181,217,23.625,1,4540,8,17
0.022,2,3,1465,4244,229,273,29.625,1,4545,8,17
0.038,1,1,1538,4454,-2,255,28.125,1,4550,8,17
0.019,1,1,1169,3577,-2,243,25.875,1,4555,8,17
0.011,1,2,741,2540,211,249,27.375,1,4560,8,17
0.008,1,2,565,1925,193,237,25.125,1,4565,8,17
0.002,2,3,498,1625,182,219,23.75,2,4570,8,17
0.016,1,2,450,1550,177,221,23.125,1,4575,8,17
0.007,0,1,291,968,165,203,21.625,0,4580,8,17
0.007,1,3,639,2020,217,259,28.125,2,4585,8,17
0.015,2,3,1221,3881,229,265,29.625,2,4590,8,17
0.001,0,1,382,1281,209,253,27.125,0,4595,8,17
0.009,0,1,355,1190,197,235,25.625,0,4600,8,17
0.012,0,1,320,1071,179,223,23.375,0,4605,8,17
0.005,0,1,306,1026,177,215,23.125,0,4610,8,17
0.008,1,2,511,1689,194,238,25.25,1,4615,8,17
0.006,1,2,481,1641,201,239,26.125,1,4620,8,17
0,1,2,474,1566,220,262,28.5,1,4625,8,17
0.001,1,2,391,1335,208,244,27,1,4630,8,17
0.016,2,4,449,1522,190,232,24.75,2,4635,8,17
0.003,1,2,373,1279,214,250,27.75,1,4640,8,17
0.013,0,1,337,1146,196,240,25.5,0,4645,8,17
0.015,1,2,819,2703,215,251,27.875,1,4650,8,17
0,0,1,356,1186,193,233,25.125,0,4655,8,17
0.016,0,1,359,1195,194,230,25.25,0,4660,8,17
0.011,0,1,332,1090,172,212,22.5,0,4665,8,17
0.007,1,2,330,1073,154,190,20.25,1,4670,8,17
0.005,1,2,299,988,154,194,20.25,1,4675,8,17
0.003,1,2,413,1351,180,215,23.5,1,4680,8,17
0.007,0,1,449,1465,185,225,24.125,0,4685,8,17
0.003,1,2,416,1370,167,203,21.875,1,4690,8,17
0.014,0,1,394,1310,187,227,24.375,0,4695,8,17
0.027,1,1,1418,3837,-2,205,22.125,1,4700,8,17
0.018,1,2,1029,2728,185,224,24.125,2,4705,8,17
0.006,1,2,413,1394,206,241,26.75,1,4710,8,17
0.015,2,3,964,2996,185,223,24.125,1,4715,8,17
0.018,1,1,1110,3245,-2,201,21.625,1,4720,8,17
0.018,3,4,1374,4165,191,229,24.875,4,4725,8,17
0.014,3,5,926,2859,173,209,22.625,4,4730,8,17
0.021,2,5,608,1965,177,217,23.125,3,4735,8,17
0.003,1,3,487,1550,159,195,20.875,2,4740,8,17
0.009,2,4,463,1547,158,198,20.75,3,4745,8,17
0.054,3,3,2838,7305,-2,218,23.875,2,4750,8,17
0.032,1,1,1196,3232,-2,201,21.125,1,4755,8,17
0,0,1,284,982,179,215,23.375,0,4760,8,17
0,0,1,300,1048,194,234,25.25,0,4765,8,17
0.006,0,1,277,962,176,212,23,0,4770,8,17
0.007,0,1,329,1121,177,217,23.125,0,4775,8,17
0.001,2,4,517,1651,183,218,23.875,2,4780,8,17
0,0,1,267,902,160,200,21,0,4785,8,17
0.002,1,2,378,1342,206,242,26.75,1,4790,8,17
0,1,2,412,1325,186,224,24.25,1,4795,8,17
0,1,2,426,1463,194,229,25.25,1,4800,8,17
0,0,1,357,1219,193,233,25.125,0,4805,8,17
0.005,0,1,286,979,175,211,22.875,0,4810,8,17
0,0,1,284,980,178,218,23.25,0,4815,8,17
0.013,0,1,251,869,160,196,21,0,4820,8,17
0.003,1,2,359,1195,180,218,23.5,1,4825,8,17
0.011,0,1,300,1049,192,228,25,0,4830,8,17
0.012,2,4,581,1827,198,236,25.75,2,4835,8,17
0.004,0,1,319,1093,187,223,24.375,0,4840,8,17
0.006,1,2,309,1037,165,205,21.625,1,4845,8,17
0.005,0,1,258,870,149,187,19.625,0,4850,8,17
0.006,1,2,348,1083,150,188,19.75,1,4855,8,17
0.004,1,2,460,1563,225,259,29.125,1,4860,8,17
0,0,1,405,1371,203,243,26.375,0,4865,8,17
0.002,1,2,489,1633,185,221,24.125,1,4870,8,17
0.006,1,1,885,2905,-2,223,23.875,3,4875,8,17
0.034,2,3,1158,3156,167,201,21.875,2,4880,8,17
0.005,1,2,293,959,147,187,19.375,1,4885,8,17
0.006,0,1,291,978,168,204,22,0,4890,8,17
0.006,0,1,298,1043,191,231,24.875,0,4895,8,17
0.005,0,1,304,1088,201,237,26.125,0,4900,8,17
0.005,0,1,284,1003,179,219,23.375,0,4905,8,17
0.006,0,1,308,1062,180,216,23.5,0,4910,8,17
0.01,0,1,509,1678,201,241,26.125,0,4915,8,17
0.009,0,1,486,1590,183,219,23.875,0,4920,8,17
0.013,0,1,630,2052,206,246,26.75,0,4925,8,17
0.045,2,2,3145,8704,-2,257,27.125,1,4930,8,17
0.014,0,1,787,2537,243,289,31.375,0,4935,8,17
0,0,1,690,2234,227,275,29.375,0,4940,8,17
0.001,0,1,640,2068,213,259,27.625,0,4945,8,17
0.015,0,1,535,1732,197,245,25.625,0,4950,8,17
0.016,0,1,464,1506,183,229,23.875,0,4955,8,17
0.03,2,3,1432,4308,218,266,28.25,1,4960,8,17
0,1,2,645,2091,219,264,28.375,1,4965,8,17
0,0,1,553,1799,202,250,26.25,0,4970,8,17
0.016,1,3,829,2602,188,234,24.5,1,4975,8,17
0.024,1,3,956,3099,238,286,30.75,3,4980,8,17
0.029,3,5,1559,4539,224,270,29,2,4985,8,17
0.007,0,1,491,1601,208,256,27,0,4990,8,17
0.007,0,1,395,1286,194,240,25.25,0,4995,8,17
