0,10,20,2564,9355,722,719,49.1333,14,0,15,1760980157
0.012,10,20,2467,9055,707,704,48.1333,14,1,15,1760980157
0,10,20,2342,8677,692,689,47.1333,14,2,15,1760980157
0,9,18,2111,7905,695,692,47.3333,11,3,15,1760980157
0.013,9,18,2000,7578,680,677,46.3333,11,4,15,1760980157
0.001,9,18,1914,7315,665,662,45.3333,11,5,15,1760980157
0,9,18,1854,7076,650,647,44.3333,11,6,15,1760980157
0,9,18,1791,6873,635,632,43.3333,11,7,15,1760980157
0.009,8,16,1620,6232,620,617,42.3333,10,8,15,1760980157
0.005,8,16,1549,6012,605,602,41.3333,10,9,15,1760980157
0.002,8,16,1489,5796,590,587,40.3333,10,10,15,1760980157
0.002,8,16,1448,5637,575,572,39.3333,10,11,15,1760980157
0.002,9,19,2087,7502,569,566,38.9333,12,12,15,1760980157
0.006,12,24,3181,9923,584,577,39.9333,14,13,15,1760980157
0,12,24,3101,9692,569,562,38.9333,14,14,15,1760980157
0,11,22,2764,8706,554,547,37.9333,14,15,15,1760980157
0.005,10,20,3576,9412,549,539,37.6,16,16,15,1760980157
0.005,11,23,4367,10895,558,547,38.2,17,17,15,1760980157
0.006,9,18,2204,6945,564,553,38.6,11,18,15,1760980157
0.003,9,18,2134,6742,549,538,37.6,11,19,15,1760980157
0,9,18,2070,6547,534,523,36.6,11,20,15,1760980157
0,9,18,2015,6393,527,516,36.1333,11,21,15,1760980157
0.007,8,16,1890,5934,512,501,35.1333,11,22,15,1760980157
0,8,16,1851,5843,516,505,35.4,11,23,15,1760980157
0.009,7,14,1722,5361,501,492,34.4,10,24,15,1760980157
0.001,7,14,1671,5206,486,477,33.4,10,25,15,1760980157
0.004,9,18,2985,8051,498,489,34.2,12,26,15,1760980157
0.005,7,15,2065,5984,484,474,33.2667,11,27,15,1760980157
0,7,15,2136,5956,493,481,33.8667,12,28,15,1760980157
0.008,7,15,1975,5666,478,466,32.8667,12,29,15,1760980157
0,7,15,1785,5452,485,473,33.3333,11,30,15,1760980157
0.007,9,18,2177,6780,542,533,37.1333,11,31,15,1760980157
0.002,8,16,1984,6143,528,518,36.2,11,32,15,1760980157
0.003,7,14,1875,5729,517,503,35.4667,11,33,15,1760980157
0.001,7,14,1787,5521,502,490,34.4667,11,34,15,1760980157
0.002,5,10,1538,4665,497,485,34.1333,6,35,15,1760980157
0.001,5,10,1448,4461,482,470,33.1333,6,36,15,1760980157
0,5,10,1331,4233,467,455,32.1333,6,37,15,1760980157
0,5,10,1257,4042,452,440,31.1333,6,38,15,1760980157
0.007,7,14,1388,4516,447,433,30.8,8,39,15,1760980157
0,7,14,1392,4623,476,462,32.7333,8,40,15,1760980157
0.008,8,16,1380,4688,469,453,32.2667,9,41,15,1760980157
0,9,18,1586,5217,494,477,33.9333,9,42,15,1760980157
0.008,9,19,1670,5619,509,493,34.9333,10,43,15,1760980157
0,6,13,1236,4409,517,508,35.4667,8,44,15,1760980157
0.003,7,14,1330,4752,538,527,36.8667,9,45,15,1760980157
0.003,7,14,1257,4561,523,512,35.8667,9,46,15,1760980157
0.001,6,12,1145,4208,508,499,34.8667,8,47,15,1760980157
0,6,12,1078,4012,493,484,33.8667,8,48,15,1760980157
0.005,5,10,967,3620,478,471,32.8667,7,49,15,1760980157
0.002,5,10,913,3475,463,458,31.8667,6,50,15,1760980157
0,8,15,2622,9304,523,512,35.8667,12,51,15,1760980157
0.006,6,12,1246,4554,504,499,34.6,11,52,15,1760980157
0,5,10,1151,4224,489,485,33.6,10,53,15,1760980157
0.007,5,10,1279,4328,487,483,33.4667,9,54,15,1760980157
0.001,4,8,1176,3940,472,470,32.4667,8,55,15,1760980157
0,4,8,1144,3829,457,455,31.4667,8,56,15,1760980157
0.006,5,10,1151,3885,446,444,30.7333,9,57,15,1760980157
0.003,5,11,1232,4076,441,439,30.4,8,58,15,1760980157
0,4,8,1211,3935,491,484,33.7333,7,59,15,1760980157
0,5,10,1472,4776,511,505,35.0667,10,60,15,1760980157
0.002,6,13,1626,5526,524,516,35.9333,9,61,15,1760980157
0.003,6,13,1576,5370,509,501,34.9333,9,62,15,1760980157
0.003,6,13,1517,5207,494,486,33.9333,9,63,15,1760980157
0.003,6,12,1137,4450,517,511,35.4667,6,64,15,1760980157
0.001,7,14,1313,5033,536,526,36.7333,7,65,15,1760980157
0.004,6,12,1178,4544,521,511,35.7333,6,66,15,1760980157
0,6,12,1121,4386,506,496,34.7333,6,67,15,1760980157
0.001,8,16,1472,5410,508,499,34.8667,8,68,15,1760980157
0.004,7,14,1329,4864,493,484,33.8667,7,69,15,1760980157
0,6,12,1195,4409,488,481,33.5333,6,70,15,1760980157
0,6,12,1144,4252,473,466,32.5333,6,71,15,1760980157
0,6,12,1106,4099,458,451,31.5333,6,72,15,1760980157
0,9,18,2149,6754,500,490,34.3333,9,73,15,1760980157
0,12,24,2671,8166,509,497,34.9333,14,74,15,1760980157
0.002,11,22,2456,7524,494,484,33.9333,13,75,15,1760980157
0.004,11,22,2358,7268,479,469,32.9333,13,76,15,1760980157
0.005,13,26,2795,8515,514,501,35.2667,15,77,15,1760980157
0,12,24,2678,8279,532,519,36.4667,14,78,15,1760980157
0,12,24,2552,8004,517,504,35.4667,14,79,15,1760980157
0.009,12,24,2406,7670,502,489,34.4667,14,80,15,1760980157
0.005,11,22,2232,7120,510,498,35,13,81,15,1760980157
0.002,11,22,2157,6901,495,483,34,13,82,15,1760980157
0.008,12,24,3290,9004,518,500,35.5333,13,83,15,1760980157
0.004,13,26,3445,9377,530,511,36.3333,15,84,15,1760980157
0.01,16,32,4237,11463,551,528,37.7333,17,85,15,1760980157
0.002,14,28,3432,9705,533,514,36.5333,15,86,15,1760980157
0.007,11,23,2913,8615,554,540,37.9333,15,87,15,1760980157
0.007,11,23,2745,8266,539,525,36.9333,15,88,15,1760980157
0.005,11,23,2573,7907,524,510,35.9333,15,89,15,1760980157
0.003,10,21,2331,7229,509,497,34.9333,13,90,15,1760980157
0.003,10,21,2207,6979,505,494,34.6667,14,91,15,1760980157
0.004,8,17,2021,6254,492,482,33.8,11,92,15,1760980157
0.004,8,17,1577,5524,493,485,33.8667,9,93,15,1760980157
0,7,15,1341,4911,504,497,34.6,9,94,15,1760980157
0.008,7,15,1268,4694,489,484,33.6,9,95,15,1760980157
0.001,6,13,1159,4307,474,469,32.6,8,96,15,1760980157
0.002,5,10,976,3832,486,486,33.4,5,97,15,1760980157
0.002,5,10,1111,4278,544,542,37.2667,6,98,15,1760980157
0,5,10,1056,4119,529,527,36.2667,6,99,15,1760980157
0.006,5,10,1055,4140,530,528,36.3333,6,100,15,1760980157
0,4,8,923,3682,515,513,35.3333,6,101,15,1760980157
0.003,5,11,1297,5131,657,654,44.8,7,102,15,1760980157
0,5,11,1255,4992,642,639,43.8,7,103,15,1760980157
0,4,9,1082,4391,627,626,42.8,4,104,15,1760980157
0.007,4,9,1054,4280,612,611,41.8,4,105,15,1760980157
0.004,4,9,1027,4184,597,596,40.8,5,106,15,1760980157
0.002,4,9,1000,4075,582,581,39.8,5,107,15,1760980157
0.003,4,9,973,3970,567,566,38.8,5,108,15,1760980157
0,5,10,1242,4973,604,601,41.2667,8,109,15,1760980157
0.001,5,10,1212,4868,589,586,40.2667,8,110,15,1760980157
0,7,14,1537,5984,611,605,41.7333,10,111,15,1760980157
0.009,7,14,1495,5832,596,590,40.7333,10,112,15,1760980157
0.005,11,22,3561,10823,641,629,43.7333,13,113,15,1760980157
0.004,11,22,3326,10349,626,614,42.7333,13,114,15,1760980157
0.004,10,20,3074,9558,611,599,41.7333,12,115,15,1760980157
0.002,11,22,3037,9597,594,585,40.6,11,116,15,1760980157
0,11,22,2946,9416,615,606,42,11,117,15,1760980157
0.015,10,20,2372,8048,610,601,41.6667,11,118,15,1760980157
0.004,11,22,3273,10158,624,613,42.6,11,119,15,1760980157
0.004,11,22,3155,9853,609,598,41.6,11,120,15,1760980157
0.002,13,26,2475,9115,594,587,40.6,11,121,15,1760980157
0.008,13,26,2398,8905,579,572,39.6,11,122,15,1760980157
0,10,20,2383,7686,564,557,38.6,10,123,15,1760980157
0.003,9,18,2233,7166,560,553,38.3333,10,124,15,1760980157
0.002,10,20,2271,7532,582,575,39.8,11,125,15,1760980157
0.004,12,25,2717,8831,585,578,40,12,126,15,1760980157
0,12,25,2605,8556,570,565,39,11,127,15,1760980157
0,11,22,2460,8047,606,597,41.4,11,128,15,1760980157
0,11,22,2381,7819,591,582,40.4,11,129,15,1760980157
0,11,22,2304,7613,576,569,39.4,10,130,15,1760980157
0,9,18,1832,6306,561,556,38.4,7,131,15,1760980157
0.007,8,16,1675,5709,546,541,37.4,6,132,15,1760980157
0.004,8,16,1863,6093,537,534,36.8,6,133,15,1760980157
0.003,9,18,1982,6510,546,543,37.4,7,134,15,1760980157
0.005,8,16,1792,6011,547,544,37.4667,5,135,15,1760980157
0.006,8,16,1704,5787,532,529,36.4667,5,136,15,1760980157
0.003,9,18,1999,6125,546,536,37.4,9,137,15,1760980157
0.001,10,20,2080,6598,561,555,38.4,11,138,15,1760980157
0,11,22,2176,7279,569,560,38.9333,13,139,15,1760980157
0.01,12,24,3103,9050,559,545,38.2667,14,140,15,1760980157
0.009,12,24,2968,8785,545,530,37.3333,14,141,15,1760980157
0.005,12,24,2843,8498,530,515,36.3333,14,142,15,1760980157
0.007,10,20,2624,7773,522,506,35.8,14,143,15,1760980157
0,9,18,2421,7152,507,493,34.8,13,144,15,1760980157
0.001,8,16,2240,6595,492,479,33.8,11,145,15,1760980157
0.002,9,18,2205,6529,477,465,32.8,11,146,15,1760980157
0.002,9,18,2107,6275,462,450,31.8,11,147,15,1760980157
0.002,9,18,2017,6040,447,435,30.8,11,148,15,1760980157
0,12,24,2575,7654,451,438,31.0667,13,149,15,1760980157
0.009,13,26,2656,7931,457,442,31.4667,14,150,15,1760980157
0.004,12,24,2501,7501,471,456,32.4,13,151,15,1760980157
0.007,10,20,3023,7852,480,465,33,11,152,15,1760980157
0.005,10,20,2838,7480,465,450,32,11,153,15,1760980157
0,10,20,3068,8030,475,460,32.6667,12,154,15,1760980157
0.008,9,18,3479,9033,506,488,34.7333,11,155,15,1760980157
0.003,8,16,2217,7191,489,473,33.6,11,156,15,1760980157
0.009,10,20,4506,10683,493,470,33.8667,11,157,15,1760980157
0.004,10,20,2283,7243,477,459,32.8,12,158,15,1760980157
0.004,11,22,3550,9617,467,448,32.1333,14,159,15,1760980157
0.002,10,20,2397,7155,454,435,31.2667,14,160,15,1760980157
0.007,10,20,2260,6869,450,431,31,14,161,15,1760980157
0.003,10,21,2538,7574,445,431,30.6667,14,162,15,1760980157
0,13,26,3899,10096,485,463,33.3333,16,163,15,1760980157
0.01,13,26,4612,11836,501,483,34.4,14,164,15,1760980157
0.007,13,26,4281,11214,486,468,33.4,14,165,15,1760980157
0.003,13,26,4101,10826,471,453,32.4,14,166,15,1760980157
0.009,12,24,3158,9181,521,504,35.7333,15,167,15,1760980157
0.007,12,24,3022,8878,508,491,34.8667,15,168,15,1760980157
0.006,12,24,2896,8640,506,489,34.7333,15,169,15,1760980157
0.002,11,22,2659,8000,491,476,33.7333,14,170,15,1760980157
0.003,11,22,2545,7781,497,482,34.1333,14,171,15,1760980157
0.004,10,20,2333,7395,497,484,34.1333,14,172,15,1760980157
0.004,10,20,2110,6809,482,469,33.1333,13,173,15,1760980157
0.003,10,20,2867,7943,470,454,32.3333,12,174,15,1760980157
0.003,11,22,2912,8015,455,439,31.3333,11,175,15,1760980157
0,13,26,3221,9096,479,461,32.9333,13,176,15,1760980157
0.002,12,25,3462,9672,534,519,36.6,13,177,15,1760980157
0.009,12,25,3292,9304,519,504,35.6,13,178,15,1760980157
0.005,12,25,3111,8922,504,489,34.6,13,179,15,1760980157
0,11,23,2864,8268,489,476,33.6,13,180,15,1760980157
0.013,15,30,3062,9972,525,509,36,14,181,15,1760980157
0,12,24,1984,6837,507,494,34.8,11,182,15,1760980157
0.004,11,22,1772,6131,492,482,33.8,10,183,15,1760980157
0.003,10,20,1626,5654,477,469,32.8,9,184,15,1760980157
0,10,20,1607,5802,484,476,33.2667,9,185,15,1760980157
0.002,9,18,1461,5349,469,461,32.2667,8,186,15,1760980157
0.002,9,18,1491,5370,466,458,32.0667,7,187,15,1760980157
0.003,6,12,1213,4508,484,479,33.2667,6,188,15,1760980157
0.003,5,10,1019,3979,486,481,33.4,5,189,15,1760980157
0.001,5,10,986,3860,475,470,32.6667,5,190,15,1760980157
0.001,5,10,949,3735,460,456,31.6667,5,191,15,1760980157
0,4,8,864,3407,445,443,30.6667,6,192,15,1760980157
0,3,6,698,2846,428,428,29.5333,3,193,15,1760980157
0,4,8,777,3137,427,427,29.4667,4,194,15,1760980157
0.002,5,10,859,3457,426,426,29.4,5,195,15,1760980157
0.003,4,8,771,3163,453,453,31.2,4,196,15,1760980157
0,4,8,778,3190,470,470,32.3333,4,197,15,1760980157
0,5,10,1048,3933,490,488,33.6667,5,198,15,1760980157
0.002,5,10,995,3795,475,473,32.6667,5,199,15,1760980157
0.002,5,10,963,3715,480,478,33,5,200,15,1760980157
0.002,6,12,1724,5273,500,494,34.3333,8,201,15,1760980157
0.002,6,12,1674,5209,518,512,35.5333,8,202,15,1760980157
0.002,6,12,1625,5108,518,512,35.5333,8,203,15,1760980157
0.004,6,12,1675,5336,541,535,37.0667,8,204,15,1760980157
0,5,10,1335,4492,526,520,36.0667,7,205,15,1760980157
0.008,5,10,1282,4335,511,505,35.0667,7,206,15,1760980157
0.003,5,10,1237,4204,498,492,34.2,7,207,15,1760980157
0.002,7,14,1817,5609,525,515,36,9,208,15,1760980157
0.002,7,14,1831,5808,569,559,38.9333,9,209,15,1760980157
0.004,8,16,1866,6114,562,552,38.4667,11,210,15,1760980157
0.005,8,16,1800,5919,547,537,37.4667,11,211,15,1760980157
0.006,8,16,1763,5844,559,549,38.2667,11,212,15,1760980157
0,5,10,1173,4369,557,552,38.1333,8,213,15,1760980157
0,8,16,1642,5724,558,551,38.2,10,214,15,1760980157
0.006,6,12,1265,4828,594,586,40.6,6,215,15,1760980157
0.004,6,12,1215,4672,579,571,39.6,6,216,15,1760980157
0.003,6,12,1171,4542,564,556,38.6,6,217,15,1760980157
0,6,12,1179,4506,550,543,37.6667,4,218,15,1760980157
0,4,8,889,3464,534,528,36.6,4,219,15,1760980157
0.001,4,8,855,3348,519,513,35.6,4,220,15,1760980157
0.001,4,8,820,3241,504,498,34.6,4,221,15,1760980157
0.004,5,10,1470,4796,540,531,37,5,222,15,1760980157
0.004,6,12,1576,5174,525,518,36,5,223,15,1760980157
0,5,10,1467,4975,540,535,37,5,224,15,1760980157
0.003,6,13,1751,5965,562,559,38.4667,6,225,15,1760980157
0,6,12,1526,5305,549,544,37.6,6,226,15,1760980157
0.007,7,14,1608,5536,568,561,38.8667,8,227,15,1760980157
0,9,18,1945,6603,580,570,39.6667,10,228,15,1760980157
0.002,9,19,2003,6835,563,555,38.5333,10,229,15,1760980157
0.002,8,16,1707,5967,579,569,39.6,10,230,15,1760980157
0.002,9,18,1734,6133,564,554,38.6,10,231,15,1760980157
0.002,10,20,1931,6811,548,539,37.5333,10,232,15,1760980157
0.003,9,18,1592,5684,534,524,36.6,10,233,15,1760980157
0.003,9,18,1517,5466,519,509,35.6,10,234,15,1760980157
0.003,10,20,1803,6314,505,496,34.6667,10,235,15,1760980157
0.005,13,26,2549,8075,536,521,36.7333,13,236,15,1760980157
0.003,12,24,2320,7272,521,507,35.7333,13,237,15,1760980157
0,7,14,1497,5083,523,514,35.8667,10,238,15,1760980157
0.007,8,16,1539,5341,508,499,34.8667,10,239,15,1760980157
0.001,9,18,1501,5251,495,487,34,8,240,15,1760980157
0.002,9,18,2253,6968,486,480,33.4,7,241,15,1760980157
0.002,8,16,1891,5959,473,465,32.5333,7,242,15,1760980157
0.004,9,19,2196,6912,501,495,34.4,7,243,15,1760980157
0.003,9,18,2107,6567,488,480,33.5333,7,244,15,1760980157
0,12,24,2866,9086,550,539,37.6667,10,245,15,1760980157
0,12,24,2752,8795,535,524,36.6667,10,246,15,1760980157
0.017,8,16,2142,6774,597,588,40.8,7,247,15,1760980157
0.002,8,16,2083,6657,591,582,40.4,7,248,15,1760980157
0.004,9,18,2584,7664,591,580,40.4,8,249,15,1760980157
0.002,9,18,2404,7252,576,565,39.4,8,250,15,1760980157
0,12,25,2791,8661,616,604,42.0667,11,251,15,1760980157
0.009,11,23,3188,9117,616,603,42.0667,12,252,15,1760980157
0.007,11,23,3040,8861,623,610,42.5333,12,253,15,1760980157
0,10,21,2869,8300,608,597,41.5333,11,254,15,1760980157
0,10,21,2788,8094,593,582,40.5333,11,255,15,1760980157
0.016,9,19,2923,8206,580,569,39.6667,9,256,15,1760980157
0.002,9,19,2819,7938,565,554,38.6667,9,257,15,1760980157
0.004,9,19,2731,7724,550,539,37.6667,9,258,15,1760980157
0.003,10,21,3243,8744,540,524,37,9,259,15,1760980157
0.007,10,20,2962,7930,526,509,36.0667,9,260,15,1760980157
0.006,10,20,2861,7669,511,494,35.0667,9,261,15,1760980157
0.003,9,18,2749,7423,513,497,35.2,8,262,15,1760980157
0.005,8,16,2573,7004,526,510,36.0667,7,263,15,1760980157
0,7,14,1487,5197,515,507,35.3333,8,264,15,1760980157
0,3,6,983,3539,520,514,35.6667,5,265,15,1760980157
0.011,4,8,1352,4419,548,544,37.5333,4,266,15,1760980157
0.004,2,4,812,3060,539,537,36.9333,2,267,15,1760980157
0.002,2,4,810,3079,550,548,37.6667,2,268,15,1760980157
0.001,2,4,800,3108,553,551,37.8667,2,269,15,1760980157
0.001,2,4,765,3009,538,536,36.8667,2,270,15,1760980157
0.003,2,4,718,2892,523,521,35.8667,2,271,15,1760980157
0.003,6,12,1454,5131,559,552,38.2667,5,272,15,1760980157
0.004,6,12,1402,4981,544,537,37.2667,5,273,15,1760980157
0.002,6,12,1350,4826,529,522,36.2667,5,274,15,1760980157
0.001,6,12,1291,4659,514,507,35.2667,5,275,15,1760980157
0.003,8,16,1948,5990,516,505,35.4,7,276,15,1760980157
0.004,9,19,2213,7076,539,530,36.9333,8,277,15,1760980157
0,8,17,2082,6739,524,515,35.9333,7,278,15,1760980157
0.01,8,17,2022,6640,528,519,36.2,7,279,15,1760980157
0.004,8,17,1936,6410,513,504,35.2,7,280,15,1760980157
0.002,8,17,1832,6098,498,489,34.2,7,281,15,1760980157
0.006,7,15,1502,5399,487,480,33.4667,8,282,15,1760980157
0.003,7,15,1470,5350,495,488,34,8,283,15,1760980157
0.001,8,16,1580,5408,482,473,33.1333,8,284,15,1760980157
0.003,5,10,1054,4011,499,492,34.2667,9,285,15,1760980157
0.002,5,11,1135,4370,503,496,34.5333,8,286,15,1760980157
0.003,3,6,774,3097,488,483,33.5333,3,287,15,1760980157
0,3,6,782,3166,493,488,33.8667,5,288,15,1760980157
0,5,11,1114,4316,511,505,35.0667,6,289,15,1760980157
0.002,5,11,1134,4441,522,517,35.8,7,290,15,1760980157
0.002,5,11,1095,4302,507,502,34.8,7,291,15,1760980157
0.003,5,11,1057,4159,492,487,33.8,7,292,15,1760980157
0.002,5,11,1025,4039,477,472,32.8,7,293,15,1760980157
0,6,12,1510,5125,532,525,36.4667,7,294,15,1760980157
0,6,12,1446,4950,517,510,35.4667,7,295,15,1760980157
0.004,8,17,1710,5971,534,528,36.6,9,296,15,1760980157
0,8,17,1653,5809,519,513,35.6,9,297,15,1760980157
0,9,19,2471,7263,529,523,36.2667,9,298,15,1760980157
0.001,9,19,2358,6978,514,508,35.2667,9,299,15,1760980157
0.007,12,24,2724,8065,502,493,34.4667,10,300,15,1760980157
0.005,12,24,2754,8028,515,507,35.3333,11,301,15,1760980157
0.004,12,24,2676,7817,500,492,34.3333,11,302,15,1760980157
0.004,12,24,2580,7545,485,477,33.3333,11,303,15,1760980157
0.005,12,24,2504,7326,470,462,32.3333,11,304,15,1760980157
0,11,22,2316,6719,455,447,31.3333,9,305,15,1760980157
0.008,11,22,2291,6753,456,448,31.4,9,306,15,1760980157
0.006,8,17,1572,5123,459,453,31.6,8,307,15,1760980157
0.003,8,17,1519,4969,444,438,30.6,8,308,15,1760980157
0.003,8,17,1554,5228,483,477,33.2,8,309,15,1760980157
0.004,6,13,1333,4503,479,473,32.9333,6,310,15,1760980157
0.003,6,13,1254,4315,464,458,31.9333,6,311,15,1760980157
0,5,10,1097,3751,470,465,32.3333,5,312,15,1760980157
0,6,12,1169,4080,463,458,31.8667,6,313,15,1760980157
0.006,7,15,1719,5819,548,541,37.5333,7,314,15,1760980157
0.009,15,30,4571,12551,575,560,39.3333,11,315,15,1760980157
0.006,15,30,4279,12018,560,545,38.3333,11,316,15,1760980157
0.007,15,30,3865,11229,545,530,37.3333,11,317,15,1760980157
0.011,14,28,3648,10600,530,516,36.3333,10,318,15,1760980157
0.003,14,28,3502,10240,515,501,35.3333,10,319,15,1760980157
0,14,28,3335,9854,500,486,34.3333,10,320,15,1760980157
0.005,14,28,3211,9624,503,489,34.5333,10,321,15,1760980157
0.004,15,31,3616,11308,579,566,39.6,14,322,15,1760980157
0.006,15,31,3476,10974,564,551,38.6,14,323,15,1760980157
0.005,16,32,3809,12593,601,588,41.0667,16,324,15,1760980157
0.012,15,30,3402,11413,585,573,40,16,325,15,1760980157
0.006,14,28,3161,10870,620,608,42.3333,18,326,15,1760980157
0.003,13,26,2937,10188,605,594,41.3333,17,327,15,1760980157
0.004,13,26,2888,10187,590,579,40.3333,17,328,15,1760980157
0.004,12,24,2817,9141,577,565,39.4667,17,329,15,1760980157
0.003,11,22,2703,8498,564,553,38.6,14,330,15,1760980157
0.003,11,22,2619,8260,549,538,37.6,14,331,15,1760980157
0.005,12,24,3267,9844,563,550,38.5333,15,332,15,1760980157
0.003,12,24,3178,9596,548,535,37.5333,15,333,15,1760980157
0.003,10,20,2881,8612,567,555,38.8,13,334,15,1760980157
0.004,10,20,2793,8369,552,540,37.8,13,335,15,1760980157
0.005,10,20,2722,8154,537,525,36.8,13,336,15,1760980157
0.007,9,18,2608,7811,532,522,36.4667,11,337,15,1760980157
0.005,9,18,2546,7627,517,507,35.4667,11,338,15,1760980157
0.002,11,22,3704,10221,544,532,37.2667,9,339,15,1760980157
0.01,13,26,4279,11675,572,558,39.1333,10,340,15,1760980157
0.006,12,24,3918,10684,557,543,38.1333,9,341,15,1760980157
0.005,11,22,3535,9651,542,528,37.1333,8,342,15,1760980157
0.004,11,22,3303,9219,532,518,36.4667,8,343,15,1760980157
0.004,11,22,3162,8895,517,503,35.4667,8,344,15,1760980157
0.004,11,22,3113,8737,516,502,35.4,8,345,15,1760980157
0.004,9,18,2999,8153,531,513,36.4,9,346,15,1760980157
0.007,9,18,2885,7954,525,507,36,9,347,15,1760980157
0,9,18,2747,7668,510,492,35,9,348,15,1760980157
0.002,9,18,2602,7360,495,477,34,9,349,15,1760980157
0,11,22,3110,8569,524,503,35.9333,13,350,15,1760980157
0.011,11,22,2987,8319,519,498,35.6,13,351,15,1760980157
0.004,10,20,2303,7028,533,519,36.5333,10,352,15,1760980157
0,7,14,1461,5034,526,514,36.0667,8,353,15,1760980157
0.007,7,14,1393,4852,511,499,35.0667,8,354,15,1760980157
0.005,8,16,1481,5168,524,510,35.9333,9,355,15,1760980157
0.001,8,16,1410,4974,509,497,34.9333,9,356,15,1760980157
0.004,6,12,1237,4326,494,484,33.9333,7,357,15,1760980157
0,6,12,1258,4511,509,499,34.9333,7,358,15,1760980157
0.004,6,12,1198,4346,494,484,33.9333,7,359,15,1760980157
0.002,6,12,1207,4514,517,507,35.4667,7,360,15,1760980157
0.002,6,12,1595,4975,528,517,36.2,6,361,15,1760980157
0.002,6,12,1581,5018,541,530,37.0667,6,362,15,1760980157
0.002,5,10,1370,4413,528,519,36.2,5,363,15,1760980157
0.002,5,10,1317,4271,513,504,35.2,5,364,15,1760980157
0.002,5,10,1262,4119,498,489,34.2,5,365,15,1760980157
0.003,6,12,1364,4539,540,529,37,7,366,15,1760980157
0.004,7,15,1912,5929,560,544,38.3333,8,367,15,1760980157
0.004,8,17,2008,6355,570,554,39,8,368,15,1760980157
0,7,15,1904,6096,580,565,39.6667,8,369,15,1760980157
0,8,16,2760,7514,603,588,41.2,9,370,15,1760980157
0.016,8,16,2604,7209,588,573,40.2,9,371,15,1760980157
0.003,9,18,2672,7745,599,584,40.9333,9,372,15,1760980157
0.008,9,18,2548,7481,584,569,39.9333,9,373,15,1760980157
0,8,16,1479,5562,580,568,39.6667,9,374,15,1760980157
0.005,9,18,2450,7282,571,555,39.0667,9,375,15,1760980157
0.003,8,16,1343,5195,552,541,37.8,9,376,15,1760980157
0,9,18,1689,5938,540,528,37,9,377,15,1760980157
0.002,9,18,1631,5824,549,537,37.6,9,378,15,1760980157
0,8,16,1592,5646,557,545,38.1333,10,379,15,1760980157
0,6,12,1388,4850,556,548,38.0667,7,380,15,1760980157
0,6,12,1333,4695,541,533,37.0667,7,381,15,1760980157
0.008,4,8,940,3611,526,520,36.0667,5,382,15,1760980157
0.003,4,8,1176,3956,533,526,36.5333,4,383,15,1760980157
0.003,4,8,1116,3798,518,511,35.5333,4,384,15,1760980157
0.002,4,8,1055,3643,503,496,34.5333,4,385,15,1760980157
0,4,8,998,3493,488,481,33.5333,4,386,15,1760980157
0.008,4,8,943,3339,473,468,32.5333,4,387,15,1760980157
0.003,3,6,892,3228,522,517,35.8,3,388,15,1760980157
0,3,6,860,3119,507,502,34.8,3,389,15,1760980157
0,2,4,744,3001,547,545,37.4667,3,390,15,1760980157
0,2,4,731,2964,542,540,37.1333,3,391,15,1760980157
0.006,3,6,911,3809,586,583,40.0667,4,392,15,1760980157
0,3,6,905,3782,586,583,40.0667,4,393,15,1760980157
0.004,4,8,956,4010,574,570,39.2667,5,394,15,1760980157
0,4,8,932,3907,559,555,38.2667,5,395,15,1760980157
0,6,12,1562,5348,582,574,39.8,7,396,15,1760980157
0.01,5,10,1256,4969,579,574,39.6,6,397,15,1760980157
0.001,5,10,1223,4848,564,559,38.6,6,398,15,1760980157
0.002,5,10,1193,4723,549,544,37.6,6,399,15,1760980157
0,5,10,1166,4613,534,529,36.6,6,400,15,1760980157
0.002,5,10,1138,4495,519,514,35.6,6,401,15,1760980157
0.001,5,10,1132,4469,526,521,36.0667,6,402,15,1760980157
0,5,10,1327,4850,547,542,37.4667,8,403,15,1760980157
0,5,10,1295,4759,546,541,37.4,8,404,15,1760980157
0.009,5,10,1260,4628,531,526,36.4,8,405,15,1760980157
0,5,10,1228,4508,516,511,35.4,8,406,15,1760980157
0.005,6,12,1471,5139,511,504,35.0667,8,407,15,1760980157
0.002,6,12,1374,4931,496,491,34.0667,8,408,15,1760980157
0.002,5,10,1151,4229,481,476,33.0667,8,409,15,1760980157
0.002,6,13,1358,4772,477,473,32.8,9,410,15,1760980157
0.003,7,14,1732,5765,502,496,34.4667,9,411,15,1760980157
0,6,13,2167,6429,511,503,35.0667,7,412,15,1760980157
0.009,6,13,2025,6222,517,509,35.4667,7,413,15,1760980157
0,6,13,1937,5928,512,504,35.1333,7,414,15,1760980157
0.006,7,14,1960,6080,519,509,35.6,8,415,15,1760980157
0,9,18,2183,6951,516,504,35.4,10,416,15,1760980157
0.011,8,16,1940,6328,507,495,34.8,10,417,15,1760980157
0.005,11,22,2711,8625,551,536,37.7333,14,418,15,1760980157
0.007,13,26,3766,11233,564,548,38.6,15,419,15,1760980157
0.004,13,26,3621,10874,549,533,37.6,15,420,15,1760980157
0.004,13,26,3418,10417,534,518,36.6,15,421,15,1760980157
0.006,13,26,3100,9580,519,503,35.6,13,422,15,1760980157
0.007,13,26,3038,9457,504,489,34.6,14,423,15,1760980157
0.006,15,30,4086,11508,521,504,35.7333,15,424,15,1760980157
0.009,16,32,4692,13617,552,533,37.8,16,425,15,1760980157
0.01,15,28,7752,19963,552,519,37.8,16,426,15,1760980157
0.002,14,28,3987,11741,530,514,36.3333,14,427,15,1760980157
0.007,13,27,2928,9119,530,515,36.3333,13,428,15,1760980157
0.009,13,27,2783,8769,515,500,35.3333,13,429,15,1760980157
0.005,12,25,2403,7693,500,487,34.3333,13,430,15,1760980157
0.005,14,28,3354,9521,487,472,33.4667,12,431,15,1760980157
0.004,14,28,3230,9212,472,457,32.4667,12,432,15,1760980157
0.002,13,27,3452,9494,515,499,35.3333,12,433,15,1760980157
0.009,13,26,3371,9462,528,510,36.2,13,434,15,1760980157
0.007,16,32,4180,11715,580,560,39.6667,15,435,15,1760980157
0.003,14,28,3618,10255,565,546,38.6667,14,436,15,1760980157
0.006,13,26,3338,9596,548,532,37.5333,12,437,15,1760980157
0,14,28,3472,10003,552,536,37.8,12,438,15,1760980157
0.004,13,26,3650,10472,549,531,37.6,11,439,15,1760980157
0,12,24,3916,10474,556,538,38.0667,11,440,15,1760980157
0.01,9,18,2213,6799,565,553,38.6667,8,441,15,1760980157
0.003,9,18,2196,6931,576,564,39.4,8,442,15,1760980157
0,11,22,2567,7842,575,561,39.3333,10,443,15,1760980157
0,11,22,2392,7492,560,550,38.3333,10,444,15,1760980157
0,9,18,2071,6563,545,535,37.3333,7,445,15,1760980157
0.001,9,18,2010,6429,539,528,36.9333,8,446,15,1760980157
0.004,9,18,1913,6199,524,513,35.9333,8,447,15,1760980157
0.004,9,18,1806,5954,509,498,34.9333,8,448,15,1760980157
0.005,9,18,1742,5763,515,502,35.3333,8,449,15,1760980157
0,5,10,1139,4101,514,507,35.2667,4,450,15,1760980157
0.002,5,10,1090,3965,499,492,34.2667,4,451,15,1760980157
0.002,5,10,1030,3804,484,477,33.2667,4,452,15,1760980157
0.005,10,20,3157,8423,531,520,36.4,8,453,15,1760980157
0,10,20,2907,7978,516,505,35.4,8,454,15,1760980157
0.011,9,18,2576,7253,515,506,35.3333,7,455,15,1760980157
0.005,9,18,2463,7105,520,511,35.6667,8,456,15,1760980157
0.004,9,18,2309,7073,537,526,36.8,9,457,15,1760980157
0.002,9,18,2130,6716,522,511,35.8,9,458,15,1760980157
0.002,9,18,1964,6374,507,496,34.8,9,459,15,1760980157
0,9,18,1802,6045,498,487,34.2,9,460,15,1760980157
0.005,9,18,1638,5808,513,503,35.2,9,461,15,1760980157
0.007,8,16,1541,5680,531,522,36.4,9,462,15,1760980157
0.002,6,12,1034,4170,520,512,35.6667,7,463,15,1760980157
0,5,10,942,3882,505,499,34.6667,7,464,15,1760980157
0.002,4,8,791,3291,490,485,33.6667,4,465,15,1760980157
0,2,4,592,2478,475,473,32.6667,2,466,15,1760980157
0,1,2,504,2117,460,458,31.6667,1,467,15,1760980157
0,1,2,487,2045,445,443,30.6667,1,468,15,1760980157
0,1,2,527,2218,487,485,33.4667,1,469,15,1760980157
0,1,2,515,2172,475,473,32.6667,1,470,15,1760980157
0.003,1,2,558,2359,519,517,35.6,1,471,15,1760980157
0.002,2,4,644,2624,520,516,35.6667,2,472,15,1760980157
0.003,2,4,648,2677,541,537,37.0667,2,473,15,1760980157
0.002,2,4,617,2576,526,522,36.0667,2,474,15,1760980157
0,1,2,558,2361,514,513,35.2667,1,475,15,1760980157
0.002,6,13,1889,6029,567,558,38.8,7,476,15,1760980157
0,6,13,1815,5847,552,543,37.8,7,477,15,1760980157
0.006,6,13,1759,5746,551,542,37.7333,7,478,15,1760980157
0.002,6,13,1712,5598,536,527,36.7333,7,479,15,1760980157
0.001,5,11,1577,5142,521,513,35.7333,5,480,15,1760980157
0.003,5,11,1534,4997,506,498,34.7333,5,481,15,1760980157
0,6,13,1566,5129,498,489,34.2,6,482,15,1760980157
0.008,10,20,2444,7798,532,523,36.4667,10,483,15,1760980157
0.003,10,20,2368,7583,517,508,35.4667,10,484,15,1760980157
0.006,12,24,2823,9133,540,529,37,12,485,15,1760980157
0.004,12,24,2739,8857,529,516,36.2667,12,486,15,1760980157
0.002,10,20,2371,7587,510,501,35,11,487,15,1760980157
0.007,10,20,2283,7428,527,518,36.1333,11,488,15,1760980157
0.002,10,20,2350,7631,520,511,35.6667,10,489,15,1760980157
0.006,11,22,3127,9122,553,543,37.8667,10,490,15,1760980157
0,12,25,3124,9767,581,573,39.7333,13,491,15,1760980157
0.002,12,25,2992,9439,566,558,38.7333,13,492,15,1760980157
0,13,27,3024,9651,551,543,37.7333,13,493,15,1760980157
0.014,12,24,2801,8792,542,532,37.1333,13,494,15,1760980157
0,5,10,982,4015,542,539,37.1333,10,495,15,1760980157
0,4,8,899,3731,546,543,37.4,8,496,15,1760980157
0,8,16,1867,6270,585,576,40,11,497,15,1760980157
0,8,16,1808,6083,570,561,39,11,498,15,1760980157
0.007,8,16,2136,6935,587,581,40.1333,8,499,15,1760980157
