0,6,12,3587,10396,790,783,53.6667,8,0,15,1760979849
0,6,12,3386,9905,775,768,52.6667,8,1,15,1760979849
0,6,12,3174,9445,760,753,51.6667,8,2,15,1760979849
0,6,12,2954,8948,745,738,50.6667,8,3,15,1760979849
0,6,12,2721,8402,730,723,49.6667,8,4,15,1760979849
0,6,12,2602,8087,715,708,48.6667,8,5,15,1760979849
0,6,12,2480,7804,700,693,47.6667,8,6,15,1760979849
0,6,12,2331,7489,685,678,46.6667,8,7,15,1760979849
0.002,8,16,2931,9126,695,686,47.3333,10,8,15,1760979849
0,8,16,2885,9050,715,706,48.6667,10,9,15,1760979849
0.014,8,16,2805,8817,700,691,47.6667,10,10,15,1760979849
0,8,16,2693,8510,687,678,46.8,10,11,15,1760979849
0,8,16,2650,8320,672,664,45.8,9,12,15,1760979849
0,8,16,2579,8113,657,649,44.8,9,13,15,1760979849
0.002,8,16,2512,7903,642,634,43.8,9,14,15,1760979849
0,5,10,1763,5635,627,619,42.8,9,15,15,1760979849
0.009,7,14,3388,9124,655,643,44.6667,12,16,15,1760979849
0.002,6,12,2085,6727,638,628,43.5333,12,17,15,1760979849
0,6,12,1933,6340,623,613,42.5333,12,18,15,1760979849
0.009,7,14,2735,7761,610,598,41.6667,12,19,15,1760979849
0,7,14,2671,7579,595,583,40.6667,12,20,15,1760979849
0,9,18,2284,7371,600,586,41,15,21,15,1760979849
0,9,18,2242,7510,628,614,42.8667,16,22,15,1760979849
0.002,9,18,2189,7411,651,637,44.4,16,23,15,1760979849
0,9,18,2111,7192,636,622,43.4,16,24,15,1760979849
0,9,18,2040,6976,621,607,42.4,16,25,15,1760979849
0.002,9,18,2076,7261,660,646,45,16,26,15,1760979849
0.003,10,20,2236,7589,645,633,44,14,27,15,1760979849
0.004,10,20,2056,7192,630,618,43,14,28,15,1760979849
0,9,18,1725,6286,615,605,42,14,29,15,1760979849
0,9,18,1822,6448,629,617,42.9333,9,30,15,1760979849
0.01,9,18,1765,6278,614,602,41.9333,9,31,15,1760979849
0.002,10,20,1947,6922,631,619,43.0667,11,32,15,1760979849
0.001,10,20,1881,6719,616,604,42.0667,11,33,15,1760979849
0,10,20,1820,6522,601,591,41.0667,11,34,15,1760979849
0.003,9,18,1657,5925,586,576,40.0667,10,35,15,1760979849
0.005,9,18,1684,6197,598,588,40.8667,10,36,15,1760979849
0,9,18,1615,5987,583,573,39.8667,10,37,15,1760979849
0.002,11,22,1961,7354,600,594,41,11,38,15,1760979849
0,10,20,1803,6810,585,579,40,11,39,15,1760979849
0.008,9,18,1636,6240,570,564,39,10,40,15,1760979849
0,9,18,2365,7780,640,630,43.6667,9,41,15,1760979849
0,9,18,2294,7564,625,615,42.6667,9,42,15,1760979849
0,8,16,2170,7096,617,609,42.1333,8,43,15,1760979849
0,7,14,2063,6699,602,594,41.1333,7,44,15,1760979849
0,7,14,2018,6552,587,579,40.1333,7,45,15,1760979849
0,7,14,1984,6433,579,571,39.6,7,46,15,1760979849
0.016,7,14,1957,6335,576,568,39.4,7,47,15,1760979849
0,5,10,1034,4101,579,573,39.6,8,48,15,1760979849
0.007,5,10,1001,3982,564,558,38.6,8,49,15,1760979849
0,5,10,969,3848,549,543,37.6,8,50,15,1760979849
0,5,10,945,3766,542,536,37.1333,8,51,15,1760979849
0.008,5,10,910,3645,527,521,36.1333,8,52,15,1760979849
0.002,5,10,880,3517,512,506,35.1333,8,53,15,1760979849
0,5,10,879,3535,528,522,36.2,8,54,15,1760979849
0,4,8,803,3258,526,522,36.0667,5,55,15,1760979849
0.007,4,8,797,3232,524,520,35.9333,5,56,15,1760979849
0.003,3,6,724,2940,509,505,34.9333,4,57,15,1760979849
0,5,10,1663,5179,558,550,38.2,5,58,15,1760979849
0,5,10,1625,5068,543,535,37.2,5,59,15,1760979849
0,5,10,1655,5320,561,555,38.4,5,60,15,1760979849
0.016,4,8,1510,4892,546,540,37.4,4,61,15,1760979849
0,4,8,1393,4641,531,525,36.4,4,62,15,1760979849
0,4,8,1360,4535,516,510,35.4,4,63,15,1760979849
0.005,6,12,2068,6242,531,522,36.4,5,64,15,1760979849
0.005,8,16,2135,6650,526,521,36.0667,8,65,15,1760979849
0,8,16,2039,6417,511,506,35.0667,8,66,15,1760979849
0,11,22,3101,8817,517,508,35.4667,9,67,15,1760979849
0.013,10,20,2802,8066,506,497,34.7333,7,68,15,1760979849
0.008,10,20,2579,7664,491,482,33.7333,7,69,15,1760979849
0,10,20,2587,7711,493,482,33.8667,8,70,15,1760979849
0.008,10,20,2651,7961,478,467,32.8667,10,71,15,1760979849
0,9,18,2309,6828,463,452,31.8667,10,72,15,1760979849
0.011,9,18,2268,6753,448,437,30.8667,10,73,15,1760979849
0,9,18,2140,6378,433,422,29.8667,10,74,15,1760979849
0,9,18,2133,6620,455,444,31.3333,10,75,15,1760979849
0,9,18,2006,6341,440,429,30.3333,10,76,15,1760979849
0.002,9,18,1914,6295,444,433,30.6,10,77,15,1760979849
0,9,18,1737,5837,429,418,29.6,10,78,15,1760979849
0,7,15,1845,5741,416,403,28.7333,9,79,15,1760979849
0.012,7,15,1632,5243,419,406,28.9333,10,80,15,1760979849
0,7,15,1498,5066,443,430,30.5333,10,81,15,1760979849
0.002,7,15,1448,5073,445,432,30.6667,10,82,15,1760979849
0.002,7,15,1346,4833,430,417,29.6667,10,83,15,1760979849
0.003,8,15,2144,7773,479,466,32.9333,11,84,15,1760979849
0.003,9,18,1957,6286,508,491,34.8667,10,85,15,1760979849
0.007,10,20,1741,5949,491,477,33.7333,10,86,15,1760979849
0,10,20,1662,5726,476,462,32.7333,10,87,15,1760979849
0.007,11,23,2165,7259,526,512,36.0667,13,88,15,1760979849
0,10,21,2004,6779,511,498,35.0667,12,89,15,1760979849
0,9,18,1830,6151,500,485,34.3333,12,90,15,1760979849
0.013,11,22,4981,13628,572,555,39.1333,12,91,15,1760979849
0.006,10,20,4234,11515,557,540,38.1333,11,92,15,1760979849
0.007,10,20,2971,9120,560,543,38.3333,10,93,15,1760979849
0.006,10,20,2836,8906,580,563,39.6667,10,94,15,1760979849
0.002,10,20,2687,8509,565,549,38.6667,9,95,15,1760979849
0,11,22,2801,8963,568,554,38.8667,11,96,15,1760979849
0.004,12,24,3154,9693,577,563,39.4667,13,97,15,1760979849
0,12,25,3740,10901,588,574,40.2,15,98,15,1760979849
0.001,12,24,3257,9793,598,585,40.8667,15,99,15,1760979849
0,12,24,3164,9535,583,570,39.8667,15,100,15,1760979849
0.015,12,25,4307,11656,603,585,41.2,16,101,15,1760979849
0,14,29,4658,12766,619,600,42.2667,18,102,15,1760979849
0.015,16,32,4864,13856,664,648,45.2667,19,103,15,1760979849
0.006,18,36,5330,15165,679,662,46.2667,22,104,15,1760979849
0,23,46,9241,23375,702,677,47.8,25,105,15,1760979849
0.022,23,46,9480,24316,706,685,48.0667,25,106,15,1760979849
0.01,23,46,9112,23413,691,670,47.0667,25,107,15,1760979849
0.016,28,56,10518,27122,700,676,47.6667,24,108,15,1760979849
0.011,25,50,8640,23074,682,661,46.4667,24,109,15,1760979849
0.014,24,48,9773,24192,679,653,46.2667,24,110,15,1760979849
0.006,21,42,8423,21058,674,640,45.9333,22,111,15,1760979849
0.009,23,46,11248,26521,708,684,48.2,22,112,15,1760979849
0.015,22,44,11000,25644,693,671,47.2,22,113,15,1760979849
0.024,22,44,11346,26416,679,656,46.2667,20,114,15,1760979849
0.017,22,44,10471,24628,665,641,45.3333,20,115,15,1760979849
0.018,24,48,13251,29132,683,653,46.5333,23,116,15,1760979849
0.014,23,46,12119,26924,677,648,46.1333,23,117,15,1760979849
0.016,24,48,12491,27709,663,633,45.2,23,118,15,1760979849
0.017,23,46,12475,27688,671,639,45.7333,23,119,15,1760979849
0.015,21,42,9756,23180,656,625,44.7333,22,120,15,1760979849
0.015,19,38,9772,21860,645,611,44,21,121,15,1760979849
0.016,19,38,9607,21940,655,621,44.6667,22,122,15,1760979849
0.016,19,38,10619,24195,657,623,44.8,22,123,15,1760979849
0.013,19,38,10324,23299,640,608,43.6667,21,124,15,1760979849
0.016,20,40,9595,22698,649,617,44.2667,23,125,15,1760979849
0.016,23,46,11604,27270,669,639,45.6,23,126,15,1760979849
0.016,19,38,8430,21083,680,648,46.3333,22,127,15,1760979849
0.015,19,38,13919,29846,664,636,45.2667,23,128,15,1760979849
0.019,19,38,13173,28475,649,621,44.2667,23,129,15,1760979849
0.012,19,38,12494,27203,634,606,43.2667,23,130,15,1760979849
0.016,19,38,8065,19577,618,591,42.2,22,131,15,1760979849
0.016,17,35,7436,18332,604,576,41.2667,20,132,15,1760979849
0.016,21,42,9790,23123,596,563,40.7333,17,133,15,1760979849
0.016,23,46,9438,22840,595,562,40.6667,19,134,15,1760979849
0.014,22,44,8576,21038,580,547,39.6667,18,135,15,1760979849
0.007,18,36,5987,15684,563,536,38.5333,13,136,15,1760979849
0.008,18,36,5602,14963,548,522,37.5333,13,137,15,1760979849
0,18,36,5598,14615,533,509,36.5333,12,138,15,1760979849
0.017,15,31,4331,11648,520,496,35.6667,12,139,15,1760979849
0.006,15,31,3922,10832,505,481,34.6667,12,140,15,1760979849
0.009,12,24,3815,9507,503,486,34.5333,12,141,15,1760979849
0.001,13,26,3422,9454,526,506,36.0667,14,142,15,1760979849
0,13,26,3438,9441,538,518,36.8667,14,143,15,1760979849
0.004,12,24,3076,8534,523,503,35.8667,13,144,15,1760979849
0.006,12,24,2895,8170,508,488,34.8667,13,145,15,1760979849
0,12,24,2747,7856,493,473,33.8667,13,146,15,1760979849
0,12,24,2575,7481,478,458,32.8667,13,147,15,1760979849
0,11,22,2321,6868,463,444,31.8667,13,148,15,1760979849
0,12,24,2408,7215,445,429,30.6667,13,149,15,1760979849
0,11,22,2240,6702,430,416,29.6667,10,150,15,1760979849
0.006,14,29,3734,10726,509,488,34.9333,14,151,15,1760979849
0.009,14,29,3603,10473,494,473,33.9333,14,152,15,1760979849
0.001,14,29,3817,11203,552,531,37.8,14,153,15,1760979849
0.01,13,27,3309,9977,537,518,36.8,12,154,15,1760979849
0,16,33,4274,11985,556,533,38.0667,14,155,15,1760979849
0.016,15,31,4101,11358,541,519,37.0667,12,156,15,1760979849
0,16,33,4984,13007,557,533,38.1333,15,157,15,1760979849
0.016,16,33,4706,12619,556,532,38.0667,15,158,15,1760979849
0.006,16,33,4270,11871,541,517,37.0667,15,159,15,1760979849
0.01,16,33,3871,11073,526,502,36.0667,15,160,15,1760979849
0,15,31,3562,10287,511,489,35.0667,14,161,15,1760979849
0,16,33,3692,10655,522,498,35.8,15,162,15,1760979849
0.001,15,31,2951,9028,507,485,34.8,14,163,15,1760979849
0.006,15,31,2798,8861,516,494,35.4,14,164,15,1760979849
0.008,14,29,2563,8260,501,482,34.4,14,165,15,1760979849
0.004,16,32,4323,12172,558,539,38.2,15,166,15,1760979849
0,16,32,4107,11716,543,524,37.2,15,167,15,1760979849
0.016,14,28,3675,10532,528,511,36.2,11,168,15,1760979849
0.004,14,28,3469,10187,534,517,36.6,11,169,15,1760979849
0.007,13,26,3141,9576,553,538,37.8667,11,170,15,1760979849
0.003,13,26,2844,9294,566,553,38.7333,11,171,15,1760979849
0,12,24,2727,8670,552,539,37.8,10,172,15,1760979849
0,11,23,3500,9925,544,528,37.2667,9,173,15,1760979849
0.007,10,21,3083,8845,550,534,37.6667,9,174,15,1760979849
0.009,10,21,2902,8486,535,519,36.6667,9,175,15,1760979849
0.004,9,19,2567,7564,520,506,35.6667,8,176,15,1760979849
0.007,9,19,2438,7299,505,493,34.6667,8,177,15,1760979849
0,7,15,2084,6309,504,492,34.6,6,178,15,1760979849
0.009,7,15,2055,6298,518,506,35.5333,6,179,15,1760979849
0,7,15,2022,6284,534,522,36.6,6,180,15,1760979849
0.008,7,15,1954,6093,519,507,35.6,6,181,15,1760979849
0,6,13,1831,5667,504,492,34.6,5,182,15,1760979849
0,6,13,1766,5478,489,478,33.6,5,183,15,1760979849
0.011,5,11,1640,5037,474,465,32.6,4,184,15,1760979849
0,5,11,1587,4882,459,450,31.6,4,185,15,1760979849
0.009,6,12,2514,6522,494,483,33.9333,4,186,15,1760979849
0,6,12,2412,6293,479,468,32.9333,4,187,15,1760979849
0,6,12,2312,6083,464,453,31.9333,4,188,15,1760979849
0.005,6,12,2213,5884,456,445,31.4,4,189,15,1760979849
0.006,6,12,2109,5654,441,430,30.4,4,190,15,1760979849
0.001,6,12,2214,6263,471,460,32.4,4,191,15,1760979849
0.003,6,12,2113,6048,456,445,31.4,4,192,15,1760979849
0.002,5,10,1255,4318,463,456,31.8667,4,193,15,1760979849
0,5,10,1756,4976,452,441,31.1333,4,194,15,1760979849
0,5,10,1758,5336,477,466,32.8,4,195,15,1760979849
0,9,18,3195,8997,564,554,38.6,7,196,15,1760979849
0.015,10,20,3425,9917,595,583,40.6667,8,197,15,1760979849
0.008,10,20,3281,9889,618,606,42.2,8,198,15,1760979849
0.009,10,20,3054,9481,603,591,41.2,8,199,15,1760979849
0.004,10,20,2914,9111,588,576,40.2,8,200,15,1760979849
0.004,11,23,3299,10380,606,594,41.4,8,201,15,1760979849
0.008,11,23,3117,10025,591,579,40.4,8,202,15,1760979849
0,11,23,2941,9759,611,599,41.7333,8,203,15,1760979849
0.001,9,19,2503,8424,596,585,40.7333,7,204,15,1760979849
0,8,17,2258,7680,581,572,39.7333,6,205,15,1760979849
0.012,7,15,1934,6615,579,571,39.6,5,206,15,1760979849
0,7,15,1860,6416,564,556,38.6,5,207,15,1760979849
0,7,15,1792,6307,560,552,38.3333,6,208,15,1760979849
0.011,7,15,1686,6066,545,537,37.3333,6,209,15,1760979849
0,7,15,3399,12885,536,522,36.7333,6,210,15,1760979849
0,7,15,1528,5638,523,516,35.8667,7,211,15,1760979849
0.015,8,17,3075,11565,513,501,35.2,7,212,15,1760979849
0,7,15,1379,5157,519,514,35.6,7,213,15,1760979849
0,7,14,1296,4830,510,505,35,7,214,15,1760979849
0,8,16,1398,5247,510,505,35,9,215,15,1760979849
0,8,16,1347,5068,495,490,34,9,216,15,1760979849
0.002,10,20,1857,6625,524,519,35.9333,11,217,15,1760979849
0,9,18,1694,6084,509,504,34.9333,10,218,15,1760979849
0.002,9,18,1614,5847,494,489,33.9333,10,219,15,1760979849
0,9,18,1549,5640,479,474,32.9333,10,220,15,1760979849
0,8,16,1455,5301,464,461,31.9333,9,221,15,1760979849
0,9,18,1562,5706,488,485,33.5333,10,222,15,1760979849
0.016,9,18,1519,5578,479,476,32.9333,10,223,15,1760979849
0.002,8,16,1235,4613,464,461,31.9333,10,224,15,1760979849
0.002,8,16,1292,4900,498,495,34.2,10,225,15,1760979849
0,9,19,1834,6155,534,533,36.6,11,226,15,1760979849
0.002,9,19,1774,6018,533,532,36.5333,11,227,15,1760979849
0.002,8,17,1669,5654,518,517,35.5333,10,228,15,1760979849
0.002,8,17,1614,5480,503,502,34.5333,10,229,15,1760979849
0.006,12,24,2847,8799,530,525,36.3333,11,230,15,1760979849
0.004,12,24,2760,8558,515,510,35.3333,11,231,15,1760979849
0.004,11,22,2602,8006,500,495,34.3333,10,232,15,1760979849
0,11,22,2584,8069,514,509,35.2667,10,233,15,1760979849
0,10,20,2458,7654,499,494,34.2667,9,234,15,1760979849
0.008,10,20,2454,7762,519,514,35.6,9,235,15,1760979849
0,10,20,2472,7895,526,521,36.0667,9,236,15,1760979849
0,10,20,2365,7606,511,506,35.0667,9,237,15,1760979849
0.014,11,22,2617,8257,536,528,36.7333,10,238,15,1760979849
0.005,11,22,2510,7961,526,518,36.0667,10,239,15,1760979849
0,13,26,2736,8887,523,514,35.8667,12,240,15,1760979849
0,13,26,2506,8215,508,499,34.8667,12,241,15,1760979849
0,13,26,2805,9647,546,537,37.4,13,242,15,1760979849
0.013,12,24,2582,8995,534,525,36.6,13,243,15,1760979849
0,10,20,2252,7763,519,511,35.6,10,244,15,1760979849
0,11,22,2331,8407,530,522,36.3333,11,245,15,1760979849
0.016,10,21,2094,7426,514,507,35.2667,10,246,15,1760979849
0,5,11,1178,4391,499,494,34.2667,9,247,15,1760979849
0,3,7,960,3536,484,480,33.2667,6,248,15,1760979849
0.012,8,16,2436,7518,597,590,40.8,8,249,15,1760979849
0,8,16,2342,7266,582,575,39.8,8,250,15,1760979849
0.007,8,16,2292,7197,598,591,40.8667,9,251,15,1760979849
0,8,16,2181,6942,583,576,39.8667,9,252,15,1760979849
0,8,16,2073,6671,568,561,38.8667,9,253,15,1760979849
0.007,8,16,1996,6512,574,567,39.2667,9,254,15,1760979849
0.002,8,16,1955,6550,583,576,39.8667,9,255,15,1760979849
0,9,18,2201,7424,599,591,40.9333,11,256,15,1760979849
0,8,16,1999,6732,584,576,39.9333,10,257,15,1760979849
0,7,14,1846,6258,591,583,40.4,8,258,15,1760979849
0.015,7,14,1765,6064,576,568,39.4,8,259,15,1760979849
0.006,7,14,1711,5950,584,576,39.9333,8,260,15,1760979849
0,7,14,1633,5741,569,561,38.9333,8,261,15,1760979849
0,7,14,2057,6298,559,553,38.2667,8,262,15,1760979849
0.002,7,14,1988,6110,544,538,37.2667,8,263,15,1760979849
0.002,6,12,1899,5837,541,535,37.0667,7,264,15,1760979849
0.004,6,12,1818,5671,536,530,36.7333,7,265,15,1760979849
0.001,6,12,1749,5472,521,515,35.7333,7,266,15,1760979849
0.003,7,14,2274,6430,524,516,35.9333,8,267,15,1760979849
0,7,14,2128,6295,522,514,35.8,8,268,15,1760979849
0.002,7,14,2012,6035,507,499,34.8,8,269,15,1760979849
0,7,14,1962,5968,529,521,36.2667,8,270,15,1760979849
0,7,14,1899,5925,536,528,36.7333,8,271,15,1760979849
0.014,7,14,1764,5658,521,513,35.7333,8,272,15,1760979849
0.004,6,12,1619,5254,535,529,36.6667,7,273,15,1760979849
0,5,10,1470,4747,520,516,35.6667,5,274,15,1760979849
0.006,5,10,1430,4650,526,522,36.0667,5,275,15,1760979849
0,5,10,1400,4598,533,529,36.5333,5,276,15,1760979849
0.002,6,12,1533,5068,556,550,38.0667,6,277,15,1760979849
0.002,6,12,1479,4920,550,544,37.6667,6,278,15,1760979849
0,6,12,1412,4718,535,529,36.6667,6,279,15,1760979849
0,6,12,1415,4804,545,539,37.3333,6,280,15,1760979849
0,6,12,1408,4835,559,553,38.2667,6,281,15,1760979849
0,6,12,1381,4862,562,556,38.4667,6,282,15,1760979849
0.005,6,12,1305,4667,547,541,37.4667,6,283,15,1760979849
0,6,12,1249,4509,532,526,36.4667,6,284,15,1760979849
0.005,6,12,1200,4355,517,511,35.4667,6,285,15,1760979849
0,6,12,1145,4192,502,496,34.4667,6,286,15,1760979849
0.002,6,12,1094,4042,487,481,33.4667,6,287,15,1760979849
0,6,12,1036,3873,472,466,32.4667,6,288,15,1760979849
0,6,12,987,3723,457,451,31.4667,6,289,15,1760979849
0,7,14,1130,4277,461,455,31.7333,7,290,15,1760979849
0.007,6,12,1014,3845,446,442,30.7333,6,291,15,1760979849
0,6,12,974,3713,431,427,29.7333,6,292,15,1760979849
0,6,12,1001,3844,448,444,30.8667,6,293,15,1760979849
0,7,14,1205,4498,454,450,31.2667,7,294,15,1760979849
0,6,12,1168,4393,464,462,31.9333,6,295,15,1760979849
0,6,12,1140,4275,449,447,30.9333,6,296,15,1760979849
0.015,7,14,1287,4868,465,462,32,7,297,15,1760979849
0.003,7,14,1251,4725,450,447,31,7,298,15,1760979849
0.003,9,19,1585,5913,466,462,32.0667,9,299,15,1760979849
0,9,19,1545,5752,451,447,31.0667,9,300,15,1760979849
0.008,9,19,1520,5643,447,443,30.8,9,301,15,1760979849
0,11,22,2450,7634,533,525,36.5333,10,302,15,1760979849
0,11,22,2370,7417,518,510,35.5333,10,303,15,1760979849
0.01,12,24,2646,8089,531,523,36.4,11,304,15,1760979849
0,12,24,2579,7759,516,508,35.4,10,305,15,1760979849
0.011,12,24,2487,7491,501,493,34.4,10,306,15,1760979849
0.006,13,26,2657,8105,534,524,36.6,11,307,15,1760979849
0,13,26,2552,7807,519,509,35.6,11,308,15,1760979849
0,13,26,2455,7551,504,494,34.6,11,309,15,1760979849
0.014,13,26,2349,7267,489,479,33.6,11,310,15,1760979849
0.006,13,26,2259,7165,489,479,33.6,11,311,15,1760979849
0,14,28,2868,8978,532,519,36.4667,11,312,15,1760979849
0.005,13,26,2823,8733,517,504,35.4667,10,313,15,1760979849
0.007,15,30,3179,9982,584,569,39.9333,13,314,15,1760979849
0.004,14,28,2951,9436,600,588,41,10,315,15,1760979849
0.005,13,26,2697,8761,585,573,40,9,316,15,1760979849
0.004,13,26,2532,8404,570,558,39,9,317,15,1760979849
0.001,13,26,2487,8507,585,573,40,9,318,15,1760979849
0,12,24,2516,8496,570,559,39,9,319,15,1760979849
0,13,26,2435,8307,575,563,39.3333,10,320,15,1760979849
0.016,12,24,2452,8251,560,550,38.3333,10,321,15,1760979849
0,11,22,2036,7023,543,536,37.2,10,322,15,1760979849
0,12,24,2088,7275,547,538,37.4667,11,323,15,1760979849
0.016,11,22,1894,6662,532,523,36.4667,10,324,15,1760979849
0,11,22,1826,6439,517,508,35.4667,10,325,15,1760979849
0,11,22,1791,6362,502,493,34.4667,10,326,15,1760979849
0,12,24,2331,7760,543,534,37.2,12,327,15,1760979849
0,12,24,2202,7431,528,519,36.2,12,328,15,1760979849
0,12,24,2068,7170,525,516,36,12,329,15,1760979849
0.013,11,23,3079,9241,552,540,37.8,11,330,15,1760979849
0,13,27,3124,9534,554,542,37.9333,11,331,15,1760979849
0,13,27,3139,9900,594,582,40.6,12,332,15,1760979849
0.015,12,25,2838,8915,579,567,39.6,12,333,15,1760979849
0,12,24,2228,7658,560,552,38.3333,11,334,15,1760979849
0.012,13,26,2556,8453,565,555,38.6667,12,335,15,1760979849
0.002,13,26,2444,8168,550,540,37.6667,12,336,15,1760979849
0,13,26,2332,7878,535,525,36.6667,12,337,15,1760979849
0.007,13,26,2295,7886,544,534,37.2667,12,338,15,1760979849
0,13,26,2201,7633,529,519,36.2667,12,339,15,1760979849
0,13,26,2104,7364,514,504,35.2667,12,340,15,1760979849
0.006,12,24,1923,6764,499,489,34.2667,12,341,15,1760979849
0,11,22,1934,6543,493,486,33.8667,13,342,15,1760979849
0,10,20,1850,6292,526,519,36.0667,13,343,15,1760979849
0.015,10,20,2719,7875,557,550,38.1333,13,344,15,1760979849
0,9,18,1727,6040,542,535,37.1333,12,345,15,1760979849
0.006,9,18,1666,5858,530,523,36.3333,12,346,15,1760979849
0,8,16,1560,5490,546,540,37.4,11,347,15,1760979849
0,8,16,1581,5702,576,569,39.4,11,348,15,1760979849
0,8,16,1510,5509,561,554,38.4,11,349,15,1760979849
0,8,17,2979,8379,625,614,42.6667,12,350,15,1760979849
0.002,8,17,2900,8186,610,599,41.6667,12,351,15,1760979849
0,8,17,2824,7994,595,584,40.6667,12,352,15,1760979849
0.012,7,15,2666,7464,580,571,39.6667,10,353,15,1760979849
0,10,20,3750,10489,603,593,41.2,11,354,15,1760979849
0,11,23,4022,11626,600,589,41,12,355,15,1760979849
0.001,10,21,3813,11107,619,609,42.2667,11,356,15,1760979849
0,10,21,3659,10783,604,594,41.2667,11,357,15,1760979849
0.011,10,21,3227,10076,589,579,40.2667,11,358,15,1760979849
0,10,20,2858,9201,605,592,41.3333,12,359,15,1760979849
0.01,10,20,2740,8889,590,577,40.3333,12,360,15,1760979849
0.006,11,22,3853,11949,608,595,41.5333,12,361,15,1760979849
0.009,10,20,4009,12093,591,583,40.4,9,362,15,1760979849
0,10,20,3850,11698,576,568,39.4,9,363,15,1760979849
0.013,9,18,3587,10891,561,553,38.4,8,364,15,1760979849
0,9,18,3564,10764,546,538,37.4,8,365,15,1760979849
0.014,9,19,3307,10314,569,560,38.9333,10,366,15,1760979849
0,10,21,4432,12632,577,566,39.4667,11,367,15,1760979849
0,12,24,4142,12724,588,575,40.2,14,368,15,1760979849
0.004,13,26,5234,14940,575,560,39.3333,14,369,15,1760979849
0.012,13,26,4903,14139,560,545,38.3333,14,370,15,1760979849
0.008,11,22,3286,10443,593,578,40.5333,16,371,15,1760979849
0,10,20,2973,9395,578,565,39.5333,15,372,15,1760979849
0,12,24,3463,10585,627,611,42.8,17,373,15,1760979849
0,13,26,3553,10946,625,609,42.6667,17,374,15,1760979849
0.006,12,24,3177,9855,610,594,41.6667,17,375,15,1760979849
0.004,12,24,3074,9596,595,579,40.6667,17,376,15,1760979849
0,12,24,2863,9181,580,564,39.6667,17,377,15,1760979849
0.001,12,24,2617,8977,573,561,39.2,14,378,15,1760979849
0.006,10,20,2325,7847,558,548,38.2,12,379,15,1760979849
0.008,12,24,3074,9416,578,564,39.5333,18,380,15,1760979849
0.004,12,24,2941,9104,563,549,38.5333,18,381,15,1760979849
0,13,26,3023,9426,548,534,37.5333,18,382,15,1760979849
0.004,13,26,2974,9450,570,556,39,18,383,15,1760979849
0.005,14,28,3379,10573,584,568,39.9333,19,384,15,1760979849
0.006,15,30,3722,11402,573,553,39.2,19,385,15,1760979849
0.007,15,30,4210,12785,615,597,42,20,386,15,1760979849
0,14,28,3352,10604,630,606,43,21,387,15,1760979849
0.013,17,34,7897,19653,689,659,46.9333,25,388,15,1760979849
0.01,16,33,7120,18000,678,645,46.2,25,389,15,1760979849
0.012,14,28,6187,15836,669,640,45.6,25,390,15,1760979849
0,14,29,6323,16343,680,648,46.3333,24,391,15,1760979849
0.021,13,27,5565,14832,665,636,45.3333,22,392,15,1760979849
0.01,13,26,5520,14748,645,623,44,19,393,15,1760979849
0.004,12,24,4684,12823,630,610,43,20,394,15,1760979849
0.003,12,24,4429,12110,615,596,42,19,395,15,1760979849
0,10,20,3475,10207,651,632,44.4,18,396,15,1760979849
0.013,9,18,3164,9405,636,618,43.4,17,397,15,1760979849
0,10,20,3613,10763,621,607,42.4,17,398,15,1760979849
0.011,10,20,3481,10460,606,592,41.4,17,399,15,1760979849
0,8,17,2684,8134,589,577,40.2667,16,400,15,1760979849
0.002,8,17,2568,7837,574,562,39.2667,16,401,15,1760979849
0.002,7,15,2341,7167,559,549,38.2667,14,402,15,1760979849
0,6,13,2176,6582,544,534,37.2667,8,403,15,1760979849
0,6,13,2088,6396,541,531,37.0667,8,404,15,1760979849
0.008,6,13,1998,6158,526,516,36.0667,8,405,15,1760979849
0.006,6,13,1935,5983,511,501,35.0667,8,406,15,1760979849
0.004,6,13,1911,5994,520,510,35.6667,8,407,15,1760979849
0.002,6,13,1873,5947,523,513,35.8667,9,408,15,1760979849
0.006,10,20,4808,11346,564,548,38.6,10,409,15,1760979849
0.007,10,20,4737,11188,562,546,38.4667,10,410,15,1760979849
0,10,21,2843,8724,565,549,38.6667,11,411,15,1760979849
0,10,21,2740,8454,550,534,37.6667,11,412,15,1760979849
0,11,23,2874,8923,552,536,37.8,12,413,15,1760979849
0.008,12,24,2912,8995,537,521,36.8,12,414,15,1760979849
0.002,12,24,2766,8654,522,506,35.8,12,415,15,1760979849
0,13,27,3260,10267,569,553,38.9333,14,416,15,1760979849
0,15,30,3350,10902,587,570,40.1333,15,417,15,1760979849
0,15,30,3201,10512,572,555,39.1333,15,418,15,1760979849
0,16,32,3256,10779,557,540,38.1333,16,419,15,1760979849
0.016,14,28,3000,9994,590,575,40.3333,14,420,15,1760979849
0,14,28,2865,9668,577,562,39.4667,14,421,15,1760979849
0.002,14,28,2740,9352,562,549,38.4667,14,422,15,1760979849
0,13,26,2331,7985,547,534,37.4667,14,423,15,1760979849
0,13,26,2315,8065,555,542,38,13,424,15,1760979849
0,14,29,3003,10007,568,549,38.8667,15,425,15,1760979849
0.002,14,29,2740,9281,553,537,37.8667,16,426,15,1760979849
0.003,12,25,2487,8350,567,551,38.8,15,427,15,1760979849
0,12,25,2342,7955,552,536,37.8,15,428,15,1760979849
0.011,13,27,2751,8707,556,538,38.0667,16,429,15,1760979849
0.006,13,27,2544,8419,552,536,37.8,16,430,15,1760979849
0,13,26,2424,8156,535,523,36.6667,13,431,15,1760979849
0,16,32,2989,9544,538,524,36.8667,16,432,15,1760979849
0.02,16,32,2860,9185,559,545,38.2667,16,433,15,1760979849
0.001,14,28,2511,8223,542,532,37.1333,15,434,15,1760979849
0,13,26,2269,7407,527,519,36.1333,16,435,15,1760979849
0,11,22,2102,6778,512,504,35.1333,11,436,15,1760979849
0,11,22,2011,6524,509,501,34.9333,11,437,15,1760979849
0,11,22,1978,6464,494,486,33.9333,11,438,15,1760979849
0.017,11,22,1900,6252,479,471,32.9333,11,439,15,1760979849
0,11,22,1917,6425,497,489,34.1333,11,440,15,1760979849
0.004,12,24,2671,8104,528,519,36.2,12,441,15,1760979849
0.003,12,24,2663,8279,534,525,36.6,12,442,15,1760979849
0.006,12,24,2649,8189,545,536,37.3333,12,443,15,1760979849
0.008,12,25,3087,9003,585,573,40,13,444,15,1760979849
0.005,13,26,2553,8485,584,573,39.9333,16,445,15,1760979849
0.004,13,26,2430,8146,569,558,38.9333,16,446,15,1760979849
0,13,26,2355,7973,567,556,38.8,16,447,15,1760979849
0.011,12,25,2888,9066,561,549,38.4,13,448,15,1760979849
0,12,25,2815,9024,573,561,39.2,14,449,15,1760979849
0.01,12,25,2640,8627,558,546,38.2,14,450,15,1760979849
0.003,12,25,2553,8367,543,531,37.2,14,451,15,1760979849
0,12,25,2425,8032,528,516,36.2,14,452,15,1760979849
0,10,21,2156,6868,512,504,35.1333,13,453,15,1760979849
0.015,10,21,2042,6575,497,489,34.1333,13,454,15,1760979849
0.006,13,26,3195,8878,539,533,36.9333,13,455,15,1760979849
0,10,20,2878,7725,524,520,35.9333,11,456,15,1760979849
0.004,10,20,3425,9198,560,554,38.3333,11,457,15,1760979849
0,10,20,3134,8598,545,539,37.3333,11,458,15,1760979849
0,10,20,2966,8353,550,544,37.6667,11,459,15,1760979849
0.002,10,20,3050,8701,569,564,38.9333,12,460,15,1760979849
0.002,10,20,2937,8477,554,549,37.9333,12,461,15,1760979849
0.006,9,18,2230,7162,540,534,37,10,462,15,1760979849
0,8,16,2004,6411,525,520,36,10,463,15,1760979849
0.003,11,23,2925,8571,543,540,37.2,13,464,15,1760979849
0,13,27,5360,12641,553,544,37.8667,15,465,15,1760979849
0,13,27,5152,12216,538,529,36.8667,15,466,15,1760979849
0.016,15,31,5169,12770,567,557,38.8,17,467,15,1760979849
0.004,15,31,4784,12299,588,576,40.2,17,468,15,1760979849
0.006,14,29,4374,11264,573,561,39.2,15,469,15,1760979849
0,14,29,4213,11024,596,584,40.7333,15,470,15,1760979849
0,16,32,4949,13150,608,588,41.5333,15,471,15,1760979849
0.015,15,30,4731,12452,592,573,40.4667,14,472,15,1760979849
0.008,16,32,5134,13836,628,608,42.8667,14,473,15,1760979849
0.006,16,32,4405,12479,611,593,41.7333,14,474,15,1760979849
0,14,28,4038,11306,597,578,40.8,14,475,15,1760979849
0,16,32,3931,11420,581,563,39.7333,14,476,15,1760979849
0.012,14,28,3615,10375,567,548,38.8,14,477,15,1760979849
0.003,16,32,3580,10598,551,533,37.7333,14,478,15,1760979849
0.011,18,37,5500,15391,586,562,40.0667,16,479,15,1760979849
0,16,33,5767,16680,571,549,39.0667,15,480,15,1760979849
0.007,14,29,4716,13107,571,552,39.0667,16,481,15,1760979849
0.006,15,30,5201,13739,553,538,37.8667,13,482,15,1760979849
0.008,14,28,4042,11733,584,572,39.9333,13,483,15,1760979849
0.008,14,28,4116,12193,601,589,41.0667,13,484,15,1760979849
0,15,30,4028,12303,619,607,42.2667,15,485,15,1760979849
0.013,14,28,3749,11520,615,605,42,13,486,15,1760979849
0.004,14,28,3630,11204,600,590,41,13,487,15,1760979849
0.011,13,26,3424,10554,585,575,40,12,488,15,1760979849
0,14,29,3446,10904,615,605,42,15,489,15,1760979849
0.012,14,29,3310,10574,600,590,41,15,490,15,1760979849
0,15,30,3622,11580,608,594,41.5333,16,491,15,1760979849
0,15,30,3582,11477,632,618,43.1333,16,492,15,1760979849
0.015,15,30,3696,11492,629,618,42.9333,14,493,15,1760979849
0.008,15,30,3501,11089,614,603,41.9333,14,494,15,1760979849
0.008,14,28,3425,11041,663,651,45.2,14,495,15,1760979849
0,14,28,3231,10626,648,636,44.2,14,496,15,1760979849
0.012,13,26,3692,12033,667,656,45.4667,16,497,15,1760979849
0,9,18,2291,8003,652,644,44.4667,13,498,15,1760979849
0,9,18,2187,7671,637,629,43.4667,13,499,15,1760979849
