0,0,1,199,655,191,191,24.875,0,0,8,17
0.008,0,1,159,499,151,151,19.875,0,5,8,17
0.002,1,2,241,624,146,141,19.25,1,10,8,17
0.002,1,2,224,630,162,157,21.25,1,15,8,17
0,1,2,155,466,127,122,16.875,1,20,8,17
0.008,1,3,212,669,149,149,19.625,1,25,8,17
0,1,3,216,686,175,175,22.875,1,30,8,17
0.002,1,3,190,609,159,159,20.875,1,35,8,17
0.002,1,2,187,606,157,155,20.625,1,40,8,17
0.002,1,2,179,578,154,152,20.25,1,45,8,17
0.002,0,1,174,556,166,166,21.75,0,50,8,17
0.002,0,1,134,420,126,126,16.75,0,55,8,17
0,1,2,220,676,170,166,22.25,1,60,8,17
0,1,2,163,506,130,127,17.25,1,65,8,17
0.01,0,1,119,369,111,111,14.875,0,70,8,17
0,1,2,142,439,119,119,15.875,1,75,8,17
0,1,2,178,557,141,141,18.625,1,80,8,17
0,1,2,207,656,180,178,23.5,1,85,8,17
0.016,1,2,175,556,153,151,20.125,1,90,8,17
0,1,2,141,447,122,122,16.25,1,95,8,17
0,0,1,104,322,96,96,13,0,100,8,17
0,2,4,379,1072,195,189,25.375,2,105,8,17
0.014,4,8,510,1429,179,170,23.375,4,110,8,17
0.004,3,6,459,1270,178,169,23.25,3,115,8,17
0.007,3,6,336,989,157,148,20.625,3,120,8,17
0,1,2,193,601,147,143,19.375,1,125,8,17
0,0,1,115,363,107,107,14.375,0,130,8,17
0,0,1,110,341,102,102,13.75,0,135,8,17
0,0,1,150,474,142,142,18.75,0,140,8,17
0.016,1,2,226,683,178,177,23.25,1,145,8,17
0.003,1,2,169,520,138,137,18.25,1,150,8,17
0,2,4,218,680,147,146,19.375,2,155,8,17
0,1,2,173,538,154,154,20.25,1,160,8,17
0.013,2,4,281,891,179,177,23.375,2,165,8,17
0,2,4,277,862,177,175,23.125,2,170,8,17
0,2,4,208,667,137,135,18.125,2,175,8,17
0.013,1,2,151,487,125,123,16.625,1,180,8,17
0.003,2,4,216,701,144,140,19,3,185,8,17
0,1,2,198,639,156,154,20.5,2,190,8,17
0,0,1,178,570,170,170,22.25,0,195,8,17
0.011,0,1,138,438,130,130,17.25,0,200,8,17
0,0,1,118,375,110,110,14.75,0,205,8,17
0.008,2,4,269,774,142,139,18.75,2,210,8,17
0,2,4,277,856,169,166,22.125,2,215,8,17
0,2,4,413,1227,212,210,27.5,2,220,8,17
0.013,1,2,242,788,199,197,25.875,1,225,8,17
0,1,2,206,666,173,171,22.625,1,230,8,17
0,2,4,280,907,201,199,26.125,2,235,8,17
0,1,2,195,620,161,161,21.125,1,240,8,17
0.016,0,1,138,425,130,130,17.25,0,245,8,17
0,0,1,148,459,140,140,18.5,0,250,8,17
0,0,1,156,486,148,148,19.5,0,255,8,17
0,0,1,198,633,190,190,24.75,0,260,8,17
0,1,2,241,765,207,205,26.875,1,265,8,17
0,0,1,175,557,167,167,21.875,0,270,8,17
0,0,1,163,519,155,155,20.375,0,275,8,17
0.007,1,2,235,742,206,204,26.75,1,280,8,17
0,1,2,190,596,166,164,21.75,1,285,8,17
0.009,1,2,195,605,158,156,20.75,1,290,8,17
0,1,2,144,449,118,116,15.75,1,295,8,17
0,0,1,136,419,128,128,17,0,300,8,17
0,0,1,136,420,128,128,17,0,305,8,17
0,2,4,297,860,167,163,21.875,3,310,8,17
0.008,2,4,247,728,147,143,19.375,3,315,8,17
0.006,3,6,253,763,135,133,17.875,3,320,8,17
0.005,2,4,181,555,125,123,16.625,2,325,8,17
0.002,2,4,173,539,109,108,14.625,2,330,8,17
0.001,1,2,200,636,167,166,21.875,1,335,8,17
0,3,6,354,1053,172,166,22.5,3,340,8,17
0.01,3,6,312,940,158,152,20.75,3,345,8,17
0.006,2,4,200,605,118,114,15.75,2,350,8,17
0.002,1,2,131,394,102,100,13.75,1,355,8,17
0.002,0,1,157,485,149,149,19.625,0,360,8,17
0,0,1,117,358,109,109,14.625,0,365,8,17
0,1,2,201,625,168,167,22,1,370,8,17
0.008,1,2,146,454,128,127,17,1,375,8,17
0,1,2,179,560,150,149,19.75,1,380,8,17
0,1,2,193,575,148,145,19.5,1,385,8,17
0,1,2,130,399,108,107,14.5,1,390,8,17
0,0,1,130,401,122,122,16.25,0,395,8,17
0.016,1,2,196,579,152,150,20,1,400,8,17
0,3,6,327,1005,187,185,24.375,3,405,8,17
0,3,6,248,770,147,145,19.375,3,410,8,17
0,1,2,122,372,107,105,14.375,1,415,8,17
0.005,1,2,152,465,129,127,17.125,1,420,8,17
0,1,2,140,432,122,120,16.25,1,425,8,17
0.004,2,4,333,1030,203,201,26.375,2,430,8,17
0.009,3,6,434,1322,218,216,28.25,3,435,8,17
0,2,4,326,1010,195,193,25.375,2,440,8,17
0,2,4,301,942,198,196,25.75,2,445,8,17
0,1,2,183,582,158,156,20.75,1,450,8,17
0.016,0,1,126,390,118,118,15.75,0,455,8,17
0,1,2,203,621,156,156,20.5,1,460,8,17
0,1,3,243,747,167,167,21.875,2,465,8,17
0,1,3,189,579,127,127,16.875,2,470,8,17
0,0,1,144,445,136,136,18,0,475,8,17
0,1,2,276,749,169,165,22.125,1,480,8,17
0,1,2,216,625,151,147,19.875,1,485,8,17
0,2,4,318,946,189,186,24.625,2,490,8,17
0.016,2,4,237,716,149,146,19.625,2,495,8,17
0,1,2,165,519,141,140,18.625,1,500,8,17
0,0,1,165,513,157,157,20.625,0,505,8,17
0,0,1,146,451,138,138,18.25,0,510,8,17
0,1,2,178,557,151,149,19.875,1,515,8,17
0.008,1,2,163,516,141,139,18.625,1,520,8,17
0,1,2,132,413,115,113,15.375,1,525,8,17
0.006,1,2,294,881,229,226,29.625,1,530,8,17
0,1,2,226,694,189,186,24.625,1,535,8,17
0.01,0,1,187,602,179,179,23.375,0,540,8,17
0,0,1,157,501,149,149,19.625,0,545,8,17
0,0,1,131,412,123,123,16.375,0,550,8,17
0,1,2,162,462,115,111,15.375,1,555,8,17
0.016,4,8,462,1282,179,173,23.375,4,560,8,17
0,4,9,583,1681,211,207,27.375,5,565,8,17
0.015,4,9,506,1499,204,202,26.5,4,570,8,17
0,4,9,404,1246,192,190,25,4,575,8,17
0.009,3,7,281,884,152,152,20,3,580,8,17
0.006,2,4,265,853,177,176,23.125,2,585,8,17
0.002,0,1,145,461,137,137,18.125,0,590,8,17
0,0,1,105,329,97,97,13.125,0,595,8,17
0,0,1,116,357,108,108,14.5,0,600,8,17
0,1,2,201,636,176,176,23,1,605,8,17
0.014,1,2,156,491,136,136,18,1,610,8,17
0,0,1,178,570,170,170,22.25,0,615,8,17
0,1,2,215,686,171,169,22.375,1,620,8,17
0,1,2,170,537,131,129,17.375,1,625,8,17
0,1,2,171,537,137,135,18.125,1,630,8,17
0.016,1,2,166,513,136,136,18,1,635,8,17
0.004,1,2,172,533,147,147,19.375,1,640,8,17
0,1,2,235,746,171,171,22.375,1,645,8,17
0,2,4,301,929,167,165,21.875,2,650,8,17
0,3,6,309,970,163,161,21.375,3,655,8,17
0,2,4,198,634,123,123,16.375,2,660,8,17
0,2,4,213,690,135,133,17.875,2,665,8,17
0.002,1,2,154,490,127,125,16.875,1,670,8,17
0.002,2,5,239,751,147,143,19.375,3,675,8,17
0.005,2,4,192,608,132,129,17.5,3,680,8,17
0.002,2,4,158,497,113,110,15.125,3,685,8,17
0,1,2,170,533,156,155,20.5,1,690,8,17
0.006,0,1,159,490,151,151,19.875,0,695,8,17
0,2,4,266,824,163,162,21.375,2,700,8,17
0.008,1,2,219,686,179,179,23.375,1,705,8,17
0,1,2,192,598,157,157,20.625,1,710,8,17
0.007,0,1,125,388,117,117,15.625,0,715,8,17
0,0,1,173,541,165,165,21.625,0,720,8,17
0,0,1,138,428,130,130,17.25,0,725,8,17
0,2,4,419,1139,207,206,26.875,2,730,8,17
0.016,3,6,438,1291,220,217,28.5,3,735,8,17
0,3,6,339,1029,180,177,23.5,3,740,8,17
0,2,4,219,700,140,138,18.5,2,745,8,17
0.015,1,2,154,483,124,122,16.5,1,750,8,17
0,2,4,239,752,154,152,20.25,2,755,8,17
0,1,2,198,645,163,163,21.375,1,760,8,17
0,0,1,228,740,220,220,28.5,0,765,8,17
0.017,0,1,219,709,211,211,27.375,0,770,8,17
0,1,2,230,742,187,187,24.375,1,775,8,17
0.009,2,5,320,983,174,172,22.75,3,780,8,17
0.006,3,6,472,1343,203,195,26.375,4,785,8,17
0.006,5,10,569,1619,185,175,24.125,6,790,8,17
0.01,5,10,395,1193,145,135,19.125,6,795,8,17
0,2,4,194,618,127,123,16.875,2,800,8,17
0,1,2,111,345,87,85,11.875,1,805,8,17
0.011,1,2,175,549,156,154,20.5,1,810,8,17
0,1,2,185,591,149,148,19.625,1,815,8,17
0,0,1,176,570,168,168,22,0,820,8,17
0,2,4,299,916,157,154,20.625,2,825,8,17
0,2,4,237,738,130,127,17.25,2,830,8,17
0.016,3,6,378,1101,162,157,21.25,3,835,8,17
0.007,2,5,360,1087,202,197,26.25,3,840,8,17
0.009,3,6,550,1459,196,189,25.5,3,845,8,17
0.006,4,8,444,1315,184,179,24,5,850,8,17
0.002,2,5,274,860,168,165,22,2,855,8,17
0.004,1,3,209,669,169,169,22.125,1,860,8,17
0.002,0,1,144,456,136,136,18,0,865,8,17
0.006,1,2,351,845,157,152,20.625,1,870,8,17
0.002,2,4,274,815,159,156,20.875,3,875,8,17
0.001,1,2,222,677,162,159,21.25,2,880,8,17
0.005,1,2,214,676,169,166,22.125,2,885,8,17
0.002,0,1,137,434,129,129,17.125,0,890,8,17
0,0,1,97,305,89,89,12.125,0,895,8,17
0.004,1,3,258,791,161,159,21.125,4,900,8,17
0,0,1,129,419,121,121,16.125,0,905,8,17
0.007,2,4,270,841,169,166,22.125,2,910,8,17
0.002,1,3,259,818,195,192,25.375,1,915,8,17
0.002,0,1,182,595,174,174,22.75,0,920,8,17
0,0,1,160,520,152,152,20,0,925,8,17
0.002,0,1,144,464,136,136,18,0,930,8,17
0.002,0,1,138,431,130,130,17.25,0,935,8,17
0.004,2,4,301,926,168,168,22,2,940,8,17
0.003,2,4,263,798,145,145,19.125,2,945,8,17
0.004,2,4,270,852,179,179,23.375,2,950,8,17
0,3,6,302,946,158,158,20.75,3,955,8,17
0.006,2,4,217,686,139,137,18.375,3,960,8,17
0,1,2,141,447,115,113,15.375,2,965,8,17
0,1,2,148,472,127,125,16.875,1,970,8,17
0,1,2,157,507,140,140,18.5,1,975,8,17
0,0,1,152,490,144,144,19,0,980,8,17
0.001,0,1,147,473,139,139,18.375,0,985,8,17
0,0,1,136,428,128,128,17,0,990,8,17
0,1,2,165,511,133,131,17.625,1,995,8,17
0,1,2,145,448,118,116,15.75,1,1000,8,17
0.015,3,6,377,1079,192,186,25,3,1005,8,17
0.004,2,4,234,735,150,148,19.75,2,1010,8,17
0,1,2,237,715,152,152,20,1,1015,8,17
0.004,2,5,381,1130,176,172,23,2,1020,8,17
0,1,2,297,774,158,153,20.75,1,1025,8,17
0,2,4,382,1103,211,207,27.375,2,1030,8,17
0.017,2,4,282,845,171,167,22.375,2,1035,8,17
0,2,4,244,761,171,169,22.375,2,1040,8,17
0.006,1,2,179,547,159,157,20.875,1,1045,8,17
0.005,1,2,169,511,135,133,17.875,1,1050,8,17
0,1,2,197,622,172,170,22.5,1,1055,8,17
0,1,2,190,603,174,172,22.75,1,1060,8,17
0,1,2,197,622,158,158,20.75,1,1065,8,17
0,1,2,202,648,168,168,22,1,1070,8,17
0,0,1,149,477,141,141,18.625,0,1075,8,17
0.015,0,1,170,547,162,162,21.25,0,1080,8,17
0,0,1,148,475,140,140,18.5,0,1085,8,17
0,1,2,232,757,191,191,24.875,1,1090,8,17
0,1,2,203,659,167,167,21.875,1,1095,8,17
0.013,2,4,231,741,146,146,19.25,2,1100,8,17
0,2,4,215,683,145,145,19.125,2,1105,8,17
0,2,4,183,578,128,128,17,2,1110,8,17
0,2,5,259,789,155,155,20.375,4,1115,8,17
0.016,4,9,468,1369,181,177,23.625,5,1120,8,17
0.009,3,6,284,855,164,159,21.5,2,1125,8,17
0,3,6,339,1064,170,166,22.25,4,1130,8,17
0,2,4,213,684,130,126,17.25,2,1135,8,17
0,3,6,234,757,127,122,16.875,3,1140,8,17
0,2,4,151,481,91,90,12.375,2,1145,8,17
0,1,2,214,681,183,181,23.875,1,1150,8,17
0.001,2,4,265,800,173,169,22.625,2,1155,8,17
0.008,3,6,273,809,146,143,19.25,3,1160,8,17
0,3,6,307,822,127,121,16.875,3,1165,8,17
0,1,2,165,482,120,116,16,1,1170,8,17
0,2,4,171,521,103,98,13.875,2,1175,8,17
0,1,2,150,479,123,121,16.375,2,1180,8,17
0.013,3,6,361,1137,198,196,25.75,4,1185,8,17
0.004,4,8,398,1215,179,175,23.375,5,1190,8,17
0.005,4,8,318,996,160,156,21,5,1195,8,17
0.002,1,2,157,495,120,120,16,3,1200,8,17
0,1,2,132,412,115,113,15.375,1,1205,8,17
0.002,1,2,161,504,139,137,18.375,1,1210,8,17
0.004,0,1,143,450,135,135,17.875,0,1215,8,17
0.001,0,1,136,426,128,128,17,0,1220,8,17
0.003,0,1,137,427,129,129,17.125,0,1225,8,17
0.003,0,1,148,459,140,140,18.5,0,1230,8,17
0,0,1,148,464,140,140,18.5,0,1235,8,17
0,0,1,140,443,132,132,17.5,0,1240,8,17
0,0,1,123,392,115,115,15.375,0,1245,8,17
0.013,2,4,235,746,166,164,21.75,2,1250,8,17
0.001,1,2,145,468,126,126,16.75,1,1255,8,17
0,1,2,176,555,134,134,17.75,1,1260,8,17
0,1,2,191,568,134,132,17.75,1,1265,8,17
0.007,1,3,276,867,193,193,25.125,2,1270,8,17
0.002,3,6,502,1487,249,247,32.125,6,1275,8,17
0,2,4,393,1167,224,222,29,4,1280,8,17
0,1,2,201,647,184,184,24,1,1285,8,17
0,0,1,180,581,172,172,22.5,0,1290,8,17
0,0,1,170,543,162,162,21.25,0,1295,8,17
0.009,0,1,156,501,148,148,19.5,0,1300,8,17
0,0,1,144,450,136,136,18,0,1305,8,17
0,0,1,157,495,149,149,19.625,0,1310,8,17
0,1,2,173,550,134,134,17.75,1,1315,8,17
0,2,4,264,836,170,170,22.25,2,1320,8,17
0,1,3,303,962,227,227,29.375,2,1325,8,17
0.016,0,1,195,614,187,187,24.375,0,1330,8,17
0,0,1,155,487,147,147,19.375,0,1335,8,17
0,0,1,126,389,118,118,15.75,0,1340,8,17
0,1,2,187,579,164,162,21.5,1,1345,8,17
0,2,4,220,679,149,145,19.625,2,1350,8,17
0,1,2,201,642,183,183,23.875,1,1355,8,17
0,1,3,305,964,193,193,25.125,1,1360,8,17
0,1,2,285,911,227,226,29.375,1,1365,8,17
0.016,2,4,295,949,208,206,27,2,1370,8,17
0,2,4,236,757,168,166,22,2,1375,8,17
0.005,1,2,166,526,150,148,19.75,1,1380,8,17
0,1,2,192,612,161,159,21.125,1,1385,8,17
0.008,1,2,184,585,158,156,20.75,1,1390,8,17
0,0,1,155,491,147,147,19.375,0,1395,8,17
0,0,1,176,560,168,168,22,0,1400,8,17
0,0,1,191,613,183,183,23.875,0,1405,8,17
0,0,1,151,475,143,143,18.875,0,1410,8,17
0.001,0,1,134,415,126,126,16.75,0,1415,8,17
0.006,2,4,530,1355,233,226,30.125,2,1420,8,17
0.004,2,4,404,1069,193,186,25.125,2,1425,8,17
0,4,8,553,1558,193,187,25.125,3,1430,8,17
0.015,4,8,503,1434,171,164,22.375,3,1435,8,17
0,3,6,384,1109,164,155,21.5,3,1440,8,17
0,3,6,310,932,162,153,21.25,3,1445,8,17
0,1,2,162,502,136,132,18,1,1450,8,17
0,0,1,147,469,139,139,18.375,0,1455,8,17
0,0,1,138,433,130,130,17.25,0,1460,8,17
0,1,2,268,781,169,168,22.125,1,1465,8,17
0.016,2,5,537,1362,165,159,21.625,2,1470,8,17
0.004,2,4,255,751,129,127,17.125,2,1475,8,17
0,2,4,248,783,157,155,20.625,3,1480,8,17
0.008,4,8,331,1027,163,159,21.375,5,1485,8,17
0,2,4,209,653,146,144,19.25,2,1490,8,17
0,2,4,154,474,106,104,14.25,2,1495,8,17
0,0,1,155,487,147,147,19.375,0,1500,8,17
0,1,2,178,559,139,137,18.375,1,1505,8,17
0,2,4,249,747,135,131,17.875,2,1510,8,17
0,2,4,209,628,121,117,16.125,2,1515,8,17
0,2,4,256,795,162,158,21.25,2,1520,8,17
0,1,2,177,560,132,132,17.5,2,1525,8,17
0.003,1,2,172,543,132,132,17.5,2,1530,8,17
0,0,1,143,452,135,135,17.875,0,1535,8,17
0,1,2,212,686,172,170,22.5,1,1540,8,17
0.007,1,2,195,632,160,158,21,1,1545,8,17
0.004,3,6,446,1319,199,193,25.875,3,1550,8,17
0,2,4,295,896,159,155,20.875,2,1555,8,17
0,0,1,184,592,176,176,23,0,1560,8,17
0.016,0,1,144,460,136,136,18,0,1565,8,17
0,1,2,165,524,124,124,16.5,1,1570,8,17
0.007,1,2,196,538,122,118,16.25,1,1575,8,17
0.004,1,2,195,570,143,139,18.875,1,1580,8,17
0.005,3,6,317,1009,166,164,21.75,2,1585,8,17
0.004,3,6,394,1206,196,196,25.5,3,1590,8,17
0,3,6,328,1018,169,169,22.125,3,1595,8,17
0.003,3,6,297,947,152,152,20,4,1600,8,17
0,3,7,342,1019,143,139,18.875,5,1605,8,17
0,2,4,262,750,140,134,18.5,1,1610,8,17
0.016,2,4,240,736,128,123,17,2,1615,8,17
0,1,2,198,585,138,134,18.25,1,1620,8,17
0,1,2,227,702,185,181,24.125,1,1625,8,17
0,3,6,361,1058,168,162,22,3,1630,8,17
0,2,4,289,857,160,156,21,2,1635,8,17
0,5,11,748,1933,165,156,21.625,4,1640,8,17
0,4,9,451,1228,149,138,19.625,5,1645,8,17
0,3,7,326,949,148,139,19.5,4,1650,8,17
0,2,4,246,704,160,149,21,3,1655,8,17
0.003,1,2,135,409,120,119,16,1,1660,8,17
0,0,1,125,393,117,117,15.625,0,1665,8,17
0,0,1,161,516,153,153,20.125,0,1670,8,17
0,0,1,175,556,167,167,21.875,0,1675,8,17
0,0,1,161,506,153,153,20.125,0,1680,8,17
0.002,0,1,121,374,113,113,15.125,0,1685,8,17
0,2,5,345,1098,193,192,25.125,3,1690,8,17
0,2,5,322,1025,190,189,24.75,4,1695,8,17
0.013,1,3,276,873,193,193,25.125,3,1700,8,17
0,1,3,246,773,173,173,22.625,3,1705,8,17
0,0,1,157,489,149,149,19.625,0,1710,8,17
0,1,2,163,507,131,131,17.375,1,1715,8,17
0.015,2,5,323,948,177,175,23.125,3,1720,8,17
0,1,3,225,683,153,153,20.125,2,1725,8,17
0,0,1,121,374,113,113,15.125,0,1730,8,17
0.01,0,1,159,503,151,151,19.875,0,1735,8,17
0.002,1,2,194,612,165,165,21.625,1,1740,8,17
0.004,2,4,260,811,179,179,23.375,2,1745,8,17
0.004,2,4,209,654,155,155,20.375,2,1750,8,17
0.003,2,4,302,950,207,206,26.875,3,1755,8,17
0.004,2,4,242,764,167,166,21.875,3,1760,8,17
0.004,1,2,183,580,152,151,20,1,1765,8,17
0.002,1,2,194,623,160,158,21,2,1770,8,17
0,1,2,172,551,143,141,18.875,2,1775,8,17
0.001,1,2,181,562,157,155,20.625,2,1780,8,17
0.001,0,1,145,446,137,137,18.125,0,1785,8,17
0.002,0,1,157,483,149,149,19.625,0,1790,8,17
0,0,1,139,422,131,131,17.375,0,1795,8,17
0,0,1,147,450,139,139,18.375,0,1800,8,17
0,0,1,147,449,139,139,18.375,0,1805,8,17
0,0,1,134,407,126,126,16.75,0,1810,8,17
0,0,1,153,476,145,145,19.125,0,1815,8,17
0,2,4,260,810,144,140,19,2,1820,8,17
0,1,2,189,586,146,144,19.25,1,1825,8,17
0.016,1,2,182,580,150,149,19.75,1,1830,8,17
0,1,2,155,488,128,127,17,1,1835,8,17
0.007,2,4,161,496,105,102,14.125,2,1840,8,17
0,2,4,263,738,140,135,18.5,2,1845,8,17
0.009,3,6,392,1121,182,175,23.75,3,1850,8,17
0.006,2,4,280,828,146,141,19.25,2,1855,8,17
0.01,4,8,662,1607,196,186,25.5,4,1860,8,17
0,3,6,487,1258,190,183,24.75,3,1865,8,17
0,3,6,337,956,169,162,22.125,3,1870,8,17
0.016,2,5,245,767,153,148,20.125,3,1875,8,17
0.005,0,1,151,484,143,143,18.875,0,1880,8,17
0.004,3,6,327,983,151,147,19.875,3,1885,8,17
0.007,4,8,393,1189,160,154,21,4,1890,8,17
0,3,6,269,822,135,129,17.875,3,1895,8,17
0,2,4,216,687,143,141,18.875,2,1900,8,17
0,2,4,179,556,118,118,15.75,2,1905,8,17
0.016,2,4,215,686,146,146,19.25,3,1910,8,17
0,2,4,206,659,156,156,20.5,3,1915,8,17
0,0,1,164,522,156,156,20.5,0,1920,8,17
0,2,4,287,897,181,179,23.625,3,1925,8,17
0.015,4,8,513,1433,180,173,23.5,5,1930,8,17
0.01,2,4,282,823,162,156,21.25,3,1935,8,17
0.004,6,12,507,1547,180,176,23.5,7,1940,8,17
0,5,10,353,1106,140,138,18.5,5,1945,8,17
0.016,4,8,509,1586,241,237,31.125,7,1950,8,17
0,2,5,409,1183,201,199,26.125,3,1955,8,17
0,1,3,275,804,161,161,21.125,2,1960,8,17
0,1,3,210,647,140,140,18.5,2,1965,8,17
0,0,1,186,596,178,178,23.25,0,1970,8,17
0,0,1,170,545,162,162,21.25,0,1975,8,17
0.011,3,6,421,1189,196,187,25.5,3,1980,8,17
0.005,5,10,540,1556,206,199,26.75,6,1985,8,17
0.008,4,8,397,1147,166,161,21.75,5,1990,8,17
0.008,1,2,243,717,157,156,20.625,1,1995,8,17
0,1,2,222,696,186,185,24.25,1,2000,8,17
0,1,2,188,587,169,168,22.125,1,2005,8,17
0,1,2,143,444,129,128,17.125,1,2010,8,17
0,0,1,116,358,108,108,14.5,0,2015,8,17
0.016,0,1,147,454,139,139,18.375,0,2020,8,17
0.003,0,1,183,576,175,175,22.875,0,2025,8,17
0.002,0,1,179,563,171,171,22.375,0,2030,8,17
0.004,1,2,252,760,190,189,24.75,1,2035,8,17
0.004,1,2,196,610,173,172,22.625,1,2040,8,17
0.002,2,4,254,802,170,167,22.25,2,2045,8,17
0,2,4,262,822,158,156,20.75,2,2050,8,17
0,0,1,194,605,186,186,24.25,0,2055,8,17
0.01,0,1,154,476,146,146,19.25,0,2060,8,17
0,1,2,219,702,182,181,23.75,1,2065,8,17
0.001,1,2,203,653,171,170,22.375,1,2070,8,17
0,2,4,271,826,163,162,21.375,2,2075,8,17
0.001,2,4,232,700,149,148,19.625,2,2080,8,17
0,2,4,256,798,178,175,23.25,2,2085,8,17
0,3,7,398,1205,192,191,25,3,2090,8,17
0.015,2,5,300,906,168,168,22,2,2095,8,17
0,1,3,226,693,170,170,22.25,2,2100,8,17
0,0,1,138,429,130,130,17.25,0,2105,8,17
0,1,3,216,675,139,139,18.375,1,2110,8,17
0,1,2,194,621,155,153,20.375,1,2115,8,17
0,0,1,195,629,187,187,24.375,0,2120,8,17
0,0,1,162,524,154,154,20.25,0,2125,8,17
0,0,1,125,405,117,117,15.625,0,2130,8,17
0,0,1,150,478,142,142,18.75,0,2135,8,17
0,0,1,178,562,170,170,22.25,0,2140,8,17
0,1,2,166,519,142,142,18.75,1,2145,8,17
0,1,3,256,813,160,160,21,1,2150,8,17
0,1,2,194,613,169,169,22.125,1,2155,8,17
0,2,4,230,727,169,169,22.125,2,2160,8,17
0.007,1,2,159,506,129,129,17.125,1,2165,8,17
0,2,4,406,1076,174,168,22.75,3,2170,8,17
0,3,6,354,1010,150,144,19.75,4,2175,8,17
0,3,6,282,861,163,157,21.375,4,2180,8,17
0,2,4,188,585,137,134,18.125,2,2185,8,17
0.016,0,1,168,532,160,160,21,0,2190,8,17
0,1,3,241,764,166,166,21.75,2,2195,8,17
0,2,5,283,905,177,176,23.125,4,2200,8,17
0,2,5,253,811,171,170,22.375,4,2205,8,17
0,0,1,177,566,169,169,22.125,0,2210,8,17
0,0,1,137,434,129,129,17.125,0,2215,8,17
0,0,1,126,396,118,118,15.75,0,2220,8,17
0,0,1,180,557,172,172,22.5,0,2225,8,17
0,0,1,140,430,132,132,17.5,0,2230,8,17
0,1,2,180,569,152,150,20,1,2235,8,17
0,2,4,270,832,167,163,21.875,2,2240,8,17
0,1,2,168,522,127,125,16.875,1,2245,8,17
0,2,4,228,713,148,144,19.5,2,2250,8,17
0.001,2,4,247,778,155,154,20.375,2,2255,8,17
0,2,4,187,595,115,114,15.375,2,2260,8,17
0,0,1,145,460,137,137,18.125,0,2265,8,17
0.015,4,8,761,2010,222,213,28.75,5,2270,8,17
0.011,4,8,526,1496,182,173,23.75,5,2275,8,17
0.005,4,8,355,1081,142,133,18.75,5,2280,8,17
0,2,4,182,570,123,119,16.375,3,2285,8,17
0,1,2,148,474,121,119,16.125,1,2290,8,17
0,1,2,172,497,123,118,16.375,1,2295,8,17
0.005,2,4,216,688,160,156,21,2,2300,8,17
0.003,1,2,162,519,141,139,18.625,1,2305,8,17
0,1,2,254,774,181,178,23.625,1,2310,8,17
0.011,5,10,623,1852,212,204,27.5,5,2315,8,17
0,5,10,481,1444,172,164,22.5,5,2320,8,17
0.015,4,8,315,968,139,132,18.375,3,2325,8,17
0,1,2,166,523,138,133,18.25,1,2330,8,17
0.006,0,1,120,377,112,112,15,0,2335,8,17
0,0,1,160,512,152,152,20,0,2340,8,17
0,0,1,144,465,136,136,18,0,2345,8,17
0.01,0,1,242,790,234,234,30.25,0,2350,8,17
0.004,0,1,202,660,194,194,25.25,0,2355,8,17
0.004,0,1,162,527,154,154,20.25,0,2360,8,17
0.002,0,1,158,515,150,150,19.75,0,2365,8,17
0.002,0,1,160,512,152,152,20,0,2370,8,17
0.002,0,1,120,378,112,112,15,0,2375,8,17
0,1,2,165,517,132,132,17.5,1,2380,8,17
0,2,4,275,835,167,167,21.875,2,2385,8,17
0.014,2,4,444,1258,205,201,26.625,2,2390,8,17
0.007,2,5,435,1223,197,194,25.625,3,2395,8,17
0.006,2,5,346,1033,179,176,23.375,3,2400,8,17
0.001,2,5,284,901,184,181,24,4,2405,8,17
0.004,0,1,152,490,144,144,19,0,2410,8,17
0.004,0,1,134,435,126,126,16.75,0,2415,8,17
0.003,0,1,131,426,123,123,16.375,0,2420,8,17
0.003,1,2,185,596,154,152,20.25,1,2425,8,17
0,0,1,166,535,158,158,20.75,0,2430,8,17
0.01,4,8,761,2058,230,223,29.75,7,2435,8,17
0.004,4,8,663,1843,219,212,28.375,5,2440,8,17
0.016,5,10,646,1871,211,208,27.375,6,2445,8,17
0,4,8,408,1219,171,170,22.375,4,2450,8,17
0,2,4,251,760,164,163,21.5,2,2455,8,17
0.016,3,6,305,955,154,151,20.25,3,2460,8,17
0,3,6,231,726,121,118,16.125,3,2465,8,17
0,2,4,276,885,176,172,23,2,2470,8,17
0,1,2,170,542,142,140,18.75,1,2475,8,17
0.003,1,2,165,531,142,140,18.75,1,2480,8,17
0.003,0,1,123,400,115,115,15.375,0,2485,8,17
0,0,1,167,529,159,159,20.875,0,2490,8,17
0,0,1,210,668,202,202,26.25,0,2495,8,17
0,0,1,170,536,162,162,21.25,0,2500,8,17
0,2,4,303,977,205,201,26.625,2,2505,8,17
0,2,4,282,906,199,195,25.875,2,2510,8,17
0,2,4,223,715,159,155,20.875,2,2515,8,17
0.016,1,2,149,471,129,127,17.125,1,2520,8,17
0,0,1,104,327,96,96,13,0,2525,8,17
0,1,3,241,773,164,164,21.5,1,2530,8,17
0,1,3,243,771,176,176,23,1,2535,8,17
0.014,1,3,240,756,183,183,23.875,1,2540,8,17
0,0,1,165,507,157,157,20.625,0,2545,8,17
0,0,1,125,381,117,117,15.625,0,2550,8,17
0,0,1,157,488,149,149,19.625,0,2555,8,17
0,1,2,193,603,155,155,20.375,1,2560,8,17
0.016,1,2,161,505,128,128,17,1,2565,8,17
0,1,2,150,468,123,123,16.375,1,2570,8,17
0,0,1,152,463,144,144,19,0,2575,8,17
0,0,1,145,441,137,137,18.125,0,2580,8,17
0,0,1,162,511,154,154,20.25,0,2585,8,17
0.007,1,2,198,625,171,169,22.375,1,2590,8,17
0,1,2,191,610,169,167,22.125,1,2595,8,17
0,0,1,171,552,163,163,21.375,0,2600,8,17
0,2,4,371,1127,229,227,29.625,2,2605,8,17
0.001,0,1,197,629,189,189,24.625,0,2610,8,17
0.004,0,1,157,502,149,149,19.625,0,2615,8,17
0,0,1,117,369,109,109,14.625,0,2620,8,17
0,0,1,167,528,159,159,20.875,0,2625,8,17
0,0,1,180,573,172,172,22.5,0,2630,8,17
0,3,6,392,1191,189,187,24.625,3,2635,8,17
0.009,3,6,326,1006,163,161,21.375,3,2640,8,17
0,3,6,249,768,123,121,16.375,3,2645,8,17
0,1,2,156,487,128,126,17,1,2650,8,17
0,0,1,137,421,129,129,17.125,0,2655,8,17
0.008,0,1,122,377,114,114,15.25,0,2660,8,17
0,0,1,109,332,101,101,13.625,0,2665,8,17
0,1,2,177,554,145,144,19.125,1,2670,8,17
0.006,4,8,579,1739,247,244,31.875,3,2675,8,17
0,4,8,515,1589,230,227,29.75,3,2680,8,17
0,3,6,375,1192,190,188,24.75,2,2685,8,17
0,3,6,348,1120,185,183,24.125,2,2690,8,17
0.015,3,6,363,1165,172,170,22.5,3,2695,8,17
0,2,4,210,676,142,140,18.75,2,2700,8,17
0.01,2,4,243,777,173,171,22.625,3,2705,8,17
0.007,3,6,348,1008,159,152,20.875,4,2710,8,17
0,2,4,198,627,126,124,16.75,3,2715,8,17
0.007,3,6,315,954,161,159,21.125,3,2720,8,17
0,3,6,224,699,121,119,16.125,3,2725,8,17
0.001,1,2,167,539,151,151,19.875,1,2730,8,17
0.002,0,1,203,651,195,195,25.375,0,2735,8,17
0,0,1,163,522,155,155,20.375,0,2740,8,17
0,1,2,216,695,175,175,22.875,1,2745,8,17
0,1,2,171,545,135,135,17.875,1,2750,8,17
0,1,2,170,537,137,135,18.125,1,2755,8,17
0,1,2,150,474,122,120,16.25,1,2760,8,17
0.01,1,2,175,555,133,131,17.625,1,2765,8,17
0.003,2,4,307,891,161,158,21.125,3,2770,8,17
0.003,2,4,443,1084,172,164,22.5,3,2775,8,17
0,3,6,589,1471,169,157,22.125,5,2780,8,17
0,3,6,386,1017,129,117,17.125,5,2785,8,17
0,5,10,556,1604,188,182,24.5,5,2790,8,17
0.019,4,8,464,1343,198,194,25.75,4,2795,8,17
0,1,3,196,622,160,156,21,1,2800,8,17
0,1,2,189,609,146,146,19.25,1,2805,8,17
0.013,1,2,200,636,162,162,21.25,1,2810,8,17
0,0,1,172,537,164,164,21.5,0,2815,8,17
0,1,2,221,692,177,175,23.125,1,2820,8,17
0,2,4,220,682,153,149,20.125,3,2825,8,17
0,1,2,213,676,179,177,23.375,2,2830,8,17
0.003,0,1,192,612,184,184,24,0,2835,8,17
0,0,1,204,651,196,196,25.5,0,2840,8,17
0,0,1,221,711,213,213,27.625,0,2845,8,17
0,1,2,234,761,206,204,26.75,1,2850,8,17
0,1,2,190,613,167,165,21.875,1,2855,8,17
0,1,2,166,526,148,146,19.5,1,2860,8,17
0,0,1,116,362,108,108,14.5,0,2865,8,17
0,0,1,155,483,147,147,19.375,0,2870,8,17
0.016,0,1,138,428,130,130,17.25,0,2875,8,17
0,2,4,373,1114,218,215,28.25,2,2880,8,17
0,2,4,303,914,178,175,23.25,2,2885,8,17
0.016,2,4,284,885,184,181,24,2,2890,8,17
0,1,2,208,658,169,166,22.125,1,2895,8,17
0.01,2,4,469,1172,190,185,24.75,3,2900,8,17
0.005,2,4,496,1244,195,187,25.375,2,2905,8,17
0.008,2,5,350,1075,192,189,25,3,2910,8,17
0.003,2,5,257,824,152,149,20,3,2915,8,17
0.004,1,3,163,512,112,112,15,2,2920,8,17
0,0,1,149,462,141,141,18.625,0,2925,8,17
0,1,2,187,517,126,123,16.75,1,2930,8,17
0,1,2,189,582,164,161,21.5,1,2935,8,17
0,0,1,145,455,137,137,18.125,0,2940,8,17
0,0,1,145,452,137,137,18.125,0,2945,8,17
0,1,2,206,614,146,142,19.25,1,2950,8,17
0.008,1,3,222,685,150,148,19.75,1,2955,8,17
0,1,3,191,601,142,140,18.75,1,2960,8,17
0.008,1,2,159,496,122,120,16.25,1,2965,8,17
0,1,2,184,577,153,151,20.125,1,2970,8,17
0,1,2,174,541,150,148,19.75,1,2975,8,17
0,0,1,133,415,125,125,16.625,0,2980,8,17
0,0,1,116,356,108,108,14.5,0,2985,8,17
0.01,0,1,124,378,116,116,15.5,0,2990,8,17
0,1,2,233,726,183,182,23.875,1,2995,8,17
0,2,4,269,835,176,175,23,2,3000,8,17
0.011,2,4,339,1015,188,186,24.5,3,3005,8,17
0.005,1,2,197,624,172,172,22.5,1,3010,8,17
0,1,2,152,477,132,132,17.5,1,3015,8,17
0,0,1,117,363,109,109,14.625,0,3020,8,17
0,0,1,198,622,190,190,24.75,0,3025,8,17
0,0,1,158,493,150,150,19.75,0,3030,8,17
0,1,2,293,870,207,203,26.875,1,3035,8,17
0.006,1,2,249,759,182,178,23.75,1,3040,8,17
0,1,2,205,631,154,150,20.25,1,3045,8,17
0,1,2,165,517,126,125,16.75,1,3050,8,17
0.002,1,2,232,722,185,185,24.125,1,3055,8,17
0,1,2,222,691,180,180,23.5,1,3060,8,17
0,2,5,326,1029,193,191,25.125,3,3065,8,17
0.014,2,5,291,919,183,181,23.875,3,3070,8,17
0,0,1,171,547,163,163,21.375,0,3075,8,17
0.008,0,1,146,465,138,138,18.25,0,3080,8,17
0,0,1,106,334,98,98,13.25,0,3085,8,17
0,1,2,153,471,124,122,16.5,1,3090,8,17
0.002,1,2,160,487,136,134,18,1,3095,8,17
0,0,1,145,457,137,137,18.125,0,3100,8,17
0,0,1,161,507,153,153,20.125,0,3105,8,17
0,1,2,202,636,151,151,19.875,1,3110,8,17
0,1,2,163,510,117,117,15.625,1,3115,8,17
0,1,2,206,649,165,165,21.625,1,3120,8,17
0.006,1,2,193,609,157,157,20.625,1,3125,8,17
0,0,1,125,392,117,117,15.625,0,3130,8,17
0.01,2,4,295,941,200,198,26,2,3135,8,17
0,2,5,418,1234,199,192,25.875,3,3140,8,17
0,2,5,370,1029,159,155,20.875,2,3145,8,17
0.016,1,3,187,603,143,143,18.875,1,3150,8,17
0,0,1,146,469,138,138,18.25,0,3155,8,17
0,0,1,137,431,129,129,17.125,0,3160,8,17
0,0,1,106,329,98,98,13.25,0,3165,8,17
0,0,1,131,412,123,123,16.375,0,3170,8,17
0.016,1,2,276,797,192,189,25,1,3175,8,17
0,2,4,413,1073,182,176,23.75,2,3180,8,17
0,2,4,316,846,142,136,18.75,2,3185,8,17
0.017,3,6,329,940,152,145,20,3,3190,8,17
0.003,3,6,278,885,153,149,20.125,3,3195,8,17
0,3,7,318,929,140,136,18.5,3,3200,8,17
0.012,1,3,198,608,132,130,17.5,2,3205,8,17
0,1,2,250,804,204,204,26.5,1,3210,8,17
0,1,2,245,782,204,204,26.5,1,3215,8,17
0,1,2,196,622,164,164,21.5,1,3220,8,17
0.014,0,1,144,458,136,136,18,0,3225,8,17
0.003,3,6,284,865,132,130,17.5,3,3230,8,17
0.004,3,6,300,839,127,120,16.875,3,3235,8,17
0,3,6,298,941,178,174,23.25,3,3240,8,17
0,2,4,222,689,157,154,20.625,3,3245,8,17
0,2,4,203,621,158,155,20.75,3,3250,8,17
0.007,2,4,348,1045,194,193,25.25,2,3255,8,17
0.002,2,4,278,855,154,153,20.25,2,3260,8,17
0.002,3,7,306,958,143,138,18.875,3,3265,8,17
0,3,6,268,837,144,142,19,2,3270,8,17
0,0,1,171,542,163,163,21.375,0,3275,8,17
0,0,1,131,415,123,123,16.375,0,3280,8,17
0,0,1,128,407,120,120,16,0,3285,8,17
0,1,2,215,689,172,170,22.5,1,3290,8,17
0,3,6,395,1119,167,162,21.875,2,3295,8,17
0.003,3,6,325,1012,192,187,25,3,3300,8,17
0.002,3,6,336,1086,194,191,25.25,3,3305,8,17
0.006,0,1,162,528,154,154,20.25,0,3310,8,17
0.003,0,1,150,480,142,142,18.75,0,3315,8,17
0.001,1,2,182,580,143,142,18.875,1,3320,8,17
0.003,1,2,137,431,103,102,13.875,1,3325,8,17
0,1,2,202,635,176,176,23,1,3330,8,17
0.004,2,4,287,852,177,173,23.125,2,3335,8,17
0,2,4,206,635,137,133,18.125,2,3340,8,17
0,1,3,196,612,150,145,19.75,1,3345,8,17
0.011,0,1,139,436,131,131,17.375,0,3350,8,17
0.005,2,4,304,963,185,183,24.125,2,3355,8,17
0.002,2,5,337,1072,181,181,23.625,3,3360,8,17
0.001,2,5,288,920,166,166,21.75,3,3365,8,17
0.007,1,3,219,693,162,162,21.25,2,3370,8,17
0.002,1,3,251,743,149,149,19.625,2,3375,8,17
0.004,2,5,467,1207,179,176,23.375,2,3380,8,17
0.005,2,5,315,889,139,136,18.375,2,3385,8,17
0.003,1,2,172,500,120,117,16,1,3390,8,17
0,1,2,124,361,90,87,12.25,1,3395,8,17
0,2,4,191,592,136,131,18,2,3400,8,17
0,1,2,210,666,170,170,22.25,2,3405,8,17
0,1,2,176,555,141,141,18.625,2,3410,8,17
0,0,1,109,334,101,101,13.625,0,3415,8,17
0,0,1,116,357,108,108,14.5,0,3420,8,17
0,0,1,193,616,185,185,24.125,0,3425,8,17
0,1,2,240,775,201,199,26.125,1,3430,8,17
0,1,2,210,676,176,174,23,1,3435,8,17
0.007,1,3,194,615,148,147,19.5,1,3440,8,17
0,1,3,144,447,108,107,14.5,1,3445,8,17
0,0,1,105,323,97,97,13.125,0,3450,8,17
0,0,1,114,350,106,106,14.25,0,3455,8,17
0,1,2,147,453,121,120,16.125,1,3460,8,17
0.005,2,4,261,806,157,154,20.625,2,3465,8,17
0,3,6,297,851,143,137,18.875,3,3470,8,17
0.011,3,7,387,1208,171,169,22.375,4,3475,8,17
0,2,5,314,988,167,167,21.875,4,3480,8,17
0,3,6,288,909,149,147,19.625,5,3485,8,17
0.016,3,6,327,999,172,168,22.5,3,3490,8,17
0,4,8,350,1096,168,162,22,4,3495,8,17
0,5,10,530,1555,190,183,24.75,5,3500,8,17
0,3,6,366,1085,173,168,22.625,4,3505,8,17
0,2,4,276,852,162,159,21.25,3,3510,8,17
0,2,4,209,645,122,119,16.25,3,3515,8,17
0.004,3,6,315,997,151,147,19.875,4,3520,8,17
0.003,1,3,312,910,205,203,26.625,2,3525,8,17
0.004,2,5,328,998,195,193,25.375,4,3530,8,17
0,1,3,223,694,164,164,21.5,2,3535,8,17
0,0,1,156,482,148,148,19.5,0,3540,8,17
0,0,1,135,413,127,127,16.875,0,3545,8,17
0,0,1,137,419,129,129,17.125,0,3550,8,17
0.014,1,3,248,773,147,145,19.375,1,3555,8,17
0,1,3,230,730,150,148,19.75,2,3560,8,17
0,1,3,283,911,213,211,27.625,2,3565,8,17
0.014,0,1,196,625,188,188,24.5,0,3570,8,17
0.002,0,1,156,492,148,148,19.5,0,3575,8,17
0.003,1,2,179,544,144,142,19,1,3580,8,17
0,2,4,240,760,181,179,23.625,2,3585,8,17
0,0,1,149,469,141,141,18.625,0,3590,8,17
0,1,2,242,767,201,201,26.125,1,3595,8,17
0,2,4,325,1035,206,206,26.75,3,3600,8,17
0,3,6,378,1223,221,221,28.625,4,3605,8,17
0.016,2,4,250,808,181,181,23.625,2,3610,8,17
0,1,2,171,546,149,149,19.625,1,3615,8,17
0,1,2,147,459,130,130,17.25,1,3620,8,17
0,0,1,162,503,154,154,20.25,0,3625,8,17
0,0,1,138,422,130,130,17.25,0,3630,8,17
0.002,1,2,225,706,173,171,22.625,1,3635,8,17
0.004,2,4,347,1114,198,194,25.75,2,3640,8,17
0,1,2,231,754,200,198,26,1,3645,8,17
0.007,1,2,186,604,160,158,21,1,3650,8,17
0,2,4,242,768,149,146,19.625,3,3655,8,17
0,1,2,179,570,139,138,18.375,2,3660,8,17
0.011,1,2,184,595,157,156,20.625,2,3665,8,17
0.005,1,2,221,713,181,179,23.625,1,3670,8,17
0,1,2,204,660,169,167,22.125,1,3675,8,17
0,2,4,268,860,187,183,24.375,2,3680,8,17
0,2,4,213,679,147,143,19.375,2,3685,8,17
0.013,2,4,324,843,150,145,19.75,2,3690,8,17
0,2,4,237,647,118,113,15.75,2,3695,8,17
0,2,4,228,712,140,137,18.5,2,3700,8,17
0.013,2,4,281,839,175,171,22.875,2,3705,8,17
0.006,2,4,261,788,164,161,21.5,2,3710,8,17
0,2,4,208,658,154,151,20.25,2,3715,8,17
0.007,1,2,148,469,126,126,16.75,1,3720,8,17
0.003,1,2,153,477,136,136,18,1,3725,8,17
0,0,1,150,468,142,142,18.75,0,3730,8,17
0.002,0,1,122,375,114,114,15.25,0,3735,8,17
0.003,0,1,151,463,143,143,18.875,0,3740,8,17
0,0,1,132,404,124,124,16.5,0,3745,8,17
0.007,0,1,179,565,171,171,22.375,0,3750,8,17
0.002,0,1,164,515,156,156,20.5,0,3755,8,17
0.003,0,1,189,599,181,181,23.625,0,3760,8,17
0,0,1,164,518,156,156,20.5,0,3765,8,17
0.01,2,4,287,888,175,173,22.875,2,3770,8,17
0,2,4,234,736,150,148,19.75,2,3775,8,17
0,0,1,152,477,144,144,19,0,3780,8,17
0,1,2,174,549,138,138,18.25,1,3785,8,17
0.016,2,4,195,611,128,128,17,2,3790,8,17
0,3,6,224,693,127,125,16.875,4,3795,8,17
0,2,4,166,509,110,108,14.75,3,3800,8,17
0.011,0,1,128,397,120,120,16,0,3805,8,17
0.005,2,5,320,911,152,150,20,2,3810,8,17
0,2,5,235,684,112,110,15,2,3815,8,17
0,1,3,177,560,128,126,17,1,3820,8,17
0.002,2,4,360,940,164,159,21.5,2,3825,8,17
0.002,3,6,444,1243,185,180,24.125,3,3830,8,17
0.006,3,6,353,1070,174,170,22.75,3,3835,8,17
0.007,2,4,215,679,150,148,19.75,2,3840,8,17
0.002,0,1,155,493,147,147,19.375,0,3845,8,17
0.002,0,1,149,468,141,141,18.625,0,3850,8,17
0.002,0,1,109,338,101,101,13.625,0,3855,8,17
0.005,3,6,411,1272,202,202,26.25,3,3860,8,17
0,2,5,406,1292,213,209,27.625,4,3865,8,17
0,4,8,485,1549,193,190,25.125,6,3870,8,17
0.001,2,4,248,790,165,163,21.625,3,3875,8,17
0.001,2,4,193,603,125,123,16.625,3,3880,8,17
0.001,1,2,124,380,99,99,13.375,1,3885,8,17
0.002,0,1,181,561,173,173,22.625,0,3890,8,17
0.001,0,1,160,500,152,152,20,0,3895,8,17
0,0,1,178,562,170,170,22.25,0,3900,8,17
0,0,1,138,434,130,130,17.25,0,3905,8,17
0,0,1,145,453,137,137,18.125,0,3910,8,17
0,0,1,198,614,190,190,24.75,0,3915,8,17
0.001,0,1,158,483,150,150,19.75,0,3920,8,17
0,0,1,156,477,148,148,19.5,0,3925,8,17
0,0,1,116,348,108,108,14.5,0,3930,8,17
0,0,1,138,424,130,130,17.25,0,3935,8,17
0.015,1,2,240,745,183,181,23.875,1,3940,8,17
0,1,2,205,661,163,161,21.375,1,3945,8,17
0,2,4,272,848,165,163,21.625,2,3950,8,17
0.006,2,4,249,787,168,166,22,2,3955,8,17
0.005,1,2,151,481,128,126,17,1,3960,8,17
0,0,1,143,451,135,135,17.875,0,3965,8,17
0,2,4,299,943,176,176,23,1,3970,8,17
0.016,5,10,678,1999,239,234,30.875,3,3975,8,17
0,5,10,540,1613,199,194,25.875,3,3980,8,17
0.017,4,8,423,1281,180,175,23.5,5,3985,8,17
0.008,5,11,542,1530,170,163,22.25,6,3990,8,17
0.009,4,9,466,1327,156,148,20.5,4,3995,8,17
0,4,9,283,884,116,108,15.5,4,4000,8,17
0.009,3,6,190,610,121,117,16.125,3,4005,8,17
0.004,1,2,237,765,187,187,24.375,1,4010,8,17
0.004,3,6,497,1409,203,199,26.375,4,4015,8,17
0,4,8,476,1354,180,174,23.5,5,4020,8,17
0.004,3,6,281,849,140,134,18.5,3,4025,8,17
0,2,4,182,572,130,126,17.25,2,4030,8,17
0,1,2,163,517,141,139,18.625,1,4035,8,17
0.012,0,1,190,612,182,182,23.75,0,4040,8,17
0,0,1,198,637,190,190,24.75,0,4045,8,17
0,0,1,169,545,161,161,21.125,0,4050,8,17
0.009,1,2,255,664,140,137,18.5,1,4055,8,17
0.006,2,4,331,945,184,179,24,2,4060,8,17
0,2,4,230,711,144,139,19,2,4065,8,17
0,2,4,185,585,124,119,16.5,2,4070,8,17
0,1,2,131,420,101,101,13.625,1,4075,8,17
0.016,1,2,207,667,164,163,21.5,1,4080,8,17
0,2,4,328,971,160,155,21,2,4085,8,17
0.008,3,6,386,1198,196,189,25.5,3,4090,8,17
0.008,2,4,266,809,167,161,21.875,2,4095,8,17
0,2,4,198,601,127,121,16.875,2,4100,8,17
0.008,3,6,277,827,131,125,17.375,2,4105,8,17
0,1,2,190,610,158,156,20.75,1,4110,8,17
0.006,0,1,185,592,177,177,23.125,0,4115,8,17
0,0,1,172,545,164,164,21.5,0,4120,8,17
0,0,1,151,474,143,143,18.875,0,4125,8,17
0.01,0,1,133,415,125,125,16.625,0,4130,8,17
0,0,1,131,408,123,123,16.375,0,4135,8,17
0.001,0,1,127,413,119,119,15.875,0,4140,8,17
0.008,4,8,486,1226,137,131,18.125,4,4145,8,17
0.004,3,6,260,746,146,141,19.25,3,4150,8,17
0.003,1,2,205,642,186,183,24.25,1,4155,8,17
0.002,0,1,174,555,166,166,21.75,0,4160,8,17
0.002,0,1,167,530,159,159,20.875,0,4165,8,17
0.002,1,2,262,830,202,202,26.25,1,4170,8,17
0.002,1,2,217,679,162,162,21.25,1,4175,8,17
0.006,2,4,348,1097,235,235,30.375,2,4180,8,17
0.004,1,2,240,761,195,195,25.375,1,4185,8,17
0.002,1,2,218,684,178,178,23.25,1,4190,8,17
0.004,2,4,322,1012,224,223,29,3,4195,8,17
0.004,1,2,216,667,184,183,24,1,4200,8,17
0.002,1,2,161,492,144,143,19,1,4205,8,17
0.002,1,2,175,540,139,138,18.375,1,4210,8,17
0.002,0,1,129,395,121,121,16.125,0,4215,8,17
0.002,1,3,247,661,131,130,17.375,1,4220,8,17
0.002,1,3,201,582,130,129,17.25,1,4225,8,17
0.003,1,2,138,440,109,107,14.625,1,4230,8,17
0.002,1,2,170,546,146,144,19.25,1,4235,8,17
0,1,2,125,395,106,104,14.25,1,4240,8,17
0.002,0,1,156,492,148,148,19.5,0,4245,8,17
0.007,4,8,606,1699,207,203,26.875,4,4250,8,17
0.006,4,8,450,1326,167,163,21.875,4,4255,8,17
0.004,3,6,278,872,161,155,21.125,3,4260,8,17
0.003,3,6,290,892,153,145,20.125,4,4265,8,17
0.011,5,10,629,1868,215,207,27.875,5,4270,8,17
0,4,8,446,1354,175,169,22.875,4,4275,8,17
0,2,4,256,824,173,171,22.625,2,4280,8,17
0.015,2,4,199,630,133,131,17.625,2,4285,8,17
0,2,4,236,753,178,174,23.25,2,4290,8,17
0.013,3,6,491,1473,249,245,32.125,5,4295,8,17
0.006,3,6,413,1252,209,207,27.125,4,4300,8,17
0,1,2,223,721,169,169,22.125,2,4305,8,17
0,1,2,198,624,149,149,19.625,2,4310,8,17
0.013,1,2,160,498,134,133,17.75,1,4315,8,17
0,1,2,192,610,171,170,22.375,1,4320,8,17
0,0,1,162,517,154,154,20.25,0,4325,8,17
0,0,1,184,593,176,176,23,0,4330,8,17
0.018,2,4,390,1017,163,158,21.375,2,4335,8,17
0.004,3,6,426,1215,171,166,22.375,3,4340,8,17
0.005,3,6,361,1102,175,171,22.875,3,4345,8,17
0.004,3,6,341,1055,159,157,20.875,2,4350,8,17
0.007,4,8,385,1217,180,178,23.5,3,4355,8,17
0.005,1,2,179,579,154,154,20.25,1,4360,8,17
0,0,1,149,477,141,141,18.625,0,4365,8,17
0,0,1,145,456,137,137,18.125,0,4370,8,17
0,1,2,231,735,202,202,26.25,1,4375,8,17
0,1,2,186,592,162,162,21.25,1,4380,8,17
0.002,0,1,160,516,152,152,20,0,4385,8,17
0.004,0,1,168,530,160,160,21,0,4390,8,17
0,1,2,218,659,161,159,21.125,1,4395,8,17
0.006,1,2,182,575,146,144,19.25,1,4400,8,17
0.002,1,2,214,695,183,181,23.875,1,4405,8,17
0.006,1,2,184,594,158,156,20.75,1,4410,8,17
0.003,1,2,168,549,147,145,19.375,1,4415,8,17
0,0,1,115,372,107,107,14.375,0,4420,8,17
0.007,1,3,254,780,173,169,22.625,1,4425,8,17
0.003,3,6,414,1146,165,161,21.625,2,4430,8,17
0.013,4,8,678,1651,197,186,25.625,5,4435,8,17
0.008,4,8,482,1241,157,146,20.625,5,4440,8,17
0.005,5,11,480,1390,172,166,22.5,6,4445,8,17
0,2,4,272,813,157,157,20.625,2,4450,8,17
0,1,2,203,641,161,161,21.125,1,4455,8,17
0,0,1,203,645,195,195,25.375,0,4460,8,17
0.016,0,1,163,520,155,155,20.375,0,4465,8,17
0.004,0,1,152,482,144,144,19,0,4470,8,17
0.003,0,1,150,471,142,142,18.75,0,4475,8,17
0.004,1,2,215,601,135,132,17.875,1,4480,8,17
0.004,2,4,335,920,173,169,22.625,3,4485,8,17
0,2,4,263,792,174,170,22.75,3,4490,8,17
0.009,2,4,182,559,144,138,19,2,4495,8,17
0,0,1,151,474,143,143,18.875,0,4500,8,17
0.007,0,1,166,524,158,158,20.75,0,4505,8,17
0,0,1,126,391,118,118,15.75,0,4510,8,17
0.006,3,6,313,903,126,122,16.75,3,4515,8,17
0.006,2,4,217,648,124,120,16.5,2,4520,8,17
0.003,2,4,208,638,137,134,18.125,2,4525,8,17
0,2,4,302,894,155,148,20.375,3,4530,8,17
0.01,3,6,312,926,149,138,19.625,4,4535,8,17
0.005,3,6,226,708,129,125,17.125,3,4540,8,17
0,0,1,152,485,144,144,19,0,4545,8,17
0.007,0,1,132,419,124,124,16.5,0,4550,8,17
0.003,0,1,155,498,147,147,19.375,0,4555,8,17
0,0,1,161,510,153,153,20.125,0,4560,8,17
0,0,1,175,552,167,167,21.875,0,4565,8,17
0,1,2,214,677,164,164,21.5,1,4570,8,17
0,1,2,182,567,137,137,18.125,1,4575,8,17
0,1,2,215,674,165,163,21.625,1,4580,8,17
0.016,1,2,219,685,174,172,22.75,1,4585,8,17
0,0,1,166,523,158,158,20.75,0,4590,8,17
0.002,0,1,126,393,118,118,15.75,0,4595,8,17
0.004,0,1,138,422,130,130,17.25,0,4600,8,17
0.001,1,2,212,650,162,162,21.25,1,4605,8,17
0,2,4,238,690,137,134,18.125,2,4610,8,17
0,1,2,125,365,97,94,13.125,1,4615,8,17
0,0,1,156,491,148,148,19.5,0,4620,8,17
0,0,1,131,412,123,123,16.375,0,4625,8,17
0.016,0,1,146,460,138,138,18.25,0,4630,8,17
0,1,2,226,721,165,165,21.625,1,4635,8,17
0,4,8,519,1471,214,208,27.75,5,4640,8,17
0.016,4,8,401,1162,174,168,22.75,5,4645,8,17
0.006,4,8,288,861,134,128,17.75,5,4650,8,17
0,1,3,215,695,156,152,20.5,1,4655,8,17
0.01,0,1,148,481,140,140,18.5,0,4660,8,17
0,0,1,192,626,184,184,24,0,4665,8,17
0,3,6,304,929,175,171,22.875,3,4670,8,17
0,3,6,225,696,135,131,17.875,3,4675,8,17
0.016,2,4,351,981,156,153,20.5,2,4680,8,17
0.012,4,9,1133,2830,219,207,28.375,5,4685,8,17
0,2,4,308,904,175,171,22.875,3,4690,8,17
0,3,6,372,1045,175,169,22.875,4,4695,8,17
0,2,4,201,629,135,132,17.875,2,4700,8,17
0.006,2,4,314,902,146,141,19.25,2,4705,8,17
0,2,4,320,941,166,163,21.75,3,4710,8,17
0.012,3,6,332,1020,161,156,21.125,5,4715,8,17
0,2,4,248,774,164,159,21.5,3,4720,8,17
0,1,2,208,664,183,182,23.875,1,4725,8,17
0,0,1,168,531,160,160,21,0,4730,8,17
0.011,0,1,156,497,148,148,19.5,0,4735,8,17
0,1,2,226,710,180,180,23.5,1,4740,8,17
0,1,2,200,622,159,159,20.875,1,4745,8,17
0,1,2,191,593,155,155,20.375,1,4750,8,17
0.006,1,2,146,447,115,115,15.375,1,4755,8,17
0.002,1,2,129,396,103,103,13.875,1,4760,8,17
0,1,3,272,744,148,145,19.5,1,4765,8,17
0,1,3,232,664,146,143,19.25,1,4770,8,17
0.012,1,3,189,563,137,134,18.125,1,4775,8,17
0,0,1,125,390,117,117,15.625,0,4780,8,17
0,0,1,154,492,146,146,19.25,0,4785,8,17
0.009,0,1,160,512,152,152,20,0,4790,8,17
0.003,0,1,136,428,128,128,17,0,4795,8,17
0.004,1,2,298,735,145,140,19.125,1,4800,8,17
0,1,2,261,742,180,175,23.5,1,4805,8,17
0,1,2,214,642,163,158,21.375,1,4810,8,17
0,1,2,202,647,172,171,22.5,1,4815,8,17
0.017,0,1,226,720,218,218,28.25,0,4820,8,17
0,0,1,198,631,190,190,24.75,0,4825,8,17
0.007,0,1,158,500,150,150,19.75,0,4830,8,17
0,2,4,403,1182,229,224,29.625,2,4835,8,17
0.001,2,4,319,954,189,184,24.625,2,4840,8,17
0,2,4,244,753,157,154,20.625,3,4845,8,17
0,1,2,136,422,117,116,15.625,1,4850,8,17
0.015,0,1,137,423,129,129,17.125,0,4855,8,17
0.002,0,1,203,652,195,195,25.375,0,4860,8,17
0,0,1,184,593,176,176,23,0,4865,8,17
0,1,2,216,647,152,148,20,1,4870,8,17
0,1,2,156,469,112,108,15,1,4875,8,17
0.002,2,4,306,940,200,195,26,2,4880,8,17
0.006,2,5,426,1236,195,191,25.375,3,4885,8,17
0.003,1,3,201,652,155,153,20.375,1,4890,8,17
0,1,3,170,540,136,134,18,1,4895,8,17
0,0,1,144,450,136,136,18,0,4900,8,17
0,1,2,202,636,174,174,22.75,1,4905,8,17
0.006,1,2,157,488,134,134,17.75,1,4910,8,17
0.003,1,2,197,606,161,159,21.125,1,4915,8,17
0.004,2,4,299,917,199,195,25.875,2,4920,8,17
0.002,2,4,231,719,159,155,20.875,2,4925,8,17
0.003,2,4,267,825,148,144,19.5,2,4930,8,17
0,2,4,228,715,135,131,17.875,2,4935,8,17
0.006,1,3,295,850,168,166,22,2,4940,8,17
0.004,2,4,279,838,164,158,21.5,3,4945,8,17
0,1,2,219,672,184,180,24,1,4950,8,17
0.012,1,2,203,633,180,179,23.5,1,4955,8,17
0,0,1,148,456,140,140,18.5,0,4960,8,17
0,0,1,143,437,135,135,17.875,0,4965,8,17
0,0,1,210,659,202,202,26.25,0,4970,8,17
0,0,1,192,600,184,184,24,0,4975,8,17
0,0,1,183,580,175,175,22.875,0,4980,8,17
0,0,1,171,541,163,163,21.375,0,4985,8,17
0,0,1,173,542,165,165,21.625,0,4990,8,17
0,0,1,133,408,125,125,16.625,0,4995,8,17
0.003,0,1,133,408,125,125,16.625,0,4995,8,17
