0,1,2,179,618,67,66,7.7,1,0,10,17
0,1,2,80,227,32,30,4.2,1,5,10,17
0.002,0,1,72,189,29,29,3.9,0,10,10,17
0.002,1,2,83,224,32,32,4.2,1,15,10,17
0.002,1,2,78,196,29,26,3.9,1,20,10,17
0.004,1,2,204,526,32,29,4.2,1,25,10,17
0.002,1,2,86,220,31,28,4.1,1,30,10,17
0.004,1,2,192,490,29,26,3.9,1,35,10,17
0.003,1,2,90,232,32,29,4.2,1,40,10,17
0.016,1,2,196,508,33,30,4.3,1,45,10,17
0,1,2,68,171,29,26,3.9,1,50,10,17
0.015,1,2,198,511,32,29,4.2,1,55,10,17
0.015,1,2,82,208,30,27,4,1,60,10,17
0.016,1,2,192,490,29,26,3.9,1,65,10,17
0,1,2,90,232,32,29,4.2,1,70,10,17
0,1,2,200,514,31,28,4.1,1,75,10,17
0,1,2,78,196,29,26,3.9,1,80,10,17
0,1,2,204,526,32,29,4.2,1,85,10,17
0,1,2,82,214,33,30,4.3,1,90,10,17
0,1,2,182,463,28,25,3.8,1,95,10,17
0,1,2,84,217,32,29,4.2,1,100,10,17
0,1,2,196,502,30,27,4,1,105,10,17
0,1,2,78,196,29,26,3.9,1,110,10,17
0,1,2,204,526,32,29,4.2,1,115,10,17
0.006,1,2,86,220,31,28,4.1,1,120,10,17
0,2,2,324,778,-2,26,3.7,2,125,10,17
0,1,1,182,384,-2,30,4,3,130,10,17
0,1,1,174,360,-2,28,3.8,3,135,10,17
0,1,1,174,360,-2,28,3.8,3,140,10,17
0.016,1,1,182,384,-2,30,4,3,145,10,17
0.016,1,1,174,360,-2,28,3.8,3,150,10,17
0.001,1,1,174,360,-2,28,3.8,3,155,10,17
0,1,1,182,384,-2,30,4,3,160,10,17
0,1,1,174,360,-2,28,3.8,3,165,10,17
0,1,1,174,360,-2,28,3.8,3,170,10,17
0,1,1,182,384,-2,30,4,3,175,10,17
0,1,1,174,360,-2,28,3.8,3,180,10,17
0.004,1,1,174,360,-2,28,3.8,3,185,10,17
0,1,1,182,384,-2,30,4,3,190,10,17
0.004,1,1,174,360,-2,28,3.8,3,195,10,17
0,1,1,174,360,-2,28,3.8,3,200,10,17
0,1,1,182,384,-2,30,4,3,205,10,17
0,1,1,174,360,-2,28,3.8,3,210,10,17
0,1,1,174,360,-2,28,3.8,3,215,10,17
0.012,1,1,182,384,-2,30,4,3,220,10,17
0,1,1,174,360,-2,28,3.8,3,225,10,17
0,1,1,174,360,-2,28,3.8,3,230,10,17
0,1,1,182,384,-2,30,4,3,235,10,17
0,1,1,174,360,-2,28,3.8,3,240,10,17
0,1,1,174,360,-2,28,3.8,3,245,10,17
0,1,1,182,384,-2,30,4,3,250,10,17
0,1,1,174,360,-2,28,3.8,3,255,10,17
0,1,1,174,360,-2,28,3.8,3,260,10,17
0.016,1,1,182,384,-2,30,4,3,265,10,17
0.015,1,1,174,360,-2,28,3.8,3,270,10,17
0.001,1,1,174,360,-2,28,3.8,3,275,10,17
0,1,1,182,384,-2,30,4,3,280,10,17
0,1,1,174,360,-2,28,3.8,3,285,10,17
0,1,1,174,360,-2,28,3.8,3,290,10,17
0,1,1,182,384,-2,30,4,3,295,10,17
0,1,1,174,360,-2,28,3.8,3,300,10,17
0,1,1,174,360,-2,28,3.8,3,305,10,17
0.011,1,1,182,384,-2,30,4,3,310,10,17
0,1,1,174,360,-2,28,3.8,3,315,10,17
0.016,1,1,174,360,-2,28,3.8,3,320,10,17
0.016,1,1,182,384,-2,30,4,3,325,10,17
0,1,1,174,360,-2,28,3.8,3,330,10,17
0,1,1,174,360,-2,28,3.8,3,335,10,17
0,1,1,182,384,-2,30,4,3,340,10,17
0,1,1,174,360,-2,28,3.8,3,345,10,17
0,1,1,174,360,-2,28,3.8,3,350,10,17
0,1,1,182,384,-2,30,4,3,355,10,17
0,1,1,174,360,-2,28,3.8,3,360,10,17
0.007,1,1,174,360,-2,28,3.8,3,365,10,17
0,1,1,182,384,-2,30,4,3,370,10,17
0.016,1,1,174,360,-2,28,3.8,3,375,10,17
0,1,1,174,360,-2,28,3.8,3,380,10,17
0.005,1,1,182,384,-2,30,4,3,385,10,17
0.015,1,1,174,360,-2,28,3.8,3,390,10,17
0.016,1,1,174,360,-2,28,3.8,3,395,10,17
0.005,1,1,182,384,-2,30,4,3,400,10,17
0.016,1,1,174,360,-2,28,3.8,3,405,10,17
0,1,1,174,360,-2,28,3.8,3,410,10,17
0,1,1,182,384,-2,30,4,3,415,10,17
0,1,1,174,360,-2,28,3.8,3,420,10,17
0,1,1,174,360,-2,28,3.8,3,425,10,17
0,1,1,182,384,-2,30,4,3,430,10,17
0,1,1,174,360,-2,28,3.8,3,435,10,17
0.005,1,1,174,360,-2,28,3.8,3,440,10,17
0,1,1,182,384,-2,30,4,3,445,10,17
0,1,1,174,360,-2,28,3.8,3,450,10,17
0,1,1,174,360,-2,28,3.8,3,455,10,17
0.003,1,1,182,384,-2,30,4,3,460,10,17
0,1,1,174,360,-2,28,3.8,3,465,10,17
0,1,1,174,360,-2,28,3.8,3,470,10,17
0,1,1,182,384,-2,30,4,3,475,10,17
0,1,1,174,360,-2,28,3.8,3,480,10,17
0,1,1,174,360,-2,28,3.8,3,485,10,17
0.008,1,1,182,384,-2,30,4,3,490,10,17
0,1,1,174,360,-2,28,3.8,3,495,10,17
0,1,1,174,360,-2,28,3.8,3,500,10,17
0,1,1,182,384,-2,30,4,3,505,10,17
0,1,1,174,360,-2,28,3.8,3,510,10,17
0,1,1,174,360,-2,28,3.8,3,515,10,17
0.015,1,1,182,384,-2,30,4,3,520,10,17
0.016,1,1,174,360,-2,28,3.8,3,525,10,17
0.016,1,1,174,360,-2,28,3.8,3,530,10,17
0.003,1,1,182,384,-2,30,4,3,535,10,17
0.017,1,1,174,360,-2,28,3.8,3,540,10,17
0,1,1,174,360,-2,28,3.8,3,545,10,17
0,1,1,182,384,-2,30,4,3,550,10,17
0,1,1,174,360,-2,28,3.8,3,555,10,17
0,1,1,174,360,-2,28,3.8,3,560,10,17
0.003,1,1,182,384,-2,30,4,3,565,10,17
0,1,1,174,360,-2,28,3.8,3,570,10,17
0,1,1,174,360,-2,28,3.8,3,575,10,17
0,1,1,182,384,-2,30,4,3,580,10,17
0,1,1,174,360,-2,28,3.8,3,585,10,17
0,1,1,174,360,-2,28,3.8,3,590,10,17
0,1,1,182,384,-2,30,4,3,595,10,17
0,1,1,174,360,-2,28,3.8,3,600,10,17
0,1,1,174,360,-2,28,3.8,3,605,10,17
0,1,1,182,384,-2,30,4,3,610,10,17
0,1,1,174,360,-2,28,3.8,3,615,10,17
0,1,1,174,360,-2,28,3.8,3,620,10,17
0,1,1,182,384,-2,30,4,3,625,10,17
0,1,1,174,360,-2,28,3.8,3,630,10,17
0,1,1,174,360,-2,28,3.8,3,635,10,17
0,1,1,182,384,-2,30,4,3,640,10,17
0,1,1,174,360,-2,28,3.8,3,645,10,17
0,1,1,174,360,-2,28,3.8,3,650,10,17
0,1,1,182,384,-2,30,4,3,655,10,17
0.016,1,1,174,360,-2,28,3.8,3,660,10,17
0.016,1,1,174,360,-2,28,3.8,3,665,10,17
0.004,1,1,182,384,-2,30,4,3,670,10,17
0,1,1,174,360,-2,28,3.8,3,675,10,17
0,1,1,174,360,-2,28,3.8,3,680,10,17
0,1,1,182,384,-2,30,4,3,685,10,17
0,1,1,174,360,-2,28,3.8,3,690,10,17
0,1,1,174,360,-2,28,3.8,3,695,10,17
0,1,1,182,384,-2,30,4,3,700,10,17
0,1,1,174,360,-2,28,3.8,3,705,10,17
0.013,1,1,174,360,-2,28,3.8,3,710,10,17
0.016,1,1,182,384,-2,30,4,3,715,10,17
0,1,1,174,360,-2,28,3.8,3,720,10,17
0,1,1,174,360,-2,28,3.8,3,725,10,17
0,1,1,182,384,-2,30,4,3,730,10,17
0.005,1,1,174,360,-2,28,3.8,3,735,10,17
0,1,1,174,360,-2,28,3.8,3,740,10,17
0.008,1,1,182,384,-2,30,4,3,745,10,17
0,1,1,174,360,-2,28,3.8,3,750,10,17
0,1,1,174,360,-2,28,3.8,3,755,10,17
0,1,1,182,384,-2,30,4,3,760,10,17
0.006,1,1,174,360,-2,28,3.8,3,765,10,17
0.015,1,1,174,360,-2,28,3.8,3,770,10,17
0.017,1,1,182,384,-2,30,4,3,775,10,17
0.015,1,1,174,360,-2,28,3.8,3,780,10,17
0,1,1,174,360,-2,28,3.8,3,785,10,17
0,1,1,182,384,-2,30,4,3,790,10,17
0,1,1,174,360,-2,28,3.8,3,795,10,17
0,1,1,174,360,-2,28,3.8,3,800,10,17
0,1,1,182,384,-2,30,4,3,805,10,17
0,1,1,174,360,-2,28,3.8,3,810,10,17
0,1,1,174,360,-2,28,3.8,3,815,10,17
0,1,1,182,384,-2,30,4,3,820,10,17
0,1,1,174,360,-2,28,3.8,3,825,10,17
0,1,1,174,360,-2,28,3.8,3,830,10,17
0,1,1,182,384,-2,30,4,3,835,10,17
0,1,1,174,360,-2,28,3.8,3,840,10,17
0,1,1,174,360,-2,28,3.8,3,845,10,17
0,1,1,182,384,-2,30,4,3,850,10,17
0,1,1,174,360,-2,28,3.8,3,855,10,17
0.015,1,1,174,360,-2,28,3.8,3,860,10,17
0.016,1,1,182,384,-2,30,4,3,865,10,17
0,1,1,174,360,-2,28,3.8,3,870,10,17
0,1,1,174,360,-2,28,3.8,3,875,10,17
0,1,1,182,384,-2,30,4,3,880,10,17
0,1,1,174,360,-2,28,3.8,3,885,10,17
0,1,1,174,360,-2,28,3.8,3,890,10,17
0,1,1,182,384,-2,30,4,3,895,10,17
0,1,1,174,360,-2,28,3.8,3,900,10,17
0,1,1,174,360,-2,28,3.8,3,905,10,17
0,1,1,182,384,-2,30,4,3,910,10,17
0,1,1,174,360,-2,28,3.8,3,915,10,17
0,1,1,174,360,-2,28,3.8,3,920,10,17
0,1,1,182,384,-2,30,4,3,925,10,17
0,1,1,174,360,-2,28,3.8,3,930,10,17
0,1,1,174,360,-2,28,3.8,3,935,10,17
0,1,1,182,384,-2,30,4,3,940,10,17
0,1,1,174,360,-2,28,3.8,3,945,10,17
0,1,1,174,360,-2,28,3.8,3,950,10,17
0.016,1,1,182,384,-2,30,4,3,955,10,17
0.016,1,1,174,360,-2,28,3.8,3,960,10,17
0.016,1,1,174,360,-2,28,3.8,3,965,10,17
0.005,1,1,182,384,-2,30,4,3,970,10,17
0,1,1,174,360,-2,28,3.8,3,975,10,17
0,1,1,174,360,-2,28,3.8,3,980,10,17
0,1,1,182,384,-2,30,4,3,985,10,17
0,1,1,174,360,-2,28,3.8,3,990,10,17
0,1,1,174,360,-2,28,3.8,3,995,10,17
0,1,1,182,384,-2,30,4,3,1000,10,17
0,1,1,174,360,-2,28,3.8,3,1005,10,17
0,1,1,174,360,-2,28,3.8,3,1010,10,17
0,1,1,182,384,-2,30,4,3,1015,10,17
0.015,1,1,174,360,-2,28,3.8,3,1020,10,17
0.016,1,1,174,360,-2,28,3.8,3,1025,10,17
0,1,1,182,384,-2,30,4,3,1030,10,17
0,1,1,174,360,-2,28,3.8,3,1035,10,17
0,1,1,174,360,-2,28,3.8,3,1040,10,17
0,1,1,182,384,-2,30,4,3,1045,10,17
0,1,1,174,360,-2,28,3.8,3,1050,10,17
0,1,1,174,360,-2,28,3.8,3,1055,10,17
0.016,1,1,182,384,-2,30,4,3,1060,10,17
0.018,1,1,174,360,-2,28,3.8,3,1065,10,17
0,1,1,174,360,-2,28,3.8,3,1070,10,17
0,1,1,182,384,-2,30,4,3,1075,10,17
0,1,1,174,360,-2,28,3.8,3,1080,10,17
0,1,1,174,360,-2,28,3.8,3,1085,10,17
0.012,1,1,182,384,-2,30,4,3,1090,10,17
0.013,1,1,174,360,-2,28,3.8,3,1095,10,17
0.016,1,1,174,360,-2,28,3.8,3,1100,10,17
0.008,1,1,182,384,-2,30,4,3,1105,10,17
0.002,1,1,174,360,-2,28,3.8,3,1110,10,17
0,1,1,174,360,-2,28,3.8,3,1115,10,17
0,1,1,182,384,-2,30,4,3,1120,10,17
0.005,1,1,174,360,-2,28,3.8,3,1125,10,17
0,1,1,174,360,-2,28,3.8,3,1130,10,17
0,1,1,182,384,-2,30,4,3,1135,10,17
0.007,1,1,174,360,-2,28,3.8,3,1140,10,17
0,1,1,174,360,-2,28,3.8,3,1145,10,17
0.004,1,1,182,384,-2,30,4,3,1150,10,17
0,1,1,174,360,-2,28,3.8,3,1155,10,17
0.006,1,1,174,360,-2,28,3.8,3,1160,10,17
0,1,1,182,384,-2,30,4,3,1165,10,17
0,1,1,174,360,-2,28,3.8,3,1170,10,17
0.015,1,1,174,360,-2,28,3.8,3,1175,10,17
0.016,1,1,182,384,-2,30,4,3,1180,10,17
0.014,1,1,174,360,-2,28,3.8,3,1185,10,17
0.001,1,1,174,360,-2,28,3.8,3,1190,10,17
0,1,1,182,384,-2,30,4,3,1195,10,17
0.002,1,1,174,360,-2,28,3.8,3,1200,10,17
0,1,1,174,360,-2,28,3.8,3,1205,10,17
0,1,1,182,384,-2,30,4,3,1210,10,17
0,1,1,174,360,-2,28,3.8,3,1215,10,17
0,1,1,174,360,-2,28,3.8,3,1220,10,17
0,1,1,182,384,-2,30,4,3,1225,10,17
0.006,1,1,174,360,-2,28,3.8,3,1230,10,17
0,1,1,174,360,-2,28,3.8,3,1235,10,17
0,1,1,182,384,-2,30,4,3,1240,10,17
0,1,1,174,360,-2,28,3.8,3,1245,10,17
0,1,1,174,360,-2,28,3.8,3,1250,10,17
0,1,1,182,384,-2,30,4,3,1255,10,17
0.01,1,1,174,360,-2,28,3.8,3,1260,10,17
0,1,1,174,360,-2,28,3.8,3,1265,10,17
0,1,1,182,384,-2,30,4,3,1270,10,17
0,1,1,174,360,-2,28,3.8,3,1275,10,17
0.016,1,1,174,360,-2,28,3.8,3,1280,10,17
0.016,1,1,182,384,-2,30,4,3,1285,10,17
0,1,1,174,360,-2,28,3.8,3,1290,10,17
0,1,1,174,360,-2,28,3.8,3,1295,10,17
0,1,1,182,384,-2,30,4,3,1300,10,17
0.002,1,1,174,360,-2,28,3.8,3,1305,10,17
0.002,1,1,174,360,-2,28,3.8,3,1310,10,17
0.004,1,1,182,384,-2,30,4,3,1315,10,17
0.002,1,1,174,360,-2,28,3.8,3,1320,10,17
0.002,1,1,174,360,-2,28,3.8,3,1325,10,17
0.004,1,1,182,384,-2,30,4,3,1330,10,17
0.015,1,1,174,360,-2,28,3.8,3,1335,10,17
0.016,1,1,174,360,-2,28,3.8,3,1340,10,17
0,1,1,182,384,-2,30,4,3,1345,10,17
0,1,1,174,360,-2,28,3.8,3,1350,10,17
0,1,1,174,360,-2,28,3.8,3,1355,10,17
0,1,1,182,384,-2,30,4,3,1360,10,17
0,1,1,174,360,-2,28,3.8,3,1365,10,17
0,1,1,174,360,-2,28,3.8,3,1370,10,17
0,1,1,182,384,-2,30,4,3,1375,10,17
0,1,1,174,360,-2,28,3.8,3,1380,10,17
0,1,1,174,360,-2,28,3.8,3,1385,10,17
0,1,1,182,384,-2,30,4,3,1390,10,17
0,1,1,174,360,-2,28,3.8,3,1395,10,17
0,1,1,174,360,-2,28,3.8,3,1400,10,17
0,1,1,182,384,-2,30,4,3,1405,10,17
0,1,1,174,360,-2,28,3.8,3,1410,10,17
0,1,1,174,360,-2,28,3.8,3,1415,10,17
0.016,1,1,182,384,-2,30,4,3,1420,10,17
0.016,1,1,174,360,-2,28,3.8,3,1425,10,17
0.003,1,1,174,360,-2,28,3.8,3,1430,10,17
0.007,1,1,182,384,-2,30,4,3,1435,10,17
0.006,1,1,174,360,-2,28,3.8,3,1440,10,17
0.012,1,1,174,360,-2,28,3.8,3,1445,10,17
0,1,1,182,384,-2,30,4,3,1450,10,17
0,1,1,174,360,-2,28,3.8,3,1455,10,17
0,1,1,174,360,-2,28,3.8,3,1460,10,17
0,1,1,182,384,-2,30,4,3,1465,10,17
0,1,1,174,360,-2,28,3.8,3,1470,10,17
0,1,1,174,360,-2,28,3.8,3,1475,10,17
0,1,1,182,384,-2,30,4,3,1480,10,17
0,1,1,174,360,-2,28,3.8,3,1485,10,17
0,1,1,174,360,-2,28,3.8,3,1490,10,17
0,1,1,182,384,-2,30,4,3,1495,10,17
0,1,1,174,360,-2,28,3.8,3,1500,10,17
0,1,1,174,360,-2,28,3.8,3,1505,10,17
0,1,1,182,384,-2,30,4,3,1510,10,17
0,1,1,174,360,-2,28,3.8,3,1515,10,17
0,1,1,174,360,-2,28,3.8,3,1520,10,17
0.016,1,1,182,384,-2,30,4,3,1525,10,17
0.007,1,1,174,360,-2,28,3.8,3,1530,10,17
0.016,1,1,174,360,-2,28,3.8,3,1535,10,17
0,1,1,182,384,-2,30,4,3,1540,10,17
0.004,1,1,174,360,-2,28,3.8,3,1545,10,17
0,1,1,174,360,-2,28,3.8,3,1550,10,17
0,1,1,182,384,-2,30,4,3,1555,10,17
0.003,1,1,174,360,-2,28,3.8,3,1560,10,17
0,1,1,174,360,-2,28,3.8,3,1565,10,17
0,1,1,182,384,-2,30,4,3,1570,10,17
0,1,1,174,360,-2,28,3.8,3,1575,10,17
0,1,1,174,360,-2,28,3.8,3,1580,10,17
0,1,1,182,384,-2,30,4,3,1585,10,17
0,1,1,174,360,-2,28,3.8,3,1590,10,17
0,1,1,174,360,-2,28,3.8,3,1595,10,17
0,1,1,182,384,-2,30,4,3,1600,10,17
0,1,1,174,360,-2,28,3.8,3,1605,10,17
0,1,1,174,360,-2,28,3.8,3,1610,10,17
0,1,1,182,384,-2,30,4,3,1615,10,17
0,1,1,174,360,-2,28,3.8,3,1620,10,17
0,1,1,174,360,-2,28,3.8,3,1625,10,17
0,1,1,182,384,-2,30,4,3,1630,10,17
0,1,1,174,360,-2,28,3.8,3,1635,10,17
0.016,1,1,174,360,-2,28,3.8,3,1640,10,17
0.015,1,1,182,384,-2,30,4,3,1645,10,17
0.004,1,1,174,360,-2,28,3.8,3,1650,10,17
0.01,1,1,174,360,-2,28,3.8,3,1655,10,17
0,1,1,182,384,-2,30,4,3,1660,10,17
0,1,1,174,360,-2,28,3.8,3,1665,10,17
0,1,1,174,360,-2,28,3.8,3,1670,10,17
0,1,1,182,384,-2,30,4,3,1675,10,17
0,1,1,174,360,-2,28,3.8,3,1680,10,17
0,1,1,174,360,-2,28,3.8,3,1685,10,17
0,1,1,182,384,-2,30,4,3,1690,10,17
0,1,1,174,360,-2,28,3.8,3,1695,10,17
0,1,1,174,360,-2,28,3.8,3,1700,10,17
0,1,1,182,384,-2,30,4,3,1705,10,17
0,1,1,174,360,-2,28,3.8,3,1710,10,17
0,1,1,174,360,-2,28,3.8,3,1715,10,17
0,1,1,182,384,-2,30,4,3,1720,10,17
0.004,1,1,174,360,-2,28,3.8,3,1725,10,17
0,1,1,174,360,-2,28,3.8,3,1730,10,17
0.016,1,1,182,384,-2,30,4,3,1735,10,17
0.004,1,1,174,360,-2,28,3.8,3,1740,10,17
0.016,1,1,174,360,-2,28,3.8,3,1745,10,17
0.016,1,1,182,384,-2,30,4,3,1750,10,17
0.016,1,1,174,360,-2,28,3.8,3,1755,10,17
0.016,1,1,174,360,-2,28,3.8,3,1760,10,17
0.015,1,1,182,384,-2,30,4,3,1765,10,17
0.001,1,1,174,360,-2,28,3.8,3,1770,10,17
0,1,1,174,360,-2,28,3.8,3,1775,10,17
0,1,1,182,384,-2,30,4,3,1780,10,17
0,1,1,174,360,-2,28,3.8,3,1785,10,17
0,1,1,174,360,-2,28,3.8,3,1790,10,17
0,1,1,182,384,-2,30,4,3,1795,10,17
0.006,1,1,174,360,-2,28,3.8,3,1800,10,17
0,1,1,174,360,-2,28,3.8,3,1805,10,17
0,1,1,182,384,-2,30,4,3,1810,10,17
0,1,1,174,360,-2,28,3.8,3,1815,10,17
0,1,1,174,360,-2,28,3.8,3,1820,10,17
0,1,1,182,384,-2,30,4,3,1825,10,17
0.011,1,1,174,360,-2,28,3.8,3,1830,10,17
0,1,1,174,360,-2,28,3.8,3,1835,10,17
0,1,1,182,384,-2,30,4,3,1840,10,17
0,1,1,174,360,-2,28,3.8,3,1845,10,17
0,1,1,174,360,-2,28,3.8,3,1850,10,17
0,1,1,182,384,-2,30,4,3,1855,10,17
0,1,1,174,360,-2,28,3.8,3,1860,10,17
0,1,1,174,360,-2,28,3.8,3,1865,10,17
0,1,1,182,384,-2,30,4,3,1870,10,17
0,1,1,174,360,-2,28,3.8,3,1875,10,17
0,1,1,174,360,-2,28,3.8,3,1880,10,17
0,1,1,182,384,-2,30,4,3,1885,10,17
0.015,1,1,174,360,-2,28,3.8,3,1890,10,17
0,1,1,174,360,-2,28,3.8,3,1895,10,17
0,1,1,182,384,-2,30,4,3,1900,10,17
0.016,1,1,174,360,-2,28,3.8,3,1905,10,17
0.016,1,1,174,360,-2,28,3.8,3,1910,10,17
0.016,1,1,182,384,-2,30,4,3,1915,10,17
0,1,1,174,360,-2,28,3.8,3,1920,10,17
0,1,1,174,360,-2,28,3.8,3,1925,10,17
0,1,1,182,384,-2,30,4,3,1930,10,17
0,1,1,174,360,-2,28,3.8,3,1935,10,17
0,1,1,174,360,-2,28,3.8,3,1940,10,17
0.007,1,1,182,384,-2,30,4,3,1945,10,17
0,1,1,174,360,-2,28,3.8,3,1950,10,17
0,1,1,174,360,-2,28,3.8,3,1955,10,17
0,1,1,182,384,-2,30,4,3,1960,10,17
0,1,1,174,360,-2,28,3.8,3,1965,10,17
0,1,1,174,360,-2,28,3.8,3,1970,10,17
0.015,1,1,182,384,-2,30,4,3,1975,10,17
0.016,1,1,174,360,-2,28,3.8,3,1980,10,17
0.01,1,1,174,360,-2,28,3.8,3,1985,10,17
0.016,1,1,182,384,-2,30,4,3,1990,10,17
0,1,1,174,360,-2,28,3.8,3,1995,10,17
0,1,1,174,360,-2,28,3.8,3,2000,10,17
0,1,1,182,384,-2,30,4,3,2005,10,17
0,1,1,174,360,-2,28,3.8,3,2010,10,17
0,1,1,174,360,-2,28,3.8,3,2015,10,17
0,1,1,182,384,-2,30,4,3,2020,10,17
0,1,1,174,360,-2,28,3.8,3,2025,10,17
0,1,1,174,360,-2,28,3.8,3,2030,10,17
0,1,1,182,384,-2,30,4,3,2035,10,17
0,1,1,174,360,-2,28,3.8,3,2040,10,17
0,1,1,174,360,-2,28,3.8,3,2045,10,17
0,1,1,182,384,-2,30,4,3,2050,10,17
0,1,1,174,360,-2,28,3.8,3,2055,10,17
0,1,1,174,360,-2,28,3.8,3,2060,10,17
0,1,1,182,384,-2,30,4,3,2065,10,17
0,1,1,174,360,-2,28,3.8,3,2070,10,17
0,1,1,174,360,-2,28,3.8,3,2075,10,17
0,1,1,182,384,-2,30,4,3,2080,10,17
0,1,1,174,360,-2,28,3.8,3,2085,10,17
0,1,1,174,360,-2,28,3.8,3,2090,10,17
0.015,1,1,182,384,-2,30,4,3,2095,10,17
0.016,1,1,174,360,-2,28,3.8,3,2100,10,17
0.005,1,1,174,360,-2,28,3.8,3,2105,10,17
0.015,1,1,182,384,-2,30,4,3,2110,10,17
0.016,1,1,174,360,-2,28,3.8,3,2115,10,17
0.018,1,1,174,360,-2,28,3.8,3,2120,10,17
0.014,1,1,182,384,-2,30,4,3,2125,10,17
0.016,1,1,174,360,-2,28,3.8,3,2130,10,17
0.001,1,1,174,360,-2,28,3.8,3,2135,10,17
0,1,1,182,384,-2,30,4,3,2140,10,17
0,1,1,174,360,-2,28,3.8,3,2145,10,17
0,1,1,174,360,-2,28,3.8,3,2150,10,17
0,1,1,182,384,-2,30,4,3,2155,10,17
0,1,1,174,360,-2,28,3.8,3,2160,10,17
0.005,1,1,174,360,-2,28,3.8,3,2165,10,17
0,1,1,182,384,-2,30,4,3,2170,10,17
0,1,1,174,360,-2,28,3.8,3,2175,10,17
0,1,1,174,360,-2,28,3.8,3,2180,10,17
0,1,1,182,384,-2,30,4,3,2185,10,17
0,1,1,174,360,-2,28,3.8,3,2190,10,17
0.011,1,1,174,360,-2,28,3.8,3,2195,10,17
0,1,1,182,384,-2,30,4,3,2200,10,17
0.011,1,1,174,360,-2,28,3.8,3,2205,10,17
0,1,1,174,360,-2,28,3.8,3,2210,10,17
0,1,1,182,384,-2,30,4,3,2215,10,17
0.016,1,1,174,360,-2,28,3.8,3,2220,10,17
0.016,1,1,174,360,-2,28,3.8,3,2225,10,17
0.016,1,1,182,384,-2,30,4,3,2230,10,17
0.016,1,1,174,360,-2,28,3.8,3,2235,10,17
0.016,1,1,174,360,-2,28,3.8,3,2240,10,17
0,1,1,182,384,-2,30,4,3,2245,10,17
0,1,1,174,360,-2,28,3.8,3,2250,10,17
0.006,1,1,174,360,-2,28,3.8,3,2255,10,17
0,1,1,182,384,-2,30,4,3,2260,10,17
0,1,1,174,360,-2,28,3.8,3,2265,10,17
0,1,1,174,360,-2,28,3.8,3,2270,10,17
0,1,1,182,384,-2,30,4,3,2275,10,17
0,1,1,174,360,-2,28,3.8,3,2280,10,17
0.011,1,1,174,360,-2,28,3.8,3,2285,10,17
0,1,1,182,384,-2,30,4,3,2290,10,17
0,1,1,174,360,-2,28,3.8,3,2295,10,17
0,1,1,174,360,-2,28,3.8,3,2300,10,17
0,1,1,182,384,-2,30,4,3,2305,10,17
0,1,1,174,360,-2,28,3.8,3,2310,10,17
0,1,1,174,360,-2,28,3.8,3,2315,10,17
0.01,1,1,182,384,-2,30,4,3,2320,10,17
0.016,1,1,174,360,-2,28,3.8,3,2325,10,17
0,1,1,174,360,-2,28,3.8,3,2330,10,17
0,1,1,182,384,-2,30,4,3,2335,10,17
0,1,1,174,360,-2,28,3.8,3,2340,10,17
0.006,1,1,174,360,-2,28,3.8,3,2345,10,17
0,1,1,182,384,-2,30,4,3,2350,10,17
0,1,1,174,360,-2,28,3.8,3,2355,10,17
0,1,1,174,360,-2,28,3.8,3,2360,10,17
0,1,1,182,384,-2,30,4,3,2365,10,17
0,1,1,174,360,-2,28,3.8,3,2370,10,17
0.011,1,1,174,360,-2,28,3.8,3,2375,10,17
0,1,1,182,384,-2,30,4,3,2380,10,17
0,1,1,174,360,-2,28,3.8,3,2385,10,17
0,1,1,174,360,-2,28,3.8,3,2390,10,17
0,1,1,182,384,-2,30,4,3,2395,10,17
0,1,1,174,360,-2,28,3.8,3,2400,10,17
0,1,1,174,360,-2,28,3.8,3,2405,10,17
0,1,1,182,384,-2,30,4,3,2410,10,17
0.016,1,1,174,360,-2,28,3.8,3,2415,10,17
0.016,1,1,174,360,-2,28,3.8,3,2420,10,17
0.016,1,1,182,384,-2,30,4,3,2425,10,17
0.016,1,1,174,360,-2,28,3.8,3,2430,10,17
0,1,1,174,360,-2,28,3.8,3,2435,10,17
0,1,1,182,384,-2,30,4,3,2440,10,17
0,1,1,174,360,-2,28,3.8,3,2445,10,17
0,1,1,174,360,-2,28,3.8,3,2450,10,17
0,1,1,182,384,-2,30,4,3,2455,10,17
0,1,1,174,360,-2,28,3.8,3,2460,10,17
0,1,1,174,360,-2,28,3.8,3,2465,10,17
0,1,1,182,384,-2,30,4,3,2470,10,17
0,1,1,174,360,-2,28,3.8,3,2475,10,17
0,1,1,174,360,-2,28,3.8,3,2480,10,17
0,1,1,182,384,-2,30,4,3,2485,10,17
0,1,1,174,360,-2,28,3.8,3,2490,10,17
0,1,1,174,360,-2,28,3.8,3,2495,10,17
0,1,1,182,384,-2,30,4,3,2500,10,17
0,1,1,174,360,-2,28,3.8,3,2505,10,17
0,1,1,174,360,-2,28,3.8,3,2510,10,17
0,1,1,182,384,-2,30,4,3,2515,10,17
0,1,1,174,360,-2,28,3.8,3,2520,10,17
0.016,1,1,174,360,-2,28,3.8,3,2525,10,17
0.013,1,1,182,384,-2,30,4,3,2530,10,17
0.016,1,1,174,360,-2,28,3.8,3,2535,10,17
0.015,1,1,174,360,-2,28,3.8,3,2540,10,17
0.002,1,1,182,384,-2,30,4,3,2545,10,17
0,1,1,174,360,-2,28,3.8,3,2550,10,17
0,1,1,174,360,-2,28,3.8,3,2555,10,17
0,1,1,182,384,-2,30,4,3,2560,10,17
0,1,1,174,360,-2,28,3.8,3,2565,10,17
0,1,1,174,360,-2,28,3.8,3,2570,10,17
0,1,1,182,384,-2,30,4,3,2575,10,17
0,1,1,174,360,-2,28,3.8,3,2580,10,17
0,1,1,174,360,-2,28,3.8,3,2585,10,17
0,1,1,182,384,-2,30,4,3,2590,10,17
0,1,1,174,360,-2,28,3.8,3,2595,10,17
0,1,1,174,360,-2,28,3.8,3,2600,10,17
0,1,1,182,384,-2,30,4,3,2605,10,17
0,1,1,174,360,-2,28,3.8,3,2610,10,17
0,1,1,174,360,-2,28,3.8,3,2615,10,17
0,1,1,182,384,-2,30,4,3,2620,10,17
0,1,1,174,360,-2,28,3.8,3,2625,10,17
0,1,1,174,360,-2,28,3.8,3,2630,10,17
0,1,1,182,384,-2,30,4,3,2635,10,17
0,1,1,174,360,-2,28,3.8,3,2640,10,17
0,1,1,174,360,-2,28,3.8,3,2645,10,17
0,1,1,182,384,-2,30,4,3,2650,10,17
0,1,1,174,360,-2,28,3.8,3,2655,10,17
0,1,1,174,360,-2,28,3.8,3,2660,10,17
0.016,1,1,182,384,-2,30,4,3,2665,10,17
0.015,1,1,174,360,-2,28,3.8,3,2670,10,17
0,1,1,174,360,-2,28,3.8,3,2675,10,17
0,1,1,182,384,-2,30,4,3,2680,10,17
0,1,1,174,360,-2,28,3.8,3,2685,10,17
0,1,1,174,360,-2,28,3.8,3,2690,10,17
0,1,1,182,384,-2,30,4,3,2695,10,17
0,1,1,174,360,-2,28,3.8,3,2700,10,17
0,1,1,174,360,-2,28,3.8,3,2705,10,17
0,1,1,182,384,-2,30,4,3,2710,10,17
0,1,1,174,360,-2,28,3.8,3,2715,10,17
0,1,1,174,360,-2,28,3.8,3,2720,10,17
0,1,1,182,384,-2,30,4,3,2725,10,17
0,1,1,174,360,-2,28,3.8,3,2730,10,17
0,1,1,174,360,-2,28,3.8,3,2735,10,17
0,1,1,182,384,-2,30,4,3,2740,10,17
0,1,1,174,360,-2,28,3.8,3,2745,10,17
0,1,1,174,360,-2,28,3.8,3,2750,10,17
0,1,1,182,384,-2,30,4,3,2755,10,17
0,1,1,174,360,-2,28,3.8,3,2760,10,17
0,1,1,174,360,-2,28,3.8,3,2765,10,17
0.014,1,1,182,384,-2,30,4,3,2770,10,17
0,1,1,174,360,-2,28,3.8,3,2775,10,17
0,1,1,174,360,-2,28,3.8,3,2780,10,17
0,1,1,182,384,-2,30,4,3,2785,10,17
0.015,1,1,174,360,-2,28,3.8,3,2790,10,17
0,1,1,174,360,-2,28,3.8,3,2795,10,17
0.003,1,1,182,384,-2,30,4,3,2800,10,17
0,1,1,174,360,-2,28,3.8,3,2805,10,17
0,1,1,174,360,-2,28,3.8,3,2810,10,17
0,1,1,182,384,-2,30,4,3,2815,10,17
0,1,1,174,360,-2,28,3.8,3,2820,10,17
0,1,1,174,360,-2,28,3.8,3,2825,10,17
0.009,1,1,182,384,-2,30,4,3,2830,10,17
0,1,1,174,360,-2,28,3.8,3,2835,10,17
0,1,1,174,360,-2,28,3.8,3,2840,10,17
0.004,1,1,182,384,-2,30,4,3,2845,10,17
0,1,1,174,360,-2,28,3.8,3,2850,10,17
0.006,1,1,174,360,-2,28,3.8,3,2855,10,17
0.007,1,1,182,384,-2,30,4,3,2860,10,17
0,1,1,174,360,-2,28,3.8,3,2865,10,17
0,1,1,174,360,-2,28,3.8,3,2870,10,17
0,1,1,182,384,-2,30,4,3,2875,10,17
0,1,1,174,360,-2,28,3.8,3,2880,10,17
0,1,1,174,360,-2,28,3.8,3,2885,10,17
0,1,1,182,384,-2,30,4,3,2890,10,17
0,1,1,174,360,-2,28,3.8,3,2895,10,17
0,1,1,174,360,-2,28,3.8,3,2900,10,17
0.006,1,1,182,384,-2,30,4,3,2905,10,17
0.015,1,1,174,360,-2,28,3.8,3,2910,10,17
0.015,1,1,174,360,-2,28,3.8,3,2915,10,17
0,1,1,182,384,-2,30,4,3,2920,10,17
0,1,1,174,360,-2,28,3.8,3,2925,10,17
0,1,1,174,360,-2,28,3.8,3,2930,10,17
0,1,1,182,384,-2,30,4,3,2935,10,17
0,1,1,174,360,-2,28,3.8,3,2940,10,17
0,1,1,174,360,-2,28,3.8,3,2945,10,17
0,1,1,182,384,-2,30,4,3,2950,10,17
0,1,1,174,360,-2,28,3.8,3,2955,10,17
0,1,1,174,360,-2,28,3.8,3,2960,10,17
0,1,1,182,384,-2,30,4,3,2965,10,17
0,1,1,174,360,-2,28,3.8,3,2970,10,17
0.016,1,1,174,360,-2,28,3.8,3,2975,10,17
0.014,1,1,182,384,-2,30,4,3,2980,10,17
0.015,1,1,174,360,-2,28,3.8,3,2985,10,17
0,1,1,174,360,-2,28,3.8,3,2990,10,17
0,1,1,182,384,-2,30,4,3,2995,10,17
0,1,1,174,360,-2,28,3.8,3,3000,10,17
0,1,1,174,360,-2,28,3.8,3,3005,10,17
0,1,1,182,384,-2,30,4,3,3010,10,17
0,1,1,174,360,-2,28,3.8,3,3015,10,17
0,1,1,174,360,-2,28,3.8,3,3020,10,17
0,1,1,182,384,-2,30,4,3,3025,10,17
0,1,1,174,360,-2,28,3.8,3,3030,10,17
0,1,1,174,360,-2,28,3.8,3,3035,10,17
0,1,1,182,384,-2,30,4,3,3040,10,17
0,1,1,174,360,-2,28,3.8,3,3045,10,17
0,1,1,174,360,-2,28,3.8,3,3050,10,17
0.016,1,1,182,384,-2,30,4,3,3055,10,17
0.016,1,1,174,360,-2,28,3.8,3,3060,10,17
0.009,1,1,174,360,-2,28,3.8,3,3065,10,17
0,1,1,182,384,-2,30,4,3,3070,10,17
0,1,1,174,360,-2,28,3.8,3,3075,10,17
0,1,1,174,360,-2,28,3.8,3,3080,10,17
0,1,1,182,384,-2,30,4,3,3085,10,17
0.006,1,1,174,360,-2,28,3.8,3,3090,10,17
0,1,1,174,360,-2,28,3.8,3,3095,10,17
0,1,1,182,384,-2,30,4,3,3100,10,17
0,1,1,174,360,-2,28,3.8,3,3105,10,17
0,1,1,174,360,-2,28,3.8,3,3110,10,17
0,1,1,182,384,-2,30,4,3,3115,10,17
0,1,1,174,360,-2,28,3.8,3,3120,10,17
0.014,1,1,174,360,-2,28,3.8,3,3125,10,17
0.015,1,1,182,384,-2,30,4,3,3130,10,17
0.017,1,1,174,360,-2,28,3.8,3,3135,10,17
0.015,1,1,174,360,-2,28,3.8,3,3140,10,17
0.015,1,1,182,384,-2,30,4,3,3145,10,17
0,1,1,174,360,-2,28,3.8,3,3150,10,17
0.004,1,1,174,360,-2,28,3.8,3,3155,10,17
0,1,1,182,384,-2,30,4,3,3160,10,17
0,1,1,174,360,-2,28,3.8,3,3165,10,17
0,1,1,174,360,-2,28,3.8,3,3170,10,17
0,1,1,182,384,-2,30,4,3,3175,10,17
0,1,1,174,360,-2,28,3.8,3,3180,10,17
0,1,1,174,360,-2,28,3.8,3,3185,10,17
0,1,1,182,384,-2,30,4,3,3190,10,17
0,1,1,174,360,-2,28,3.8,3,3195,10,17
0,1,1,174,360,-2,28,3.8,3,3200,10,17
0,1,1,182,384,-2,30,4,3,3205,10,17
0,1,1,174,360,-2,28,3.8,3,3210,10,17
0.014,1,1,174,360,-2,28,3.8,3,3215,10,17
0.016,1,1,182,384,-2,30,4,3,3220,10,17
0.015,1,1,174,360,-2,28,3.8,3,3225,10,17
0.016,1,1,174,360,-2,28,3.8,3,3230,10,17
0.002,1,1,182,384,-2,30,4,3,3235,10,17
0.004,1,1,174,360,-2,28,3.8,3,3240,10,17
0.004,1,1,174,360,-2,28,3.8,3,3245,10,17
0.004,1,1,182,384,-2,30,4,3,3250,10,17
0.004,1,1,174,360,-2,28,3.8,3,3255,10,17
0.002,1,1,174,360,-2,28,3.8,3,3260,10,17
0.004,1,1,182,384,-2,30,4,3,3265,10,17
0.002,1,1,174,360,-2,28,3.8,3,3270,10,17
0.004,1,1,174,360,-2,28,3.8,3,3275,10,17
0.002,1,1,182,384,-2,30,4,3,3280,10,17
0.002,1,1,174,360,-2,28,3.8,3,3285,10,17
0.004,1,1,174,360,-2,28,3.8,3,3290,10,17
0.004,1,1,182,384,-2,30,4,3,3295,10,17
0.004,1,1,174,360,-2,28,3.8,3,3300,10,17
0.003,1,1,174,360,-2,28,3.8,3,3305,10,17
0.01,1,1,182,384,-2,30,4,3,3310,10,17
0.016,1,1,174,360,-2,28,3.8,3,3315,10,17
0.004,1,1,174,360,-2,28,3.8,3,3320,10,17
0.004,1,1,182,384,-2,30,4,3,3325,10,17
0,1,1,174,360,-2,28,3.8,3,3330,10,17
0,1,1,174,360,-2,28,3.8,3,3335,10,17
0,1,1,182,384,-2,30,4,3,3340,10,17
0,1,1,174,360,-2,28,3.8,3,3345,10,17
0,1,1,174,360,-2,28,3.8,3,3350,10,17
0,1,1,182,384,-2,30,4,3,3355,10,17
0,1,1,174,360,-2,28,3.8,3,3360,10,17
0.01,1,1,174,360,-2,28,3.8,3,3365,10,17
0,1,1,182,384,-2,30,4,3,3370,10,17
0,1,1,174,360,-2,28,3.8,3,3375,10,17
0,1,1,174,360,-2,28,3.8,3,3380,10,17
0.007,1,1,182,384,-2,30,4,3,3385,10,17
0.016,1,1,174,360,-2,28,3.8,3,3390,10,17
0,1,1,174,360,-2,28,3.8,3,3395,10,17
0,1,1,182,384,-2,30,4,3,3400,10,17
0,1,1,174,360,-2,28,3.8,3,3405,10,17
0,1,1,174,360,-2,28,3.8,3,3410,10,17
0,1,1,182,384,-2,30,4,3,3415,10,17
0,1,1,174,360,-2,28,3.8,3,3420,10,17
0.005,1,1,174,360,-2,28,3.8,3,3425,10,17
0,1,1,182,384,-2,30,4,3,3430,10,17
0,1,1,174,360,-2,28,3.8,3,3435,10,17
0,1,1,174,360,-2,28,3.8,3,3440,10,17
0,1,1,182,384,-2,30,4,3,3445,10,17
0,1,1,174,360,-2,28,3.8,3,3450,10,17
0,1,1,174,360,-2,28,3.8,3,3455,10,17
0,1,1,182,384,-2,30,4,3,3460,10,17
0,1,1,174,360,-2,28,3.8,3,3465,10,17
0,1,1,174,360,-2,28,3.8,3,3470,10,17
0,1,1,182,384,-2,30,4,3,3475,10,17
0,1,1,174,360,-2,28,3.8,3,3480,10,17
0,1,1,174,360,-2,28,3.8,3,3485,10,17
0,1,1,182,384,-2,30,4,3,3490,10,17
0,1,1,174,360,-2,28,3.8,3,3495,10,17
0.016,1,1,174,360,-2,28,3.8,3,3500,10,17
0.016,1,1,182,384,-2,30,4,3,3505,10,17
0.015,1,1,174,360,-2,28,3.8,3,3510,10,17
0.016,1,1,174,360,-2,28,3.8,3,3515,10,17
0,1,1,182,384,-2,30,4,3,3520,10,17
0,1,1,174,360,-2,28,3.8,3,3525,10,17
0.004,1,1,174,360,-2,28,3.8,3,3530,10,17
0,1,1,182,384,-2,30,4,3,3535,10,17
0,1,1,174,360,-2,28,3.8,3,3540,10,17
0.011,1,1,174,360,-2,28,3.8,3,3545,10,17
0,1,1,182,384,-2,30,4,3,3550,10,17
0,1,1,174,360,-2,28,3.8,3,3555,10,17
0.016,1,1,174,360,-2,28,3.8,3,3560,10,17
0.016,1,1,182,384,-2,30,4,3,3565,10,17
0,1,1,174,360,-2,28,3.8,3,3570,10,17
0,1,1,174,360,-2,28,3.8,3,3575,10,17
0,1,1,182,384,-2,30,4,3,3580,10,17
0,1,1,174,360,-2,28,3.8,3,3585,10,17
0,1,1,174,360,-2,28,3.8,3,3590,10,17
0.004,1,1,182,384,-2,30,4,3,3595,10,17
0.004,1,1,174,360,-2,28,3.8,3,3600,10,17
0,1,1,174,360,-2,28,3.8,3,3605,10,17
0,1,1,182,384,-2,30,4,3,3610,10,17
0,1,1,174,360,-2,28,3.8,3,3615,10,17
0,1,1,174,360,-2,28,3.8,3,3620,10,17
0.003,1,1,182,384,-2,30,4,3,3625,10,17
0.014,1,1,174,360,-2,28,3.8,3,3630,10,17
0.004,1,1,174,360,-2,28,3.8,3,3635,10,17
0,1,1,182,384,-2,30,4,3,3640,10,17
0.003,1,1,174,360,-2,28,3.8,3,3645,10,17
0,1,1,174,360,-2,28,3.8,3,3650,10,17
0,1,1,182,384,-2,30,4,3,3655,10,17
0,1,1,174,360,-2,28,3.8,3,3660,10,17
0,1,1,174,360,-2,28,3.8,3,3665,10,17
0,1,1,182,384,-2,30,4,3,3670,10,17
0,1,1,174,360,-2,28,3.8,3,3675,10,17
0,1,1,174,360,-2,28,3.8,3,3680,10,17
0,1,1,182,384,-2,30,4,3,3685,10,17
0,1,1,174,360,-2,28,3.8,3,3690,10,17
0,1,1,174,360,-2,28,3.8,3,3695,10,17
0.015,1,1,182,384,-2,30,4,3,3700,10,17
0.016,1,1,174,360,-2,28,3.8,3,3705,10,17
0,1,1,174,360,-2,28,3.8,3,3710,10,17
0,1,1,182,384,-2,30,4,3,3715,10,17
0,1,1,174,360,-2,28,3.8,3,3720,10,17
0,1,1,174,360,-2,28,3.8,3,3725,10,17
0,1,1,182,384,-2,30,4,3,3730,10,17
0,1,1,174,360,-2,28,3.8,3,3735,10,17
0,1,1,174,360,-2,28,3.8,3,3740,10,17
0,1,1,182,384,-2,30,4,3,3745,10,17
0,1,1,174,360,-2,28,3.8,3,3750,10,17
0.015,1,1,174,360,-2,28,3.8,3,3755,10,17
0.004,1,1,182,384,-2,30,4,3,3760,10,17
0.004,1,1,174,360,-2,28,3.8,3,3765,10,17
0.004,1,1,174,360,-2,28,3.8,3,3770,10,17
0.004,1,1,182,384,-2,30,4,3,3775,10,17
0.002,1,1,174,360,-2,28,3.8,3,3780,10,17
0.004,1,1,174,360,-2,28,3.8,3,3785,10,17
0.002,1,1,182,384,-2,30,4,3,3790,10,17
0.004,1,1,174,360,-2,28,3.8,3,3795,10,17
0.002,1,1,174,360,-2,28,3.8,3,3800,10,17
0.004,1,1,182,384,-2,30,4,3,3805,10,17
0.004,1,1,174,360,-2,28,3.8,3,3810,10,17
0.003,1,1,174,360,-2,28,3.8,3,3815,10,17
0.002,1,1,182,384,-2,30,4,3,3820,10,17
0.004,1,1,174,360,-2,28,3.8,3,3825,10,17
0.002,1,1,174,360,-2,28,3.8,3,3830,10,17
0.004,1,1,182,384,-2,30,4,3,3835,10,17
0.004,1,1,174,360,-2,28,3.8,3,3840,10,17
0.004,1,1,174,360,-2,28,3.8,3,3845,10,17
0.004,1,1,182,384,-2,30,4,3,3850,10,17
0.004,1,1,174,360,-2,28,3.8,3,3855,10,17
0,1,1,174,360,-2,28,3.8,3,3860,10,17
0,1,1,182,384,-2,30,4,3,3865,10,17
0,1,1,174,360,-2,28,3.8,3,3870,10,17
0,1,1,174,360,-2,28,3.8,3,3875,10,17
0,1,1,182,384,-2,30,4,3,3880,10,17
0.015,1,1,174,360,-2,28,3.8,3,3885,10,17
0.016,1,1,174,360,-2,28,3.8,3,3890,10,17
0.016,1,1,182,384,-2,30,4,3,3895,10,17
0,1,1,174,360,-2,28,3.8,3,3900,10,17
0,1,1,174,360,-2,28,3.8,3,3905,10,17
0,1,1,182,384,-2,30,4,3,3910,10,17
0,1,1,174,360,-2,28,3.8,3,3915,10,17
0,1,1,174,360,-2,28,3.8,3,3920,10,17
0,1,1,182,384,-2,30,4,3,3925,10,17
0,1,1,174,360,-2,28,3.8,3,3930,10,17
0,1,1,174,360,-2,28,3.8,3,3935,10,17
0,1,1,182,384,-2,30,4,3,3940,10,17
0,1,1,174,360,-2,28,3.8,3,3945,10,17
0,1,1,174,360,-2,28,3.8,3,3950,10,17
0.016,1,1,182,384,-2,30,4,3,3955,10,17
0.01,1,1,174,360,-2,28,3.8,3,3960,10,17
0.016,1,1,174,360,-2,28,3.8,3,3965,10,17
0.016,1,1,182,384,-2,30,4,3,3970,10,17
0,1,1,174,360,-2,28,3.8,3,3975,10,17
0,1,1,174,360,-2,28,3.8,3,3980,10,17
0,1,1,182,384,-2,30,4,3,3985,10,17
0,1,1,174,360,-2,28,3.8,3,3990,10,17
0,1,1,174,360,-2,28,3.8,3,3995,10,17
0,1,1,182,384,-2,30,4,3,4000,10,17
0,1,1,174,360,-2,28,3.8,3,4005,10,17
0,1,1,174,360,-2,28,3.8,3,4010,10,17
0,1,1,182,384,-2,30,4,3,4015,10,17
0.015,1,1,174,360,-2,28,3.8,3,4020,10,17
0.016,1,1,174,360,-2,28,3.8,3,4025,10,17
0,1,1,182,384,-2,30,4,3,4030,10,17
0,1,1,174,360,-2,28,3.8,3,4035,10,17
0,1,1,174,360,-2,28,3.8,3,4040,10,17
0,1,1,182,384,-2,30,4,3,4045,10,17
0,1,1,174,360,-2,28,3.8,3,4050,10,17
0,1,1,174,360,-2,28,3.8,3,4055,10,17
0,1,1,182,384,-2,30,4,3,4060,10,17
0,1,1,174,360,-2,28,3.8,3,4065,10,17
0,1,1,174,360,-2,28,3.8,3,4070,10,17
0.004,1,1,182,384,-2,30,4,3,4075,10,17
0.002,1,1,174,360,-2,28,3.8,3,4080,10,17
0,1,1,174,360,-2,28,3.8,3,4085,10,17
0,1,1,182,384,-2,30,4,3,4090,10,17
0,1,1,174,360,-2,28,3.8,3,4095,10,17
0,1,1,174,360,-2,28,3.8,3,4100,10,17
0,1,1,182,384,-2,30,4,3,4105,10,17
0,1,1,174,360,-2,28,3.8,3,4110,10,17
0,1,1,174,360,-2,28,3.8,3,4115,10,17
0,1,1,182,384,-2,30,4,3,4120,10,17
0,1,1,174,360,-2,28,3.8,3,4125,10,17
0.005,1,1,174,360,-2,28,3.8,3,4130,10,17
0.004,1,1,182,384,-2,30,4,3,4135,10,17
0,1,1,174,360,-2,28,3.8,3,4140,10,17
0.002,1,1,174,360,-2,28,3.8,3,4145,10,17
0,1,1,182,384,-2,30,4,3,4150,10,17
0,1,1,174,360,-2,28,3.8,3,4155,10,17
0.002,1,1,174,360,-2,28,3.8,3,4160,10,17
0.002,1,1,182,384,-2,30,4,3,4165,10,17
0.004,1,1,174,360,-2,28,3.8,3,4170,10,17
0.004,1,1,174,360,-2,28,3.8,3,4175,10,17
0.004,1,1,182,384,-2,30,4,3,4180,10,17
0,1,1,174,360,-2,28,3.8,3,4185,10,17
0,1,1,174,360,-2,28,3.8,3,4190,10,17
0.014,1,1,182,384,-2,30,4,3,4195,10,17
0.016,1,1,174,360,-2,28,3.8,3,4200,10,17
0.001,1,1,174,360,-2,28,3.8,3,4205,10,17
0,1,1,182,384,-2,30,4,3,4210,10,17
0,1,1,174,360,-2,28,3.8,3,4215,10,17
0.006,1,1,174,360,-2,28,3.8,3,4220,10,17
0,1,1,182,384,-2,30,4,3,4225,10,17
0,1,1,174,360,-2,28,3.8,3,4230,10,17
0,1,1,174,360,-2,28,3.8,3,4235,10,17
0,1,1,182,384,-2,30,4,3,4240,10,17
0,1,1,174,360,-2,28,3.8,3,4245,10,17
0.006,1,1,174,360,-2,28,3.8,3,4250,10,17
0.015,1,1,182,384,-2,30,4,3,4255,10,17
0,1,1,174,360,-2,28,3.8,3,4260,10,17
0,1,1,174,360,-2,28,3.8,3,4265,10,17
0,1,1,182,384,-2,30,4,3,4270,10,17
0,1,1,174,360,-2,28,3.8,3,4275,10,17
0,1,1,174,360,-2,28,3.8,3,4280,10,17
0,1,1,182,384,-2,30,4,3,4285,10,17
0,1,1,174,360,-2,28,3.8,3,4290,10,17
0,1,1,174,360,-2,28,3.8,3,4295,10,17
0.02,3,5,734,2100,124,123,7.88889,3,0,18,17
0.011,5,8,385,969,61,56,4.38889,5,5,18,17
0.003,1,2,152,408,59,56,4.27778,1,4,18,17
0.004,2,3,170,443,51,50,3.83333,2,5,18,17
0.008,2,2,298,725,-2,50,3.88889,2,6,18,17
0.002,0,1,129,342,55,54,4.05556,0,7,18,17
0.003,1,2,176,452,56,54,4.11111,1,8,18,17
0,0,1,129,340,54,53,4,0,9,18,17
0.004,1,2,176,452,56,54,4.11111,1,10,18,17
0.003,0,1,129,340,54,53,4,0,11,18,17
0.002,1,2,168,430,55,53,4.05556,1,12,18,17
0,0,1,129,342,55,54,4.05556,0,13,18,17
0.004,2,4,183,474,57,55,4.16667,2,14,18,17
0.004,0,1,125,330,54,53,4,0,15,18,17
0.007,2,4,183,474,57,55,4.16667,2,16,18,17
0.002,0,1,125,330,54,53,4,0,17,18,17
0.005,2,4,183,474,57,55,4.16667,2,18,18,17
0.002,0,1,125,330,54,53,4,0,19,18,17
0.003,2,4,183,474,57,55,4.16667,2,20,18,17
0.001,0,1,125,330,54,53,4,0,21,18,17
0.005,2,4,183,474,57,55,4.16667,2,22,18,17
0,0,1,125,330,54,53,4,0,23,18,17
0.007,2,4,183,474,57,55,4.16667,2,24,18,17
0.001,0,1,125,330,54,53,4,0,25,18,17
0.001,2,4,183,474,57,55,4.16667,2,26,18,17
0.002,0,1,125,330,54,53,4,0,27,18,17
0.005,2,4,183,474,57,55,4.16667,2,28,18,17
0.006,0,1,125,330,54,53,4,0,29,18,17
0.003,2,4,183,474,57,55,4.16667,2,30,18,17
0.003,0,1,125,330,54,53,4,0,31,18,17
0.005,2,4,183,474,57,55,4.16667,2,32,18,17
0.002,0,1,125,330,54,53,4,0,33,18,17
0.005,2,4,183,474,57,55,4.16667,2,34,18,17
0.002,0,1,125,330,54,53,4,0,35,18,17
0.001,2,4,183,474,57,55,4.16667,2,36,18,17
0.001,0,1,125,330,54,53,4,0,37,18,17
0.005,2,4,183,474,57,55,4.16667,2,38,18,17
0.001,0,1,125,330,54,53,4,0,39,18,17
0.007,2,4,183,474,57,55,4.16667,2,40,18,17
0,0,1,125,330,54,53,4,0,41,18,17
0.006,2,4,183,474,57,55,4.16667,2,42,18,17
0.002,0,1,125,330,54,53,4,0,43,18,17
0.007,2,4,183,474,57,55,4.16667,2,44,18,17
0.004,0,1,125,330,54,53,4,0,45,18,17
0.009,2,4,183,474,57,55,4.16667,2,46,18,17
0.001,0,1,125,330,54,53,4,0,47,18,17
0.005,2,4,183,474,57,55,4.16667,2,48,18,17
0.002,0,1,125,330,54,53,4,0,49,18,17
0.004,2,4,183,474,57,55,4.16667,2,50,18,17
0.003,0,1,125,330,54,53,4,0,51,18,17
0.005,2,4,183,474,57,55,4.16667,2,52,18,17
0.002,0,1,125,330,54,53,4,0,53,18,17
0.004,2,4,183,474,57,55,4.16667,2,54,18,17
0.001,0,1,125,330,54,53,4,0,55,18,17
0.008,2,4,183,474,57,55,4.16667,2,56,18,17
0.006,0,1,125,330,54,53,4,0,57,18,17
0.005,2,4,183,474,57,55,4.16667,2,58,18,17
0.002,0,1,125,330,54,53,4,0,59,18,17
0,2,4,183,474,57,55,4.16667,2,60,18,17
0.003,0,1,125,330,54,53,4,0,61,18,17
0.006,2,4,183,474,57,55,4.16667,2,62,18,17
0.002,0,1,125,330,54,53,4,0,63,18,17
0.008,2,4,183,474,57,55,4.16667,2,64,18,17
0.002,0,1,125,330,54,53,4,0,65,18,17
0.006,2,4,183,474,57,55,4.16667,2,66,18,17
0.002,0,1,125,330,54,53,4,0,67,18,17
0.007,2,4,183,474,57,55,4.16667,2,68,18,17
0.002,0,1,125,330,54,53,4,0,69,18,17
0.005,2,4,183,474,57,55,4.16667,2,70,18,17
0.001,0,1,125,330,54,53,4,0,71,18,17
0.007,2,4,183,474,57,55,4.16667,2,72,18,17
0,0,1,125,330,54,53,4,0,73,18,17
0.006,2,4,183,474,57,55,4.16667,2,74,18,17
0.005,0,1,125,330,54,53,4,0,75,18,17
0.004,2,4,183,474,57,55,4.16667,2,76,18,17
0.005,0,1,125,330,54,53,4,0,77,18,17
0.004,2,4,183,474,57,55,4.16667,2,78,18,17
0.004,0,1,125,330,54,53,4,0,79,18,17
0.005,2,4,183,474,57,55,4.16667,2,80,18,17
0.008,0,1,125,330,54,53,4,0,81,18,17
0.004,2,4,183,474,57,55,4.16667,2,82,18,17
0.006,0,1,125,330,54,53,4,0,83,18,17
0.004,2,4,183,474,57,55,4.16667,2,84,18,17
0.001,0,1,125,330,54,53,4,0,85,18,17
0.006,2,4,183,474,57,55,4.16667,2,86,18,17
0.003,0,1,125,330,54,53,4,0,87,18,17
0.004,2,4,183,474,57,55,4.16667,2,88,18,17
0,0,1,125,330,54,53,4,0,89,18,17
0.006,2,4,183,474,57,55,4.16667,2,90,18,17
0.005,0,1,125,330,54,53,4,0,91,18,17
0.005,2,4,183,474,57,55,4.16667,2,92,18,17
0.002,0,1,125,330,54,53,4,0,93,18,17
0.007,2,4,183,474,57,55,4.16667,2,94,18,17
0.001,0,1,125,330,54,53,4,0,95,18,17
0,2,4,183,474,57,55,4.16667,2,96,18,17
0.002,0,1,125,330,54,53,4,0,97,18,17
0.008,2,4,183,474,57,55,4.16667,2,98,18,17
0,0,1,125,330,54,53,4,0,99,18,17
0.006,2,4,183,474,57,55,4.16667,2,100,18,17
0,0,1,125,330,54,53,4,0,101,18,17
0.007,2,4,183,474,57,55,4.16667,2,102,18,17
0,0,1,125,330,54,53,4,0,103,18,17
0.002,2,4,183,474,57,55,4.16667,2,104,18,17
0.003,0,1,125,330,54,53,4,0,105,18,17
0.006,2,4,183,474,57,55,4.16667,2,106,18,17
0.001,0,1,125,330,54,53,4,0,107,18,17
0.004,2,4,183,474,57,55,4.16667,2,108,18,17
0.006,0,1,125,330,54,53,4,0,109,18,17
0.009,2,4,183,474,57,55,4.16667,2,110,18,17
0,0,1,125,330,54,53,4,0,111,18,17
0.006,2,4,183,474,57,55,4.16667,2,112,18,17
0.003,0,1,125,330,54,53,4,0,113,18,17
0.007,2,4,183,474,57,55,4.16667,2,114,18,17
0.001,0,1,125,330,54,53,4,0,115,18,17
0.007,2,4,183,474,57,55,4.16667,2,116,18,17
0.002,0,1,125,330,54,53,4,0,117,18,17
0.006,2,4,183,474,57,55,4.16667,2,118,18,17
0.001,0,1,125,330,54,53,4,0,119,18,17
0.005,2,4,183,474,57,55,4.16667,2,120,18,17
0.002,0,1,125,330,54,53,4,0,121,18,17
0.006,2,4,183,474,57,55,4.16667,2,122,18,17
0.003,0,1,125,330,54,53,4,0,123,18,17
0.01,2,4,183,474,57,55,4.16667,2,124,18,17
0.002,0,1,125,330,54,53,4,0,125,18,17
0.008,2,4,183,474,57,55,4.16667,2,126,18,17
0,0,1,125,330,54,53,4,0,127,18,17
0.004,2,4,183,474,57,55,4.16667,2,128,18,17
0,0,1,125,330,54,53,4,0,129,18,17
0.015,2,4,183,474,57,55,4.16667,2,130,18,17
0.001,0,1,125,330,54,53,4,0,131,18,17
0.006,2,4,183,474,57,55,4.16667,2,132,18,17
0,0,1,125,330,54,53,4,0,133,18,17
0.003,2,4,183,474,57,55,4.16667,2,134,18,17
0,0,1,125,330,54,53,4,0,135,18,17
0.005,2,4,183,474,57,55,4.16667,2,136,18,17
0.001,0,1,125,330,54,53,4,0,137,18,17
0.001,2,4,183,474,57,55,4.16667,2,138,18,17
0.002,0,1,125,330,54,53,4,0,139,18,17
0.007,2,4,183,474,57,55,4.16667,2,140,18,17
0.004,0,1,125,330,54,53,4,0,141,18,17
0.006,2,4,183,474,57,55,4.16667,2,142,18,17
0.001,0,1,125,330,54,53,4,0,143,18,17
0.003,2,4,183,474,57,55,4.16667,2,144,18,17
0.003,0,1,125,330,54,53,4,0,145,18,17
0.001,2,4,183,474,57,55,4.16667,2,146,18,17
0.002,0,1,125,330,54,53,4,0,147,18,17
0.004,2,4,183,474,57,55,4.16667,2,148,18,17
0.002,0,1,125,330,54,53,4,0,149,18,17
0.004,2,4,183,474,57,55,4.16667,2,150,18,17
0,0,1,125,330,54,53,4,0,151,18,17
0.008,2,4,183,474,57,55,4.16667,2,152,18,17
0.002,0,1,125,330,54,53,4,0,153,18,17
0.007,2,4,183,474,57,55,4.16667,2,154,18,17
0.005,0,1,125,330,54,53,4,0,155,18,17
0.008,2,4,183,474,57,55,4.16667,2,156,18,17
0.001,0,1,125,330,54,53,4,0,157,18,17
0.011,2,4,183,474,57,55,4.16667,2,158,18,17
0.001,0,1,125,330,54,53,4,0,159,18,17
0.004,2,4,183,474,57,55,4.16667,2,160,18,17
0.003,0,1,125,330,54,53,4,0,161,18,17
0.008,2,4,183,474,57,55,4.16667,2,162,18,17
0.001,0,1,125,330,54,53,4,0,163,18,17
0.009,2,4,183,474,57,55,4.16667,2,164,18,17
0.003,0,1,125,330,54,53,4,0,165,18,17
0.007,2,4,183,474,57,55,4.16667,2,166,18,17
0.002,0,1,125,330,54,53,4,0,167,18,17
0.006,2,4,183,474,57,55,4.16667,2,168,18,17
0.006,0,1,125,330,54,53,4,0,169,18,17
0.006,2,4,183,474,57,55,4.16667,2,170,18,17
0.002,0,1,125,330,54,53,4,0,171,18,17
0.004,2,4,183,474,57,55,4.16667,2,172,18,17
0.002,0,1,125,330,54,53,4,0,173,18,17
0.006,2,4,183,474,57,55,4.16667,2,174,18,17
0.002,0,1,125,330,54,53,4,0,175,18,17
0.006,2,4,183,474,57,55,4.16667,2,176,18,17
0.002,0,1,125,330,54,53,4,0,177,18,17
0.006,2,4,183,474,57,55,4.16667,2,178,18,17
0.001,0,1,125,330,54,53,4,0,179,18,17
0.006,2,4,183,474,57,55,4.16667,2,180,18,17
0.002,0,1,125,330,54,53,4,0,181,18,17
0.006,2,4,183,474,57,55,4.16667,2,182,18,17
0,0,1,125,330,54,53,4,0,183,18,17
0.003,2,4,183,474,57,55,4.16667,2,184,18,17
0.003,0,1,125,330,54,53,4,0,185,18,17
0.008,2,4,183,474,57,55,4.16667,2,186,18,17
0.001,0,1,125,330,54,53,4,0,187,18,17
0.007,2,4,183,474,57,55,4.16667,2,188,18,17
0,0,1,125,330,54,53,4,0,189,18,17
0.006,2,4,183,474,57,55,4.16667,2,190,18,17
0.002,0,1,125,330,54,53,4,0,191,18,17
0.006,2,4,183,474,57,55,4.16667,2,192,18,17
0.002,0,1,125,330,54,53,4,0,193,18,17
0.007,2,4,183,474,57,55,4.16667,2,194,18,17
0.001,0,1,125,330,54,53,4,0,195,18,17
0.004,2,4,183,474,57,55,4.16667,2,196,18,17
0,0,1,125,330,54,53,4,0,197,18,17
0.006,2,4,183,474,57,55,4.16667,2,198,18,17
0.001,0,1,125,330,54,53,4,0,199,18,17
0.006,2,4,183,474,57,55,4.16667,2,200,18,17
0,0,1,125,330,54,53,4,0,201,18,17
0.006,2,4,183,474,57,55,4.16667,2,202,18,17
0.004,0,1,125,330,54,53,4,0,203,18,17
0.005,2,4,183,474,57,55,4.16667,2,204,18,17
0.005,0,1,125,330,54,53,4,0,205,18,17
0.005,2,4,183,474,57,55,4.16667,2,206,18,17
0.001,0,1,125,330,54,53,4,0,207,18,17
0.007,2,4,183,474,57,55,4.16667,2,208,18,17
0,0,1,125,330,54,53,4,0,209,18,17
0.005,2,4,183,474,57,55,4.16667,2,210,18,17
0.001,0,1,125,330,54,53,4,0,211,18,17
0.004,2,4,183,474,57,55,4.16667,2,212,18,17
0.002,0,1,125,330,54,53,4,0,213,18,17
0.007,2,4,183,474,57,55,4.16667,2,214,18,17
0.002,0,1,125,330,54,53,4,0,215,18,17
0.007,2,4,183,474,57,55,4.16667,2,216,18,17
0.001,0,1,125,330,54,53,4,0,217,18,17
0.007,2,4,183,474,57,55,4.16667,2,218,18,17
0.001,0,1,125,330,54,53,4,0,219,18,17
0.004,2,4,183,474,57,55,4.16667,2,220,18,17
0.001,0,1,125,330,54,53,4,0,221,18,17
0.01,2,4,183,474,57,55,4.16667,2,222,18,17
0.002,0,1,125,330,54,53,4,0,223,18,17
0.008,2,4,183,474,57,55,4.16667,2,224,18,17
0.002,0,1,125,330,54,53,4,0,225,18,17
0.004,2,4,183,474,57,55,4.16667,2,226,18,17
0.001,0,1,125,330,54,53,4,0,227,18,17
0.005,2,4,183,474,57,55,4.16667,2,228,18,17
0.002,0,1,125,330,54,53,4,0,229,18,17
0.005,2,4,183,474,57,55,4.16667,2,230,18,17
0.004,0,1,125,330,54,53,4,0,231,18,17
0.005,2,4,183,474,57,55,4.16667,2,232,18,17
0.004,0,1,125,330,54,53,4,0,233,18,17
0.005,2,4,183,474,57,55,4.16667,2,234,18,17
0.003,0,1,125,330,54,53,4,0,235,18,17
0.007,2,4,183,474,57,55,4.16667,2,236,18,17
0.002,0,1,125,330,54,53,4,0,237,18,17
0.003,2,4,183,474,57,55,4.16667,2,238,18,17
0.001,0,1,125,330,54,53,4,0,239,18,17
0.006,2,4,183,474,57,55,4.16667,2,240,18,17
0.002,0,1,125,330,54,53,4,0,241,18,17
0,1,2,152,408,59,56,4.27778,1,4,18,17
0,2,3,170,443,51,50,3.83333,2,5,18,17
0.015,2,2,298,725,-2,50,3.88889,2,6,18,17
0,0,1,129,342,55,54,4.05556,0,7,18,17
0.002,1,2,176,452,56,54,4.11111,1,8,18,17
0,0,1,129,340,54,53,4,0,9,18,17
0,1,2,176,452,56,54,4.11111,1,10,18,17
0,0,1,129,340,54,53,4,0,11,18,17
0.002,1,2,168,430,55,53,4.05556,1,12,18,17
0,0,1,129,342,55,54,4.05556,0,13,18,17
0.005,2,4,183,474,57,55,4.16667,2,14,18,17
0.016,0,1,125,330,54,53,4,0,15,18,17
0.001,2,4,183,474,57,55,4.16667,2,16,18,17
0,0,1,125,330,54,53,4,0,17,18,17
0.011,2,4,183,474,57,55,4.16667,2,18,18,17
0,0,1,125,330,54,53,4,0,19,18,17
0,2,4,183,474,57,55,4.16667,2,20,18,17
0.005,0,1,125,330,54,53,4,0,21,18,17
0,2,4,183,474,57,55,4.16667,2,22,18,17
0,0,1,125,330,54,53,4,0,23,18,17
0.006,2,4,183,474,57,55,4.16667,2,24,18,17
0.01,0,1,125,330,54,53,4,0,25,18,17
0.02,2,4,183,474,57,55,4.16667,2,26,18,17
0,0,1,125,330,54,53,4,0,27,18,17
0.007,2,4,183,474,57,55,4.16667,2,28,18,17
0,0,1,125,330,54,53,4,0,29,18,17
0,2,4,183,474,57,55,4.16667,2,30,18,17
0,0,1,125,330,54,53,4,0,31,18,17
0,2,4,183,474,57,55,4.16667,2,32,18,17
0.001,0,1,125,330,54,53,4,0,33,18,17
0,2,4,183,474,57,55,4.16667,2,34,18,17
0,0,1,125,330,54,53,4,0,35,18,17
0,2,4,183,474,57,55,4.16667,2,36,18,17
0.005,0,1,125,330,54,53,4,0,37,18,17
0.016,2,4,183,474,57,55,4.16667,2,38,18,17
0,0,1,125,330,54,53,4,0,39,18,17
0.015,2,4,183,474,57,55,4.16667,2,40,18,17
0,0,1,125,330,54,53,4,0,41,18,17
0.012,2,4,183,474,57,55,4.16667,2,42,18,17
0.002,0,1,125,330,54,53,4,0,43,18,17
0,2,4,183,474,57,55,4.16667,2,44,18,17
0,0,1,125,330,54,53,4,0,45,18,17
0,2,4,183,474,57,55,4.16667,2,46,18,17
0,0,1,125,330,54,53,4,0,47,18,17
0,2,4,183,474,57,55,4.16667,2,48,18,17
0,0,1,125,330,54,53,4,0,49,18,17
0,2,4,183,474,57,55,4.16667,2,50,18,17
0.017,0,1,125,330,54,53,4,0,51,18,17
0.009,2,4,183,474,57,55,4.16667,2,52,18,17
0,0,1,125,330,54,53,4,0,53,18,17
0,2,4,183,474,57,55,4.16667,2,54,18,17
0,0,1,125,330,54,53,4,0,55,18,17
0,2,4,183,474,57,55,4.16667,2,56,18,17
0,0,1,125,330,54,53,4,0,57,18,17
0.011,2,4,183,474,57,55,4.16667,2,58,18,17
0.002,0,1,125,330,54,53,4,0,59,18,17
0.016,2,4,183,474,57,55,4.16667,2,60,18,17
0,0,1,125,330,54,53,4,0,61,18,17
0.007,2,4,183,474,57,55,4.16667,2,62,18,17
0,0,1,125,330,54,53,4,0,63,18,17
0,2,4,183,474,57,55,4.16667,2,64,18,17
0,0,1,125,330,54,53,4,0,65,18,17
0.002,2,4,183,474,57,55,4.16667,2,66,18,17
0,0,1,125,330,54,53,4,0,67,18,17
0,2,4,183,474,57,55,4.16667,2,68,18,17
0.003,0,1,125,330,54,53,4,0,69,18,17
0,2,4,183,474,57,55,4.16667,2,70,18,17
0,0,1,125,330,54,53,4,0,71,18,17
0.002,2,4,183,474,57,55,4.16667,2,72,18,17
0,0,1,125,330,54,53,4,0,73,18,17
0.01,2,4,183,474,57,55,4.16667,2,74,18,17
0,0,1,125,330,54,53,4,0,75,18,17
0.01,2,4,183,474,57,55,4.16667,2,76,18,17
0,0,1,125,330,54,53,4,0,77,18,17
0.003,2,4,183,474,57,55,4.16667,2,78,18,17
0.003,0,1,125,330,54,53,4,0,79,18,17
0.002,2,4,183,474,57,55,4.16667,2,80,18,17
0.004,0,1,125,330,54,53,4,0,81,18,17
0.008,2,4,183,474,57,55,4.16667,2,82,18,17
0,0,1,125,330,54,53,4,0,83,18,17
0.005,2,4,183,474,57,55,4.16667,2,84,18,17
0.015,0,1,125,330,54,53,4,0,85,18,17
0.003,2,4,183,474,57,55,4.16667,2,86,18,17
0.016,0,1,125,330,54,53,4,0,87,18,17
0,2,4,183,474,57,55,4.16667,2,88,18,17
0,0,1,125,330,54,53,4,0,89,18,17
0.006,2,4,183,474,57,55,4.16667,2,90,18,17
0.003,0,1,125,330,54,53,4,0,91,18,17
0,2,4,183,474,57,55,4.16667,2,92,18,17
0,0,1,125,330,54,53,4,0,93,18,17
0.016,2,4,183,474,57,55,4.16667,2,94,18,17
0.006,0,1,125,330,54,53,4,0,95,18,17
0.012,2,4,183,474,57,55,4.16667,2,96,18,17
0.001,0,1,125,330,54,53,4,0,97,18,17
0.003,2,4,183,474,57,55,4.16667,2,98,18,17
0,0,1,125,330,54,53,4,0,99,18,17
0,2,4,183,474,57,55,4.16667,2,100,18,17
0.002,0,1,125,330,54,53,4,0,101,18,17
0.008,2,4,183,474,57,55,4.16667,2,102,18,17
0.004,0,1,125,330,54,53,4,0,103,18,17
0.009,2,4,183,474,57,55,4.16667,2,104,18,17
0,0,1,125,330,54,53,4,0,105,18,17
0.012,2,4,183,474,57,55,4.16667,2,106,18,17
0,0,1,125,330,54,53,4,0,107,18,17
0,2,4,183,474,57,55,4.16667,2,108,18,17
0.007,0,1,125,330,54,53,4,0,109,18,17
0.009,2,4,183,474,57,55,4.16667,2,110,18,17
0.002,0,1,125,330,54,53,4,0,111,18,17
0.016,2,4,183,474,57,55,4.16667,2,112,18,17
0,0,1,125,330,54,53,4,0,113,18,17
0.002,2,4,183,474,57,55,4.16667,2,114,18,17
0,0,1,125,330,54,53,4,0,115,18,17
0,2,4,183,474,57,55,4.16667,2,116,18,17
0,0,1,125,330,54,53,4,0,117,18,17
0,2,4,183,474,57,55,4.16667,2,118,18,17
0,0,1,125,330,54,53,4,0,119,18,17
0,2,4,183,474,57,55,4.16667,2,120,18,17
0.002,0,1,125,330,54,53,4,0,121,18,17
0,2,4,183,474,57,55,4.16667,2,122,18,17
0,0,1,125,330,54,53,4,0,123,18,17
0,2,4,183,474,57,55,4.16667,2,124,18,17
0,0,1,125,330,54,53,4,0,125,18,17
0.007,2,4,183,474,57,55,4.16667,2,126,18,17
0,0,1,125,330,54,53,4,0,127,18,17
0.017,2,4,183,474,57,55,4.16667,2,128,18,17
0,0,1,125,330,54,53,4,0,129,18,17
0.012,2,4,183,474,57,55,4.16667,2,130,18,17
0,0,1,125,330,54,53,4,0,131,18,17
0.01,2,4,183,474,57,55,4.16667,2,132,18,17
0,0,1,125,330,54,53,4,0,133,18,17
0.003,2,4,183,474,57,55,4.16667,2,134,18,17
0,0,1,125,330,54,53,4,0,135,18,17
0.006,2,4,183,474,57,55,4.16667,2,136,18,17
0.017,0,1,125,330,54,53,4,0,137,18,17
0,2,4,183,474,57,55,4.16667,2,138,18,17
0.001,0,1,125,330,54,53,4,0,139,18,17
0,2,4,183,474,57,55,4.16667,2,140,18,17
0,0,1,125,330,54,53,4,0,141,18,17
0.007,2,4,183,474,57,55,4.16667,2,142,18,17
0,0,1,125,330,54,53,4,0,143,18,17
0.015,2,4,183,474,57,55,4.16667,2,144,18,17
0,0,1,125,330,54,53,4,0,145,18,17
0,2,4,183,474,57,55,4.16667,2,146,18,17
0,0,1,125,330,54,53,4,0,147,18,17
0.004,2,4,183,474,57,55,4.16667,2,148,18,17
0,0,1,125,330,54,53,4,0,149,18,17
0.003,2,4,183,474,57,55,4.16667,2,150,18,17
0.013,0,1,125,330,54,53,4,0,151,18,17
0,2,4,183,474,57,55,4.16667,2,152,18,17
0,0,1,125,330,54,53,4,0,153,18,17
0.016,2,4,183,474,57,55,4.16667,2,154,18,17
0,0,1,125,330,54,53,4,0,155,18,17
0.016,2,4,183,474,57,55,4.16667,2,156,18,17
0,0,1,125,330,54,53,4,0,157,18,17
0.016,2,4,183,474,57,55,4.16667,2,158,18,17
0,0,1,125,330,54,53,4,0,159,18,17
0,2,4,183,474,57,55,4.16667,2,160,18,17
0,0,1,125,330,54,53,4,0,161,18,17
0,2,4,183,474,57,55,4.16667,2,162,18,17
0,0,1,125,330,54,53,4,0,163,18,17
0,2,4,183,474,57,55,4.16667,2,164,18,17
0,0,1,125,330,54,53,4,0,165,18,17
0,2,4,183,474,57,55,4.16667,2,166,18,17
0.007,0,1,125,330,54,53,4,0,167,18,17
0.001,2,4,183,474,57,55,4.16667,2,168,18,17
0.013,0,1,125,330,54,53,4,0,169,18,17
0,2,4,183,474,57,55,4.16667,2,170,18,17
0.001,0,1,125,330,54,53,4,0,171,18,17
0,2,4,183,474,57,55,4.16667,2,172,18,17
0,0,1,125,330,54,53,4,0,173,18,17
0,2,4,183,474,57,55,4.16667,2,174,18,17
0,0,1,125,330,54,53,4,0,175,18,17
0.013,2,4,183,474,57,55,4.16667,2,176,18,17
0,0,1,125,330,54,53,4,0,177,18,17
0.007,2,4,183,474,57,55,4.16667,2,178,18,17
0.002,0,1,125,330,54,53,4,0,179,18,17
0.005,2,4,183,474,57,55,4.16667,2,180,18,17
0,0,1,125,330,54,53,4,0,181,18,17
0,2,4,183,474,57,55,4.16667,2,182,18,17
0.003,0,1,125,330,54,53,4,0,183,18,17
0.009,2,4,183,474,57,55,4.16667,2,184,18,17
0.017,0,1,125,330,54,53,4,0,185,18,17
0,2,4,183,474,57,55,4.16667,2,186,18,17
0,0,1,125,330,54,53,4,0,187,18,17
0.015,2,4,183,474,57,55,4.16667,2,188,18,17
0,0,1,125,330,54,53,4,0,189,18,17
0.011,2,4,183,474,57,55,4.16667,2,190,18,17
0,0,1,125,330,54,53,4,0,191,18,17
0.015,2,4,183,474,57,55,4.16667,2,192,18,17
0,0,1,125,330,54,53,4,0,193,18,17
0.016,2,4,183,474,57,55,4.16667,2,194,18,17
0,0,1,125,330,54,53,4,0,195,18,17
0,2,4,183,474,57,55,4.16667,2,196,18,17
0.005,0,1,125,330,54,53,4,0,197,18,17
0.004,2,4,183,474,57,55,4.16667,2,198,18,17
0.014,0,1,125,330,54,53,4,0,199,18,17
0,2,4,183,474,57,55,4.16667,2,200,18,17
0.016,0,1,125,330,54,53,4,0,201,18,17
0,2,4,183,474,57,55,4.16667,2,202,18,17
0.003,0,1,125,330,54,53,4,0,203,18,17
0,2,4,183,474,57,55,4.16667,2,204,18,17
0,0,1,125,330,54,53,4,0,205,18,17
0,2,4,183,474,57,55,4.16667,2,206,18,17
0,0,1,125,330,54,53,4,0,207,18,17
0.013,2,4,183,474,57,55,4.16667,2,208,18,17
0,0,1,125,330,54,53,4,0,209,18,17
0.014,2,4,183,474,57,55,4.16667,2,210,18,17
0,0,1,125,330,54,53,4,0,211,18,17
0.011,2,4,183,474,57,55,4.16667,2,212,18,17
0,0,1,125,330,54,53,4,0,213,18,17
0.006,2,4,183,474,57,55,4.16667,2,214,18,17
0,0,1,125,330,54,53,4,0,215,18,17
0,2,4,183,474,57,55,4.16667,2,216,18,17
0,0,1,125,330,54,53,4,0,217,18,17
0,2,4,183,474,57,55,4.16667,2,218,18,17
0.004,0,1,125,330,54,53,4,0,219,18,17
0.005,2,4,183,474,57,55,4.16667,2,220,18,17
0.002,0,1,125,330,54,53,4,0,221,18,17
0.004,2,4,183,474,57,55,4.16667,2,222,18,17
0,0,1,125,330,54,53,4,0,223,18,17
0.015,2,4,183,474,57,55,4.16667,2,224,18,17
0,0,1,125,330,54,53,4,0,225,18,17
0.016,2,4,183,474,57,55,4.16667,2,226,18,17
0,0,1,125,330,54,53,4,0,227,18,17
0,2,4,183,474,57,55,4.16667,2,228,18,17
0,0,1,125,330,54,53,4,0,229,18,17
0.006,2,4,183,474,57,55,4.16667,2,230,18,17
0,0,1,125,330,54,53,4,0,231,18,17
0,2,4,183,474,57,55,4.16667,2,232,18,17
0.012,0,1,125,330,54,53,4,0,233,18,17
0.005,2,4,183,474,57,55,4.16667,2,234,18,17
0.001,0,1,125,330,54,53,4,0,235,18,17
0,2,4,183,474,57,55,4.16667,2,236,18,17
0,0,1,125,330,54,53,4,0,237,18,17
0.016,2,4,183,474,57,55,4.16667,2,238,18,17
0,0,1,125,330,54,53,4,0,239,18,17
0.016,2,4,183,474,57,55,4.16667,2,240,18,17
0,0,1,125,330,54,53,4,0,241,18,17
0.016,2,4,183,474,57,55,4.16667,2,242,18,17
0,0,1,125,330,54,53,4,0,243,18,17
0.003,2,4,183,474,57,55,4.16667,2,244,18,17
0,0,1,125,330,54,53,4,0,245,18,17
0,2,4,183,474,57,55,4.16667,2,246,18,17
0.012,0,1,125,330,54,53,4,0,247,18,17
0,2,4,183,474,57,55,4.16667,2,248,18,17
0.014,0,1,125,330,54,53,4,0,249,18,17
0,2,4,183,474,57,55,4.16667,2,250,18,17
0,0,1,125,330,54,53,4,0,251,18,17
0.004,2,4,183,474,57,55,4.16667,2,252,18,17
0.015,0,1,125,330,54,53,4,0,253,18,17
0.005,2,4,183,474,57,55,4.16667,2,254,18,17
0,0,1,125,330,54,53,4,0,255,18,17
0.007,2,4,183,474,57,55,4.16667,2,256,18,17
0,0,1,125,330,54,53,4,0,257,18,17
0.007,2,4,183,474,57,55,4.16667,2,258,18,17
0,0,1,125,330,54,53,4,0,259,18,17
0.008,2,4,183,474,57,55,4.16667,2,260,18,17
0.007,0,1,125,330,54,53,4,0,261,18,17
0.005,2,4,183,474,57,55,4.16667,2,262,18,17
0,0,1,125,330,54,53,4,0,263,18,17
0,2,4,183,474,57,55,4.16667,2,264,18,17
0.002,0,1,125,330,54,53,4,0,265,18,17
0,2,4,183,474,57,55,4.16667,2,266,18,17
0.003,0,1,125,330,54,53,4,0,267,18,17
0,2,4,183,474,57,55,4.16667,2,268,18,17
0,0,1,125,330,54,53,4,0,269,18,17
0.015,2,4,183,474,57,55,4.16667,2,270,18,17
0.002,0,1,125,330,54,53,4,0,271,18,17
0.007,2,4,183,474,57,55,4.16667,2,272,18,17
0.003,0,1,125,330,54,53,4,0,273,18,17
0.001,2,4,183,474,57,55,4.16667,2,274,18,17
0,0,1,125,330,54,53,4,0,275,18,17
0.006,2,4,183,474,57,55,4.16667,2,276,18,17
0,0,1,125,330,54,53,4,0,277,18,17
0,2,4,183,474,57,55,4.16667,2,278,18,17
0.007,0,1,125,330,54,53,4,0,279,18,17
0,2,4,183,474,57,55,4.16667,2,280,18,17
0.001,0,1,125,330,54,53,4,0,281,18,17
0.006,2,4,183,474,57,55,4.16667,2,282,18,17
0,0,1,125,330,54,53,4,0,283,18,17
0,2,4,183,474,57,55,4.16667,2,284,18,17
0,0,1,125,330,54,53,4,0,285,18,17
0,2,4,183,474,57,55,4.16667,2,286,18,17
0,0,1,125,330,54,53,4,0,287,18,17
0.006,2,4,183,474,57,55,4.16667,2,288,18,17
0,0,1,125,330,54,53,4,0,289,18,17
0.013,2,4,183,474,57,55,4.16667,2,290,18,17
0,0,1,125,330,54,53,4,0,291,18,17
0,2,4,183,474,57,55,4.16667,2,292,18,17
0,0,1,125,330,54,53,4,0,293,18,17
0,2,4,183,474,57,55,4.16667,2,294,18,17
0,0,1,125,330,54,53,4,0,295,18,17
0.005,2,4,183,474,57,55,4.16667,2,296,18,17
0,0,1,125,330,54,53,4,0,297,18,17
0,2,4,183,474,57,55,4.16667,2,298,18,17
0.011,0,1,125,330,54,53,4,0,299,18,17
0.003,2,4,183,474,57,55,4.16667,2,300,18,17
0.002,0,1,125,330,54,53,4,0,301,18,17
0,2,4,183,474,57,55,4.16667,2,302,18,17
0.007,0,1,125,330,54,53,4,0,303,18,17
0.016,2,4,183,474,57,55,4.16667,2,304,18,17
0,0,1,125,330,54,53,4,0,305,18,17
0.004,2,4,183,474,57,55,4.16667,2,306,18,17
0,0,1,125,330,54,53,4,0,307,18,17
0.017,2,4,183,474,57,55,4.16667,2,308,18,17
0,0,1,125,330,54,53,4,0,309,18,17
0,2,4,183,474,57,55,4.16667,2,310,18,17
0,0,1,125,330,54,53,4,0,311,18,17
0.008,2,4,183,474,57,55,4.16667,2,312,18,17
0,0,1,125,330,54,53,4,0,313,18,17
0.007,2,4,183,474,57,55,4.16667,2,314,18,17
0.016,0,1,125,330,54,53,4,0,315,18,17
0,2,4,183,474,57,55,4.16667,2,316,18,17
0.003,0,1,125,330,54,53,4,0,317,18,17
0,2,4,183,474,57,55,4.16667,2,318,18,17
0,0,1,125,330,54,53,4,0,319,18,17
0,2,4,183,474,57,55,4.16667,2,320,18,17
0.001,0,1,125,330,54,53,4,0,321,18,17
0.015,2,4,183,474,57,55,4.16667,2,322,18,17
0,0,1,125,330,54,53,4,0,323,18,17
0.015,2,4,183,474,57,55,4.16667,2,324,18,17
0,0,1,125,330,54,53,4,0,325,18,17
0.016,2,4,183,474,57,55,4.16667,2,326,18,17
0,0,1,125,330,54,53,4,0,327,18,17
0,2,4,183,474,57,55,4.16667,2,328,18,17
0,0,1,125,330,54,53,4,0,329,18,17
0,2,4,183,474,57,55,4.16667,2,330,18,17
0,0,1,125,330,54,53,4,0,331,18,17
0,2,4,183,474,57,55,4.16667,2,332,18,17
0.013,0,1,125,330,54,53,4,0,333,18,17
0,2,4,183,474,57,55,4.16667,2,334,18,17
0,0,1,125,330,54,53,4,0,335,18,17
0,2,4,183,474,57,55,4.16667,2,336,18,17
0,0,1,125,330,54,53,4,0,337,18,17
0.016,2,4,183,474,57,55,4.16667,2,338,18,17
0,0,1,125,330,54,53,4,0,339,18,17
0.016,2,4,183,474,57,55,4.16667,2,340,18,17
0,0,1,125,330,54,53,4,0,341,18,17
0.006,2,4,183,474,57,55,4.16667,2,342,18,17
0,0,1,125,330,54,53,4,0,343,18,17
0,2,4,183,474,57,55,4.16667,2,344,18,17
0,0,1,125,330,54,53,4,0,345,18,17
0.002,2,4,183,474,57,55,4.16667,2,346,18,17
0.012,0,1,125,330,54,53,4,0,347,18,17
0,2,4,183,474,57,55,4.16667,2,348,18,17
0,0,1,125,330,54,53,4,0,349,18,17
0.007,2,4,183,474,57,55,4.16667,2,350,18,17
0,0,1,125,330,54,53,4,0,351,18,17
0.005,2,4,183,474,57,55,4.16667,2,352,18,17
0,0,1,125,330,54,53,4,0,353,18,17
0,2,4,183,474,57,55,4.16667,2,354,18,17
0,0,1,125,330,54,53,4,0,355,18,17
0.01,2,4,183,474,57,55,4.16667,2,356,18,17
0,0,1,125,330,54,53,4,0,357,18,17
0.007,2,4,183,474,57,55,4.16667,2,358,18,17
0,0,1,125,330,54,53,4,0,359,18,17
0.007,2,4,183,474,57,55,4.16667,2,360,18,17
0,0,1,125,330,54,53,4,0,361,18,17
0.018,2,4,183,474,57,55,4.16667,2,362,18,17
0,0,1,125,330,54,53,4,0,363,18,17
0.001,2,4,183,474,57,55,4.16667,2,364,18,17
0,0,1,125,330,54,53,4,0,365,18,17
0.002,2,4,183,474,57,55,4.16667,2,366,18,17
0.007,0,1,125,330,54,53,4,0,367,18,17
0.005,2,4,183,474,57,55,4.16667,2,368,18,17
0.014,0,1,125,330,54,53,4,0,369,18,17
0,2,4,183,474,57,55,4.16667,2,370,18,17
0,0,1,125,330,54,53,4,0,371,18,17
0,2,4,183,474,57,55,4.16667,2,372,18,17
0,0,1,125,330,54,53,4,0,373,18,17
0.006,2,4,183,474,57,55,4.16667,2,374,18,17
0,0,1,125,330,54,53,4,0,375,18,17
0.007,2,4,183,474,57,55,4.16667,2,376,18,17
0,0,1,125,330,54,53,4,0,377,18,17
0.016,2,4,183,474,57,55,4.16667,2,378,18,17
0,0,1,125,330,54,53,4,0,379,18,17
0.002,2,4,183,474,57,55,4.16667,2,380,18,17
0,0,1,125,330,54,53,4,0,381,18,17
0,2,4,183,474,57,55,4.16667,2,382,18,17
0,0,1,125,330,54,53,4,0,383,18,17
0.004,2,4,183,474,57,55,4.16667,2,384,18,17
0,0,1,125,330,54,53,4,0,385,18,17
0.004,2,4,183,474,57,55,4.16667,2,386,18,17
0,0,1,125,330,54,53,4,0,387,18,17
0.009,2,4,183,474,57,55,4.16667,2,388,18,17
0.011,0,1,125,330,54,53,4,0,389,18,17
0,2,4,183,474,57,55,4.16667,2,390,18,17
0,0,1,125,330,54,53,4,0,391,18,17
0,2,4,183,474,57,55,4.16667,2,392,18,17
0,0,1,125,330,54,53,4,0,393,18,17
0.006,2,4,183,474,57,55,4.16667,2,394,18,17
0.005,0,1,125,330,54,53,4,0,395,18,17
0.008,2,4,183,474,57,55,4.16667,2,396,18,17
0,0,1,125,330,54,53,4,0,397,18,17
0,2,4,183,474,57,55,4.16667,2,398,18,17
0,0,1,125,330,54,53,4,0,399,18,17
0.005,2,4,183,474,57,55,4.16667,2,400,18,17
0.005,0,1,125,330,54,53,4,0,401,18,17
0,2,4,183,474,57,55,4.16667,2,402,18,17
0,0,1,125,330,54,53,4,0,403,18,17
0.009,2,4,183,474,57,55,4.16667,2,404,18,17
0.006,0,1,125,330,54,53,4,0,405,18,17
0.008,2,4,183,474,57,55,4.16667,2,406,18,17
0,0,1,125,330,54,53,4,0,407,18,17
0.002,2,4,183,474,57,55,4.16667,2,408,18,17
0.011,0,1,125,330,54,53,4,0,409,18,17
0,2,4,183,474,57,55,4.16667,2,410,18,17
0,0,1,125,330,54,53,4,0,411,18,17
0.007,2,4,183,474,57,55,4.16667,2,412,18,17
0.001,0,1,125,330,54,53,4,0,413,18,17
0.013,2,4,183,474,57,55,4.16667,2,414,18,17
0,0,1,125,330,54,53,4,0,415,18,17
0.012,2,4,183,474,57,55,4.16667,2,416,18,17
0,0,1,125,330,54,53,4,0,417,18,17
0.004,2,4,183,474,57,55,4.16667,2,418,18,17
0,0,1,125,330,54,53,4,0,419,18,17
0.003,2,4,183,474,57,55,4.16667,2,420,18,17
0,0,1,125,330,54,53,4,0,421,18,17
0,2,4,183,474,57,55,4.16667,2,422,18,17
0,0,1,125,330,54,53,4,0,423,18,17
0.006,2,4,183,474,57,55,4.16667,2,424,18,17
0,0,1,125,330,54,53,4,0,425,18,17
0.009,2,4,183,474,57,55,4.16667,2,426,18,17
0.014,0,1,125,330,54,53,4,0,427,18,17
0.006,2,4,183,474,57,55,4.16667,2,428,18,17
0,0,1,125,330,54,53,4,0,429,18,17
0,2,4,183,474,57,55,4.16667,2,430,18,17
0,0,1,125,330,54,53,4,0,431,18,17
0.014,2,4,183,474,57,55,4.16667,2,432,18,17
0,0,1,125,330,54,53,4,0,433,18,17
0.006,2,4,183,474,57,55,4.16667,2,434,18,17
0,0,1,125,330,54,53,4,0,435,18,17
0.007,2,4,183,474,57,55,4.16667,2,436,18,17
0.002,0,1,125,330,54,53,4,0,437,18,17
0.005,2,4,183,474,57,55,4.16667,2,438,18,17
0,0,1,125,330,54,53,4,0,439,18,17
0,2,4,183,474,57,55,4.16667,2,440,18,17
0.006,0,1,125,330,54,53,4,0,441,18,17
0.005,2,4,183,474,57,55,4.16667,2,442,18,17
0.002,0,1,125,330,54,53,4,0,443,18,17
0.004,2,4,183,474,57,55,4.16667,2,444,18,17
0,0,1,125,330,54,53,4,0,445,18,17
0.006,2,4,183,474,57,55,4.16667,2,446,18,17
0,0,1,125,330,54,53,4,0,447,18,17
0.012,2,4,183,474,57,55,4.16667,2,448,18,17
0.011,0,1,125,330,54,53,4,0,449,18,17
0.006,2,4,183,474,57,55,4.16667,2,450,18,17
0,0,1,125,330,54,53,4,0,451,18,17
0.004,2,4,183,474,57,55,4.16667,2,452,18,17
0.006,0,1,125,330,54,53,4,0,453,18,17
0.011,2,4,183,474,57,55,4.16667,2,454,18,17
0.002,0,1,125,330,54,53,4,0,455,18,17
0.001,2,4,183,474,57,55,4.16667,2,456,18,17
0,0,1,125,330,54,53,4,0,457,18,17
0.009,2,4,183,474,57,55,4.16667,2,458,18,17
0,0,1,125,330,54,53,4,0,459,18,17
0.012,2,4,183,474,57,55,4.16667,2,460,18,17
0,0,1,125,330,54,53,4,0,461,18,17
0.006,2,4,183,474,57,55,4.16667,2,462,18,17
0,0,1,125,330,54,53,4,0,463,18,17
0.009,2,4,183,474,57,55,4.16667,2,464,18,17
0.003,0,1,125,330,54,53,4,0,465,18,17
0,2,4,183,474,57,55,4.16667,2,466,18,17
0,0,1,125,330,54,53,4,0,467,18,17
0,2,4,183,474,57,55,4.16667,2,468,18,17
0,0,1,125,330,54,53,4,0,469,18,17
0,2,4,183,474,57,55,4.16667,2,470,18,17
0.002,0,1,125,330,54,53,4,0,471,18,17
0.008,2,4,183,474,57,55,4.16667,2,472,18,17
0,0,1,125,330,54,53,4,0,473,18,17
0.009,2,4,183,474,57,55,4.16667,2,474,18,17
0,0,1,125,330,54,53,4,0,475,18,17
0.007,2,4,183,474,57,55,4.16667,2,476,18,17
0.006,0,1,125,330,54,53,4,0,477,18,17
0.013,2,4,183,474,57,55,4.16667,2,478,18,17
0,0,1,125,330,54,53,4,0,479,18,17
0.005,2,4,183,474,57,55,4.16667,2,480,18,17
0,0,1,125,330,54,53,4,0,481,18,17
0,2,4,183,474,57,55,4.16667,2,482,18,17
0.015,0,1,125,330,54,53,4,0,483,18,17
0.015,2,4,183,474,57,55,4.16667,2,484,18,17
0.004,0,1,125,330,54,53,4,0,485,18,17
0.008,2,4,183,474,57,55,4.16667,2,486,18,17
0.002,0,1,125,330,54,53,4,0,487,18,17
0.008,2,4,183,474,57,55,4.16667,2,488,18,17
0.003,0,1,125,330,54,53,4,0,489,18,17
0.011,2,4,183,474,57,55,4.16667,2,490,18,17
0,0,1,125,330,54,53,4,0,491,18,17
0.006,2,4,183,474,57,55,4.16667,2,492,18,17
0.002,0,1,125,330,54,53,4,0,493,18,17
0.008,2,4,183,474,57,55,4.16667,2,494,18,17
0.006,0,1,125,330,54,53,4,0,495,18,17
0.006,2,4,183,474,57,55,4.16667,2,496,18,17
0.013,0,1,125,330,54,53,4,0,497,18,17
0.006,2,4,183,474,57,55,4.16667,2,498,18,17
0.002,0,1,125,330,54,53,4,0,499,18,17
0.006,2,4,183,474,57,55,4.16667,2,500,18,17
0.002,0,1,125,330,54,53,4,0,501,18,17
0.006,2,4,183,474,57,55,4.16667,2,502,18,17
0.003,0,1,125,330,54,53,4,0,503,18,17
0.008,2,4,183,474,57,55,4.16667,2,504,18,17
0.003,0,1,125,330,54,53,4,0,505,18,17
0.007,2,4,183,474,57,55,4.16667,2,506,18,17
0.003,0,1,125,330,54,53,4,0,507,18,17
0.007,2,4,183,474,57,55,4.16667,2,508,18,17
0.002,0,1,125,330,54,53,4,0,509,18,17
0.006,2,4,183,474,57,55,4.16667,2,510,18,17
0,0,1,125,330,54,53,4,0,511,18,17
0.002,2,4,183,474,57,55,4.16667,2,512,18,17
0.002,0,1,125,330,54,53,4,0,513,18,17
0.012,2,4,183,474,57,55,4.16667,2,514,18,17
0,0,1,125,330,54,53,4,0,515,18,17
0.01,2,4,183,474,57,55,4.16667,2,516,18,17
0,0,1,125,330,54,53,4,0,517,18,17
0.007,2,4,183,474,57,55,4.16667,2,518,18,17
0.004,0,1,125,330,54,53,4,0,519,18,17
0.008,2,4,183,474,57,55,4.16667,2,520,18,17
0.003,0,1,125,330,54,53,4,0,521,18,17
0.005,2,4,183,474,57,55,4.16667,2,522,18,17
0.003,0,1,125,330,54,53,4,0,523,18,17
0.005,2,4,183,474,57,55,4.16667,2,524,18,17
0.003,0,1,125,330,54,53,4,0,525,18,17
0.016,2,4,183,474,57,55,4.16667,2,526,18,17
0,0,1,125,330,54,53,4,0,527,18,17
0,2,4,183,474,57,55,4.16667,2,528,18,17
0.017,0,1,125,330,54,53,4,0,529,18,17
0.015,2,4,183,474,57,55,4.16667,2,530,18,17
0.005,0,1,125,330,54,53,4,0,531,18,17
0.006,2,4,183,474,57,55,4.16667,2,532,18,17
0.002,0,1,125,330,54,53,4,0,533,18,17
0.008,2,4,183,474,57,55,4.16667,2,534,18,17
0.002,0,1,125,330,54,53,4,0,535,18,17
0.006,2,4,183,474,57,55,4.16667,2,536,18,17
0.003,0,1,125,330,54,53,4,0,537,18,17
0.006,2,4,183,474,57,55,4.16667,2,538,18,17
0.002,0,1,125,330,54,53,4,0,539,18,17
0.006,2,4,183,474,57,55,4.16667,2,540,18,17
0.002,0,1,125,330,54,53,4,0,541,18,17
0.006,2,4,183,474,57,55,4.16667,2,542,18,17
0.006,0,1,125,330,54,53,4,0,543,18,17
0.005,2,4,183,474,57,55,4.16667,2,544,18,17
0,0,1,125,330,54,53,4,0,545,18,17
0.012,2,4,183,474,57,55,4.16667,2,546,18,17
0.002,0,1,125,330,54,53,4,0,547,18,17
0.005,2,4,183,474,57,55,4.16667,2,548,18,17
0,0,1,125,330,54,53,4,0,549,18,17
0.006,2,4,183,474,57,55,4.16667,2,550,18,17
0.002,0,1,125,330,54,53,4,0,551,18,17
0.006,2,4,183,474,57,55,4.16667,2,552,18,17
0.003,0,1,125,330,54,53,4,0,553,18,17
0.005,2,4,183,474,57,55,4.16667,2,554,18,17
0.002,0,1,125,330,54,53,4,0,555,18,17
0.005,2,4,183,474,57,55,4.16667,2,556,18,17
0.003,0,1,125,330,54,53,4,0,557,18,17
0.007,2,4,183,474,57,55,4.16667,2,558,18,17
0.002,0,1,125,330,54,53,4,0,559,18,17
0.005,2,4,183,474,57,55,4.16667,2,560,18,17
0.003,0,1,125,330,54,53,4,0,561,18,17
0.002,2,4,183,474,57,55,4.16667,2,562,18,17
0,0,1,125,330,54,53,4,0,563,18,17
0.005,2,4,183,474,57,55,4.16667,2,564,18,17
0,0,1,125,330,54,53,4,0,565,18,17
0.015,2,4,183,474,57,55,4.16667,2,566,18,17
0.01,0,1,125,330,54,53,4,0,567,18,17
0,2,4,183,474,57,55,4.16667,2,568,18,17
0,0,1,125,330,54,53,4,0,569,18,17
0,2,4,183,474,57,55,4.16667,2,570,18,17
0,0,1,125,330,54,53,4,0,571,18,17
0.016,2,4,183,474,57,55,4.16667,2,572,18,17
0,0,1,125,330,54,53,4,0,573,18,17
0,2,4,183,474,57,55,4.16667,2,574,18,17
0.013,0,1,125,330,54,53,4,0,575,18,17
0.012,2,4,183,474,57,55,4.16667,2,576,18,17
0,0,1,125,330,54,53,4,0,577,18,17
0.004,2,4,183,474,57,55,4.16667,2,578,18,17
0,0,1,125,330,54,53,4,0,579,18,17
0.009,2,4,183,474,57,55,4.16667,2,580,18,17
0,0,1,125,330,54,53,4,0,581,18,17
0,2,4,183,474,57,55,4.16667,2,582,18,17
0,0,1,125,330,54,53,4,0,583,18,17
0.016,2,4,183,474,57,55,4.16667,2,584,18,17
0,0,1,125,330,54,53,4,0,585,18,17
0.007,2,4,183,474,57,55,4.16667,2,586,18,17
0.007,0,1,125,330,54,53,4,0,587,18,17
0.005,2,4,183,474,57,55,4.16667,2,588,18,17
0,0,1,125,330,54,53,4,0,589,18,17
0.004,2,4,183,474,57,55,4.16667,2,590,18,17
0,0,1,125,330,54,53,4,0,591,18,17
0,2,4,183,474,57,55,4.16667,2,592,18,17
0.003,0,1,125,330,54,53,4,0,593,18,17
0,2,4,183,474,57,55,4.16667,2,594,18,17
0.006,0,1,125,330,54,53,4,0,595,18,17
0.012,2,4,183,474,57,55,4.16667,2,596,18,17
0,0,1,125,330,54,53,4,0,597,18,17
0.009,2,4,183,474,57,55,4.16667,2,598,18,17
0.004,0,1,125,330,54,53,4,0,599,18,17
0,2,4,183,474,57,55,4.16667,2,600,18,17
0,0,1,125,330,54,53,4,0,601,18,17
0,2,4,183,474,57,55,4.16667,2,602,18,17
0,0,1,125,330,54,53,4,0,603,18,17
0.016,2,4,183,474,57,55,4.16667,2,604,18,17
0.001,0,1,125,330,54,53,4,0,605,18,17
0,2,4,183,474,57,55,4.16667,2,606,18,17
0,0,1,125,330,54,53,4,0,607,18,17
0.006,2,4,183,474,57,55,4.16667,2,608,18,17
0,0,1,125,330,54,53,4,0,609,18,17
0.006,2,4,183,474,57,55,4.16667,2,610,18,17
0.001,0,1,125,330,54,53,4,0,611,18,17
0,2,4,183,474,57,55,4.16667,2,612,18,17
0,0,1,125,330,54,53,4,0,613,18,17
0.012,2,4,183,474,57,55,4.16667,2,614,18,17
0,0,1,125,330,54,53,4,0,615,18,17
0,2,4,183,474,57,55,4.16667,2,616,18,17
0,0,1,125,330,54,53,4,0,617,18,17
0,2,4,183,474,57,55,4.16667,2,618,18,17
0,0,1,125,330,54,53,4,0,619,18,17
0.019,2,4,183,474,57,55,4.16667,2,620,18,17
0,0,1,125,330,54,53,4,0,621,18,17
0,2,4,183,474,57,55,4.16667,2,622,18,17
0,0,1,125,330,54,53,4,0,623,18,17
0,2,4,183,474,57,55,4.16667,2,624,18,17
0,0,1,125,330,54,53,4,0,625,18,17
0.009,2,4,183,474,57,55,4.16667,2,626,18,17
0,0,1,125,330,54,53,4,0,627,18,17
0.019,2,4,183,474,57,55,4.16667,2,628,18,17
0.002,0,1,125,330,54,53,4,0,629,18,17
0.014,2,4,183,474,57,55,4.16667,2,630,18,17
0,0,1,125,330,54,53,4,0,631,18,17
0,2,4,183,474,57,55,4.16667,2,632,18,17
0.002,0,1,125,330,54,53,4,0,633,18,17
0,2,4,183,474,57,55,4.16667,2,634,18,17
0,0,1,125,330,54,53,4,0,635,18,17
0.014,2,4,183,474,57,55,4.16667,2,636,18,17
0.003,0,1,125,330,54,53,4,0,637,18,17
0.006,2,4,183,474,57,55,4.16667,2,638,18,17
0.004,0,1,125,330,54,53,4,0,639,18,17
0.007,2,4,183,474,57,55,4.16667,2,640,18,17
0,0,1,125,330,54,53,4,0,641,18,17
0.006,2,4,183,474,57,55,4.16667,2,642,18,17
0.004,0,1,125,330,54,53,4,0,643,18,17
0.017,2,4,183,474,57,55,4.16667,2,644,18,17
0,0,1,125,330,54,53,4,0,645,18,17
0,2,4,183,474,57,55,4.16667,2,646,18,17
0.007,0,1,125,330,54,53,4,0,647,18,17
0,2,4,183,474,57,55,4.16667,2,648,18,17
0,0,1,125,330,54,53,4,0,649,18,17
0.016,2,4,183,474,57,55,4.16667,2,650,18,17
0,0,1,125,330,54,53,4,0,651,18,17
0.006,2,4,183,474,57,55,4.16667,2,652,18,17
0.016,0,1,125,330,54,53,4,0,653,18,17
0,2,4,183,474,57,55,4.16667,2,654,18,17
0.002,0,1,125,330,54,53,4,0,655,18,17
0.008,2,4,183,474,57,55,4.16667,2,656,18,17
0,0,1,125,330,54,53,4,0,657,18,17
0,2,4,183,474,57,55,4.16667,2,658,18,17
0,0,1,125,330,54,53,4,0,659,18,17
0,2,4,183,474,57,55,4.16667,2,660,18,17
0,0,1,125,330,54,53,4,0,661,18,17
0.016,2,4,183,474,57,55,4.16667,2,662,18,17
0,0,1,125,330,54,53,4,0,663,18,17
0,2,4,183,474,57,55,4.16667,2,664,18,17
0.016,0,1,125,330,54,53,4,0,665,18,17
0,2,4,183,474,57,55,4.16667,2,666,18,17
0,0,1,125,330,54,53,4,0,667,18,17
0.015,2,4,183,474,57,55,4.16667,2,668,18,17
0,0,1,125,330,54,53,4,0,669,18,17
0.001,2,4,183,474,57,55,4.16667,2,670,18,17
0,0,1,125,330,54,53,4,0,671,18,17
0,2,4,183,474,57,55,4.16667,2,672,18,17
0.001,0,1,125,330,54,53,4,0,673,18,17
0,2,4,183,474,57,55,4.16667,2,674,18,17
0,0,1,125,330,54,53,4,0,675,18,17
0.008,2,4,183,474,57,55,4.16667,2,676,18,17
0,0,1,125,330,54,53,4,0,677,18,17
0.002,2,4,183,474,57,55,4.16667,2,678,18,17
0,0,1,125,330,54,53,4,0,679,18,17
0.011,2,4,183,474,57,55,4.16667,2,680,18,17
0.003,0,1,125,330,54,53,4,0,681,18,17
0.006,2,4,183,474,57,55,4.16667,2,682,18,17
0.003,0,1,125,330,54,53,4,0,683,18,17
0.006,2,4,183,474,57,55,4.16667,2,684,18,17
0.002,0,1,125,330,54,53,4,0,685,18,17
0.007,2,4,183,474,57,55,4.16667,2,686,18,17
0.008,0,1,125,330,54,53,4,0,687,18,17
0.016,2,4,183,474,57,55,4.16667,2,688,18,17
0,0,1,125,330,54,53,4,0,689,18,17
0,2,4,183,474,57,55,4.16667,2,690,18,17
0.002,0,1,125,330,54,53,4,0,691,18,17
0.007,2,4,183,474,57,55,4.16667,2,692,18,17
0,0,1,125,330,54,53,4,0,693,18,17
0.007,2,4,183,474,57,55,4.16667,2,694,18,17
0.002,0,1,125,330,54,53,4,0,695,18,17
0,2,4,183,474,57,55,4.16667,2,696,18,17
0.001,0,1,125,330,54,53,4,0,697,18,17
0,2,4,183,474,57,55,4.16667,2,698,18,17
0,0,1,125,330,54,53,4,0,699,18,17
0.003,2,4,183,474,57,55,4.16667,2,700,18,17
0.002,0,1,125,330,54,53,4,0,701,18,17
0.006,2,4,183,474,57,55,4.16667,2,702,18,17
0,0,1,125,330,54,53,4,0,703,18,17
0,2,4,183,474,57,55,4.16667,2,704,18,17
0.004,0,1,125,330,54,53,4,0,705,18,17
0.015,2,4,183,474,57,55,4.16667,2,706,18,17
0.007,0,1,125,330,54,53,4,0,707,18,17
0.008,2,4,183,474,57,55,4.16667,2,708,18,17
0.006,0,1,125,330,54,53,4,0,709,18,17
0.005,2,4,183,474,57,55,4.16667,2,710,18,17
0,0,1,125,330,54,53,4,0,711,18,17
0.001,2,4,183,474,57,55,4.16667,2,712,18,17
0,0,1,125,330,54,53,4,0,713,18,17
0.009,2,4,183,474,57,55,4.16667,2,714,18,17
0.002,0,1,125,330,54,53,4,0,715,18,17
0.007,2,4,183,474,57,55,4.16667,2,716,18,17
0.006,0,1,125,330,54,53,4,0,717,18,17
0.004,2,4,183,474,57,55,4.16667,2,718,18,17
0,0,1,125,330,54,53,4,0,719,18,17
0.004,2,4,183,474,57,55,4.16667,2,720,18,17
0.006,0,1,125,330,54,53,4,0,721,18,17
0.006,2,4,183,474,57,55,4.16667,2,722,18,17
