0,5,10,761,3296,438,438,30.2,5,0,15,1760979663
0,4,8,688,2968,423,423,29.2,4,1,15,1760979663
0.012,4,8,665,2855,408,408,28.2,4,2,15,1760979663
0,4,8,642,2742,393,393,27.2,4,3,15,1760979663
0.001,3,6,576,2458,378,378,26.2,3,4,15,1760979663
0.001,3,6,556,2359,363,363,25.2,3,5,15,1760979663
0.002,3,6,536,2260,348,348,24.2,3,6,15,1760979663
0.002,2,4,439,1833,333,333,23.2,2,7,15,1760979663
0,1,2,363,1508,318,318,22.2,1,8,15,1760979663
0,1,2,457,1779,353,351,24.5333,1,9,15,1760979663
0,1,2,436,1700,338,336,23.5333,1,10,15,1760979663
0.007,1,2,415,1622,323,321,22.5333,1,11,15,1760979663
0,2,4,463,1811,326,322,22.7333,2,12,15,1760979663
0,2,4,437,1720,311,307,21.7333,2,13,15,1760979663
0,2,4,412,1635,296,292,20.7333,2,14,15,1760979663
0,2,4,434,1742,328,324,22.8667,2,15,15,1760979663
0,2,4,410,1653,313,309,21.8667,2,16,15,1760979663
0,2,4,385,1560,298,294,20.8667,2,17,15,1760979663
0,2,4,363,1467,283,279,19.8667,2,18,15,1760979663
0,2,4,342,1381,268,264,18.8667,2,19,15,1760979663
0,1,2,304,1219,253,251,17.8667,1,20,15,1760979663
0,3,7,592,2073,275,272,19.3333,3,21,15,1760979663
0,3,7,543,1932,260,257,18.3333,3,22,15,1760979663
0,3,7,504,1804,245,242,17.3333,3,23,15,1760979663
0,3,7,465,1680,230,227,16.3333,3,24,15,1760979663
0.016,4,8,504,1891,253,249,17.8667,4,25,15,1760979663
0,3,6,437,1659,250,246,17.6667,3,26,15,1760979663
0,3,6,397,1540,235,231,16.6667,3,27,15,1760979663
0,3,6,359,1418,220,216,15.6667,3,28,15,1760979663
0,2,4,293,1179,205,202,14.6667,2,29,15,1760979663
0,4,8,898,2663,259,252,18.2667,3,30,15,1760979663
0,4,8,845,2516,244,237,17.2667,3,31,15,1760979663
0,4,8,761,2350,229,222,16.2667,3,32,15,1760979663
0,5,10,839,2652,242,233,17.1333,4,33,15,1760979663
0,5,10,793,2516,227,218,16.1333,4,34,15,1760979663
0,7,14,956,3169,249,240,17.6,6,35,15,1760979663
0,8,16,982,3275,248,239,17.5333,6,36,15,1760979663
0.016,9,18,1191,3783,252,240,17.8,5,37,15,1760979663
0.004,9,18,1137,3653,251,239,17.7333,5,38,15,1760979663
0.001,9,18,1127,3527,236,224,16.7333,5,39,15,1760979663
0.002,7,15,817,2659,242,227,17.1333,7,40,15,1760979663
0.002,8,16,854,2696,225,215,16,5,41,15,1760979663
0,6,12,766,2451,255,246,18,7,42,15,1760979663
0.002,4,8,413,1570,240,233,17,3,43,15,1760979663
0,4,8,372,1434,225,218,16,3,44,15,1760979663
0,3,6,316,1226,210,205,15,3,45,15,1760979663
0.003,3,6,290,1140,195,190,14,3,46,15,1760979663
0.001,3,6,281,1116,195,192,14,3,47,15,1760979663
0,2,4,330,1334,246,242,17.4,2,48,15,1760979663
0,3,6,418,1678,272,267,19.1333,3,49,15,1760979663
0,3,6,511,2049,288,287,20.2,3,50,15,1760979663
0,3,6,505,2021,287,286,20.1333,3,51,15,1760979663
0,4,9,837,2824,304,299,21.2667,6,52,15,1760979663
0,4,9,785,2672,289,284,20.2667,6,53,15,1760979663
0,4,9,747,2552,274,269,19.2667,6,54,15,1760979663
0.007,7,14,951,3345,288,281,20.2,8,55,15,1760979663
0.003,6,12,867,3047,273,267,19.2,7,56,15,1760979663
0,6,12,847,3016,288,282,20.2,7,57,15,1760979663
0,8,16,951,3411,287,280,20.1333,7,58,15,1760979663
0,6,13,807,2855,272,265,19.1333,7,59,15,1760979663
0.007,3,7,467,1768,255,250,18,5,60,15,1760979663
0.002,8,16,949,3218,269,260,18.9333,6,61,15,1760979663
0.001,7,14,854,2946,254,245,17.9333,6,62,15,1760979663
0.002,6,12,717,2563,268,260,18.8667,5,63,15,1760979663
0,5,10,592,2183,253,247,17.8667,4,64,15,1760979663
0,7,14,940,3156,298,290,20.8667,5,65,15,1760979663
0.008,7,14,809,2782,283,277,19.8667,5,66,15,1760979663
0,6,12,725,2561,269,262,18.9333,5,67,15,1760979663
0,5,10,603,2186,254,249,17.9333,4,68,15,1760979663
0,4,8,506,1869,239,234,16.9333,3,69,15,1760979663
0,4,8,496,1865,247,242,17.4667,5,70,15,1760979663
0,4,8,461,1748,232,228,16.4667,5,71,15,1760979663
0,6,12,688,2518,273,265,19.2,6,72,15,1760979663
0.016,5,10,604,2209,258,250,18.2,5,73,15,1760979663
0,5,10,559,2075,243,235,17.2,5,74,15,1760979663
0,5,10,513,1932,228,220,16.2,5,75,15,1760979663
0,5,10,471,1801,213,205,15.2,5,76,15,1760979663
0,5,10,424,1649,198,190,14.2,5,77,15,1760979663
0,4,8,348,1364,183,177,13.2,4,78,15,1760979663
0,3,6,406,1286,171,162,12.4,3,79,15,1760979663
0.004,3,6,367,1177,156,147,11.4,3,80,15,1760979663
0,3,6,343,1146,160,153,11.6667,3,81,15,1760979663
0,2,4,330,1149,195,188,14,2,82,15,1760979663
0,1,2,250,1005,211,209,15.0667,1,83,15,1760979663
0,1,2,233,932,196,194,14.0667,1,84,15,1760979663
0,1,2,216,860,181,179,13.0667,1,85,15,1760979663
0,1,2,242,974,209,207,14.9333,1,86,15,1760979663
0,8,16,983,3520,257,252,18.1333,8,87,15,1760979663
0,7,14,900,3240,242,239,17.1333,7,88,15,1760979663
0,6,12,624,2444,252,249,17.8,7,89,15,1760979663
0.002,7,14,789,2946,266,264,18.7333,9,90,15,1760979663
0,6,12,711,2654,251,249,17.7333,8,91,15,1760979663
0,7,14,903,3331,300,296,21,9,92,15,1760979663
0.008,7,14,886,3281,306,302,21.4,9,93,15,1760979663
0,7,14,842,3136,291,287,20.4,9,94,15,1760979663
0,7,14,803,2990,276,272,19.4,9,95,15,1760979663
0,8,17,1048,3701,295,289,20.6667,13,96,15,1760979663
0,8,17,983,3497,280,274,19.6667,13,97,15,1760979663
0,7,15,871,3071,265,259,18.6667,9,98,15,1760979663
0.016,7,15,818,2900,250,244,17.6667,9,99,15,1760979663
0.004,9,18,932,3254,260,251,18.3333,12,100,15,1760979663
0.002,8,17,1120,3422,245,236,17.3333,7,101,15,1760979663
0.002,6,12,616,2253,233,226,16.5333,8,102,15,1760979663
0.002,5,10,625,2104,242,237,17.1333,7,103,15,1760979663
0,4,8,514,1753,227,222,16.1333,5,104,15,1760979663
0,4,8,468,1670,233,228,16.5333,5,105,15,1760979663
0,2,4,321,1195,218,215,15.5333,2,106,15,1760979663
0,2,4,404,1389,203,200,14.5333,1,107,15,1760979663
0,1,2,249,924,188,185,13.5333,1,108,15,1760979663
0,1,2,230,853,173,170,12.5333,1,109,15,1760979663
0,1,2,229,857,175,172,12.6667,1,110,15,1760979663
0,1,2,209,782,160,157,11.6667,1,111,15,1760979663
0,1,2,190,711,145,142,10.6667,1,112,15,1760979663
0,1,2,199,761,158,155,11.5333,1,113,15,1760979663
0,6,12,806,2849,272,265,19.1333,9,114,15,1760979663
0,6,12,710,2577,257,250,18.1333,9,115,15,1760979663
0.001,6,12,648,2408,242,235,17.1333,9,116,15,1760979663
0,6,12,586,2230,227,220,16.1333,9,117,15,1760979663
0,6,12,540,2097,212,206,15.1333,9,118,15,1760979663
0,7,14,651,2504,245,239,17.3333,10,119,15,1760979663
0,7,14,626,2444,255,251,18,10,120,15,1760979663
0,6,12,547,2176,240,236,17,9,121,15,1760979663
0,6,12,667,2383,249,243,17.6,9,122,15,1760979663
0,6,12,603,2220,234,230,16.6,9,123,15,1760979663
0,5,10,497,1850,219,215,15.6,6,124,15,1760979663
0,3,6,382,1414,204,200,14.6,3,125,15,1760979663
0.012,4,8,448,1664,207,201,14.8,4,126,15,1760979663
0,4,9,538,2051,268,261,18.8667,4,127,15,1760979663
0,3,7,430,1658,253,246,17.8667,3,128,15,1760979663
0,2,5,377,1460,236,233,16.7333,2,129,15,1760979663
0.003,6,12,822,2545,247,238,17.4667,4,130,15,1760979663
0,6,12,731,2370,256,248,18.0667,6,131,15,1760979663
0,6,12,669,2217,241,235,17.0667,7,132,15,1760979663
0,4,8,535,1802,226,221,16.0667,4,133,15,1760979663
0,4,8,498,1681,211,206,15.0667,4,134,15,1760979663
0,4,8,479,1642,214,209,15.2667,4,135,15,1760979663
0,4,8,507,1737,227,220,16.1333,4,136,15,1760979663
0,3,6,427,1483,212,205,15.1333,3,137,15,1760979663
0,3,6,385,1358,197,190,14.1333,3,138,15,1760979663
0,3,6,342,1225,182,175,13.1333,3,139,15,1760979663
0,3,6,353,1288,195,188,14,3,140,15,1760979663
0,3,6,310,1162,180,173,13,3,141,15,1760979663
0.006,3,6,307,1198,200,195,14.3333,3,142,15,1760979663
0,2,4,320,1260,227,222,16.1333,2,143,15,1760979663
0,3,6,432,1644,239,231,16.9333,3,144,15,1760979663
0,4,9,676,2365,258,249,18.2,5,145,15,1760979663
0,3,7,620,2156,249,242,17.6,4,146,15,1760979663
0.001,2,5,507,1778,234,229,16.6,3,147,15,1760979663
0,2,5,456,1647,219,214,15.6,3,148,15,1760979663
0,2,5,425,1551,204,201,14.6,3,149,15,1760979663
0,1,2,259,1025,207,204,14.8,1,150,15,1760979663
0,1,2,275,1101,228,225,16.2,1,151,15,1760979663
0,2,4,399,1461,243,238,17.2,2,152,15,1760979663
0,4,8,799,2657,299,290,20.9333,4,153,15,1760979663
0.001,6,12,1193,3845,315,302,22,8,154,15,1760979663
0.002,9,18,1425,4778,347,336,24.1333,10,155,15,1760979663
0.001,7,14,1050,3709,332,325,23.1333,9,156,15,1760979663
0.004,7,14,965,3494,317,310,22.1333,9,157,15,1760979663
0,5,10,666,2578,300,297,21,9,158,15,1760979663
0,4,8,604,2347,285,285,20,8,159,15,1760979663
0,3,6,514,2012,270,270,19,3,160,15,1760979663
0,2,4,452,1823,288,288,20.2,2,161,15,1760979663
0,1,2,334,1367,275,273,19.3333,1,162,15,1760979663
0,1,2,316,1290,260,258,18.3333,1,163,15,1760979663
0,1,2,299,1223,245,243,17.3333,1,164,15,1760979663
0,3,7,794,2518,264,258,18.6,2,165,15,1760979663
0.004,6,12,1869,4922,297,285,20.8,4,166,15,1760979663
0,6,12,1672,4566,282,270,19.8,4,167,15,1760979663
0,9,18,1389,4717,326,316,22.7333,9,168,15,1760979663
0.012,8,16,985,3465,307,303,21.4667,9,169,15,1760979663
0,6,12,792,2782,292,288,20.4667,9,170,15,1760979663
0,6,12,740,2621,277,273,19.4667,9,171,15,1760979663
0,6,12,698,2487,262,258,18.4667,9,172,15,1760979663
0,6,12,647,2331,247,243,17.4667,9,173,15,1760979663
0,6,12,597,2179,232,230,16.4667,8,174,15,1760979663
0,5,10,506,1852,217,215,15.4667,7,175,15,1760979663
0,5,10,467,1732,202,200,14.4667,7,176,15,1760979663
0.016,7,14,762,2559,224,218,15.9333,7,177,15,1760979663
0,8,16,860,3023,247,239,17.4667,8,178,15,1760979663
0,7,14,874,3031,259,251,18.2667,7,179,15,1760979663
0,7,14,794,2812,244,236,17.2667,7,180,15,1760979663
0,7,14,827,2867,248,238,17.5333,7,181,15,1760979663
0,6,12,757,2651,236,226,16.7333,6,182,15,1760979663
0,4,8,648,2323,219,211,15.6,5,183,15,1760979663
0.007,4,9,682,2436,204,196,14.6,5,184,15,1760979663
0,6,12,834,2945,277,264,19.4667,6,185,15,1760979663
0,7,14,963,3358,283,268,19.8667,7,186,15,1760979663
0,7,14,922,3187,299,286,20.9333,8,187,15,1760979663
0,6,12,879,3035,284,273,19.9333,6,188,15,1760979663
0,7,14,936,3321,310,299,21.6667,8,189,15,1760979663
0,8,16,896,3209,294,284,20.6,8,190,15,1760979663
0.005,6,12,749,2737,280,269,19.6667,7,191,15,1760979663
0,6,12,659,2445,265,254,18.6667,7,192,15,1760979663
0,7,14,681,2583,249,239,17.6,7,193,15,1760979663
0,8,16,926,3373,262,250,18.4667,10,194,15,1760979663
0.011,6,12,643,2325,247,238,17.4667,8,195,15,1760979663
0.002,5,10,551,2035,232,226,16.4667,7,196,15,1760979663
0,4,8,467,1743,217,211,15.4667,6,197,15,1760979663
0,5,10,561,2048,241,231,17.0667,7,198,15,1760979663
0,3,6,430,1554,226,218,16.0667,3,199,15,1760979663
0,3,6,389,1439,211,203,15.0667,3,200,15,1760979663
0,3,6,371,1406,220,212,15.6667,3,201,15,1760979663
0,3,7,583,2000,248,244,17.5333,4,202,15,1760979663
0,3,7,545,1882,233,229,16.5333,4,203,15,1760979663
0,3,7,502,1760,218,214,15.5333,4,204,15,1760979663
0,4,8,601,2073,245,243,17.3333,4,205,15,1760979663
0,4,8,556,1969,238,236,16.8667,4,206,15,1760979663
0.014,2,4,390,1409,223,223,15.8667,4,207,15,1760979663
0.002,2,4,389,1433,238,238,16.8667,4,208,15,1760979663
0.001,2,4,357,1327,223,223,15.8667,4,209,15,1760979663
0,2,4,333,1247,208,208,14.8667,4,210,15,1760979663
0,2,4,303,1149,193,193,13.8667,4,211,15,1760979663
0,2,4,272,1047,178,178,12.8667,4,212,15,1760979663
0,2,4,253,993,174,174,12.6,4,213,15,1760979663
0,3,7,421,1553,209,207,14.9333,4,214,15,1760979663
0,2,5,417,1575,228,225,16.2,2,215,15,1760979663
0,2,5,382,1469,213,210,15.2,2,216,15,1760979663
0,2,5,349,1357,198,195,14.2,2,217,15,1760979663
0,3,6,418,1647,231,226,16.4,3,218,15,1760979663
0,4,8,467,1849,247,240,17.4667,4,219,15,1760979663
0,4,8,439,1745,234,227,16.6,4,220,15,1760979663
0,4,8,403,1620,219,212,15.6,4,221,15,1760979663
0.014,5,10,620,2235,255,247,18,6,222,15,1760979663
0,5,10,583,2111,240,232,17,6,223,15,1760979663
0,6,12,752,2476,244,234,17.2667,6,224,15,1760979663
0,5,10,695,2294,238,231,16.8667,5,225,15,1760979663
0,5,10,606,2067,225,216,16,5,226,15,1760979663
0,4,8,414,1593,208,203,14.8667,5,227,15,1760979663
0.015,4,8,544,1963,227,222,16.1333,6,228,15,1760979663
0,3,6,447,1603,212,209,15.1333,4,229,15,1760979663
0,3,6,440,1620,228,225,16.2,4,230,15,1760979663
0.005,4,9,529,1965,240,237,17,5,231,15,1760979663
0,4,9,507,1916,242,239,17.1333,5,232,15,1760979663
0,3,7,425,1632,227,226,16.1333,3,233,15,1760979663
0,3,7,386,1515,212,211,15.1333,3,234,15,1760979663
0.01,3,7,374,1490,197,196,14.1333,3,235,15,1760979663
0,0,1,214,873,199,199,14.2667,0,236,15,1760979663
0,0,1,224,916,209,209,14.9333,0,237,15,1760979663
0,1,2,275,1129,226,226,16.0667,2,238,15,1760979663
0,1,2,259,1059,211,211,15.0667,2,239,15,1760979663
0,1,2,243,991,196,196,14.0667,2,240,15,1760979663
0,1,2,264,1072,214,214,15.2667,1,241,15,1760979663
0,3,6,467,1693,219,216,15.6,3,242,15,1760979663
0,3,6,438,1588,204,201,14.6,3,243,15,1760979663
0,3,6,403,1481,189,186,13.6,3,244,15,1760979663
0,3,6,368,1367,174,171,12.6,3,245,15,1760979663
0,3,6,383,1443,199,196,14.2667,3,246,15,1760979663
0,3,6,355,1343,184,181,13.2667,3,247,15,1760979663
0,5,10,462,1749,220,214,15.6667,4,248,15,1760979663
0,5,10,511,1974,286,280,20.0667,4,249,15,1760979663
0,4,8,455,1776,271,267,19.0667,3,250,15,1760979663
0,4,8,426,1671,256,252,18.0667,3,251,15,1760979663
0,5,10,552,2100,284,280,19.9333,3,252,15,1760979663
0,3,6,477,1809,287,285,20.1333,3,253,15,1760979663
0,1,3,313,1274,272,272,19.1333,1,254,15,1760979663
0,1,3,296,1200,257,257,18.1333,1,255,15,1760979663
0,1,3,279,1128,242,242,17.1333,1,256,15,1760979663
0,0,1,242,978,227,227,16.1333,0,257,15,1760979663
0,1,2,345,1237,239,234,16.9333,1,258,15,1760979663
0,1,2,323,1203,245,240,17.3333,1,259,15,1760979663
0,1,2,299,1124,230,225,16.3333,1,260,15,1760979663
0,1,2,275,1048,215,210,15.3333,1,261,15,1760979663
0,2,4,422,1435,224,220,15.9333,2,262,15,1760979663
0,2,4,378,1304,209,205,14.9333,2,263,15,1760979663
0,3,6,654,2039,232,226,16.4667,3,264,15,1760979663
0,4,8,806,2833,264,257,18.6,6,265,15,1760979663
0,4,8,749,2739,267,260,18.8,6,266,15,1760979663
0.001,3,7,524,1923,252,246,17.8,5,267,15,1760979663
0,3,7,491,1814,237,231,16.8,5,268,15,1760979663
0,3,7,456,1707,222,216,15.8,5,269,15,1760979663
0,3,7,453,1745,240,234,17,5,270,15,1760979663
0.008,3,7,433,1694,242,236,17.1333,5,271,15,1760979663
0,2,5,369,1462,227,223,16.1333,4,272,15,1760979663
0,2,5,355,1413,223,219,15.8667,4,273,15,1760979663
0,3,6,380,1511,226,222,16.0667,4,274,15,1760979663
0,3,6,334,1346,211,207,15.0667,4,275,15,1760979663
0,1,3,271,1120,215,213,15.3333,2,276,15,1760979663
0,0,1,215,884,200,200,14.3333,0,277,15,1760979663
0,0,1,200,821,185,185,13.3333,0,278,15,1760979663
0,0,1,212,867,197,197,14.1333,0,279,15,1760979663
0,0,1,233,961,218,218,15.5333,0,280,15,1760979663
0,0,1,232,954,217,217,15.4667,0,281,15,1760979663
0.016,0,1,217,892,202,202,14.4667,0,282,15,1760979663
0,0,1,202,824,187,187,13.4667,0,283,15,1760979663
0,0,1,233,953,218,218,15.5333,0,284,15,1760979663
0,0,1,218,888,203,203,14.5333,0,285,15,1760979663
0,0,1,203,824,188,188,13.5333,0,286,15,1760979663
0,1,2,314,1289,253,253,17.8667,2,287,15,1760979663
0,2,4,345,1415,252,252,17.8,3,288,15,1760979663
0,2,4,327,1336,237,237,16.8,3,289,15,1760979663
0,2,4,309,1260,222,222,15.8,3,290,15,1760979663
0.003,2,4,291,1177,207,207,14.8,3,291,15,1760979663
0,5,10,490,1813,211,208,15.0667,5,292,15,1760979663
0,4,8,426,1588,196,193,14.0667,5,293,15,1760979663
0,5,10,475,1826,221,218,15.7333,6,294,15,1760979663
0,5,10,456,1777,233,229,16.5333,8,295,15,1760979663
0,4,8,400,1579,228,224,16.2,7,296,15,1760979663
0,5,11,603,2340,259,255,18.2667,7,297,15,1760979663
0.016,5,11,549,2164,244,241,17.2667,7,298,15,1760979663
0,4,8,439,1734,241,240,17.0667,4,299,15,1760979663
0,4,8,416,1645,229,228,16.2667,4,300,15,1760979663
0,4,8,393,1547,214,213,15.2667,4,301,15,1760979663
0,4,8,367,1446,199,198,14.2667,4,302,15,1760979663
0,3,6,356,1404,205,205,14.6667,3,303,15,1760979663
0,3,6,332,1311,190,190,13.6667,3,304,15,1760979663
0,3,6,336,1341,202,202,14.4667,3,305,15,1760979663
0,5,10,543,2019,228,228,16.2,5,306,15,1760979663
0,5,10,513,1920,213,213,15.2,5,307,15,1760979663
0,5,10,561,2163,237,237,16.8,5,308,15,1760979663
0,5,10,513,2013,222,222,15.8,5,309,15,1760979663
0,3,6,402,1570,223,223,15.8667,3,310,15,1760979663
0,3,6,411,1615,240,240,17,3,311,15,1760979663
0,4,8,495,1979,271,271,19.0667,5,312,15,1760979663
0.016,5,10,592,2304,283,281,19.8667,5,313,15,1760979663
0,7,14,742,2674,282,277,19.8,7,314,15,1760979663
0,5,10,675,2304,269,262,18.9333,6,315,15,1760979663
0,5,10,631,2173,254,247,17.9333,6,316,15,1760979663
0,4,8,527,1808,239,232,16.9333,5,317,15,1760979663
0,4,8,482,1669,224,217,15.9333,5,318,15,1760979663
0.008,4,8,470,1660,231,224,16.4,6,319,15,1760979663
0,3,6,412,1481,216,209,15.4,4,320,15,1760979663
0,3,6,400,1480,201,194,14.4,4,321,15,1760979663
0,2,4,284,1029,186,180,13.4,2,322,15,1760979663
0,1,2,242,882,171,167,12.4,1,323,15,1760979663
0,2,4,343,1195,186,180,13.4,2,324,15,1760979663
0,2,4,325,1155,186,180,13.4,2,325,15,1760979663
0,2,4,305,1094,180,174,13,2,326,15,1760979663
0,2,4,300,1117,193,187,13.8667,2,327,15,1760979663
0,3,6,321,1199,194,186,13.9333,3,328,15,1760979663
0,3,6,282,1079,179,171,12.9333,3,329,15,1760979663
0,2,4,282,1107,222,216,15.8,2,330,15,1760979663
0,3,6,355,1327,207,203,14.8,2,331,15,1760979663
0,1,2,302,1140,221,219,15.7333,1,332,15,1760979663
0,0,1,221,885,206,206,14.7333,0,333,15,1760979663
0,0,1,224,895,209,209,14.9333,0,334,15,1760979663
0,1,2,269,1080,223,223,15.8667,1,335,15,1760979663
0,1,2,281,1132,236,236,16.7333,1,336,15,1760979663
0,1,2,265,1066,221,221,15.7333,1,337,15,1760979663
0,1,2,286,1148,243,243,17.2,1,338,15,1760979663
0,1,2,270,1083,228,228,16.2,1,339,15,1760979663
0,2,4,291,1153,226,225,16.0667,2,340,15,1760979663
0,3,6,326,1297,235,232,16.6667,4,341,15,1760979663
0,3,6,342,1364,238,235,16.8667,4,342,15,1760979663
0,4,9,650,2420,282,280,19.8,5,343,15,1760979663
0.001,4,9,620,2310,267,265,18.8,5,344,15,1760979663
0,2,5,474,1798,281,279,19.7333,3,345,15,1760979663
0,2,5,539,1832,266,264,18.7333,3,346,15,1760979663
0,2,5,499,1687,251,249,17.7333,3,347,15,1760979663
0,2,5,469,1595,236,234,16.7333,3,348,15,1760979663
0,1,3,415,1395,221,219,15.7333,2,349,15,1760979663
0,1,3,388,1306,206,204,14.7333,2,350,15,1760979663
0,1,3,362,1224,191,189,13.7333,2,351,15,1760979663
0,1,3,355,1226,199,197,14.2667,2,352,15,1760979663
0,3,6,629,1830,228,219,16.2,4,353,15,1760979663
0,3,6,573,1691,213,204,15.2,4,354,15,1760979663
0,4,8,609,1878,214,207,15.2667,5,355,15,1760979663
0,4,8,552,1735,199,194,14.2667,4,356,15,1760979663
0,3,6,470,1479,184,179,13.2667,3,357,15,1760979663
0,3,6,424,1382,187,182,13.4667,3,358,15,1760979663
0,3,6,377,1253,172,167,12.4667,3,359,15,1760979663
0,4,8,465,1572,190,183,13.6667,4,360,15,1760979663
0.006,4,8,422,1495,190,185,13.6667,4,361,15,1760979663
0,3,6,366,1317,190,185,13.6667,3,362,15,1760979663
0.001,3,6,330,1203,175,170,12.6667,3,363,15,1760979663
0,3,6,331,1243,197,192,14.1333,3,364,15,1760979663
0,2,4,287,1109,195,191,14,2,365,15,1760979663
0,2,4,259,1010,180,176,13,2,366,15,1760979663
0,2,4,232,912,165,161,12,2,367,15,1760979663
0,1,2,176,682,150,148,11,1,368,15,1760979663
0,1,2,158,618,135,133,10,1,369,15,1760979663
0,1,2,143,554,120,120,9,1,370,15,1760979663
0,0,1,133,516,118,118,8.86667,0,371,15,1760979663
0,0,1,152,592,137,137,10.1333,0,372,15,1760979663
0,0,1,161,632,146,146,10.7333,0,373,15,1760979663
0,0,1,187,746,172,172,12.4667,0,374,15,1760979663
0,0,1,214,869,199,199,14.2667,0,375,15,1760979663
0,5,10,1318,3554,272,266,19.1333,6,376,15,1760979663
0,6,12,1296,3560,271,263,19.0667,7,377,15,1760979663
0.016,7,14,1260,3635,304,296,21.2667,8,378,15,1760979663
0,7,14,1120,3362,289,281,20.2667,8,379,15,1760979663
0,6,12,833,2715,274,268,19.2667,8,380,15,1760979663
0,5,10,589,2113,259,255,18.2667,8,381,15,1760979663
0,4,8,491,1761,244,240,17.2667,5,382,15,1760979663
0.014,4,8,457,1654,229,225,16.2667,5,383,15,1760979663
0,4,8,447,1672,246,242,17.4,5,384,15,1760979663
0,4,8,404,1542,231,227,16.4,5,385,15,1760979663
0.003,4,8,364,1412,216,214,15.4,5,386,15,1760979663
0,4,8,481,1767,237,233,16.8,5,387,15,1760979663
0,4,8,470,1758,246,242,17.4,5,388,15,1760979663
0,4,8,438,1670,241,237,17.0667,5,389,15,1760979663
0,4,8,422,1658,241,237,17.0667,5,390,15,1760979663
0.001,2,4,345,1379,240,238,17,3,391,15,1760979663
0,1,2,280,1132,225,223,16,1,392,15,1760979663
0,2,4,513,1663,228,224,16.2,2,393,15,1760979663
0.007,2,4,472,1544,213,209,15.2,2,394,15,1760979663
0,2,4,433,1410,198,194,14.2,2,395,15,1760979663
0.005,2,4,404,1323,183,179,13.2,2,396,15,1760979663
0.001,3,6,444,1501,187,183,13.4667,3,397,15,1760979663
0,3,6,409,1382,172,168,12.4667,3,398,15,1760979663
0,5,10,865,2381,191,177,13.7333,5,399,15,1760979663
0,5,10,790,2207,176,162,12.7333,5,400,15,1760979663
0,6,12,825,2494,206,198,14.7333,6,401,15,1760979663
0,5,10,702,2149,191,183,13.7333,5,402,15,1760979663
0,5,10,609,1960,190,182,13.6667,5,403,15,1760979663
0.002,5,10,588,1973,216,208,15.4,5,404,15,1760979663
0,4,8,437,1679,254,247,17.9333,4,405,15,1760979663
0,3,6,471,1748,262,255,18.4667,3,406,15,1760979663
0,3,6,415,1603,247,241,17.4667,3,407,15,1760979663
0,1,2,267,1099,232,230,16.4667,1,408,15,1760979663
0,1,2,269,1114,234,234,16.6,1,409,15,1760979663
0,0,1,234,960,219,219,15.6,0,410,15,1760979663
0.008,0,1,257,1055,242,242,17.1333,0,411,15,1760979663
0,1,2,376,1442,271,269,19.0667,1,412,15,1760979663
0,1,2,358,1370,256,254,18.0667,1,413,15,1760979663
0,1,2,355,1406,271,269,19.0667,1,414,15,1760979663
0,1,2,322,1302,256,254,18.0667,1,415,15,1760979663
0,3,7,462,1891,279,277,19.6,3,416,15,1760979663
0,3,7,465,1900,289,287,20.2667,3,417,15,1760979663
0,3,7,443,1800,274,272,19.2667,3,418,15,1760979663
0,3,6,467,1907,285,282,20,4,419,15,1760979663
0.004,3,6,442,1814,270,267,19,5,420,15,1760979663
0,2,4,339,1387,254,252,17.9333,3,421,15,1760979663
0,2,4,326,1327,246,244,17.4,3,422,15,1760979663
0,2,4,306,1245,231,229,16.4,3,423,15,1760979663
0,2,4,286,1167,216,214,15.4,3,424,15,1760979663
0,2,4,322,1296,230,230,16.3333,2,425,15,1760979663
0.003,2,4,336,1358,249,249,17.6,2,426,15,1760979663
0,3,7,605,2124,282,277,19.8,3,427,15,1760979663
0,5,10,626,2547,297,297,20.8,5,428,15,1760979663
0,8,16,1725,4755,322,312,22.4667,9,429,15,1760979663
0,11,23,2191,6139,317,308,22.1333,11,430,15,1760979663
0.002,9,19,2016,5573,303,294,21.2,9,431,15,1760979663
0.005,10,21,1953,5457,302,292,21.1333,10,432,15,1760979663
0,11,23,1953,5500,315,303,22,11,433,15,1760979663
0.01,9,19,1755,4961,300,290,21,9,434,15,1760979663
0.003,9,19,1689,4842,285,275,20,9,435,15,1760979663
0.004,9,19,1484,4417,270,262,19,9,436,15,1760979663
0,8,17,1292,3846,255,247,18,6,437,15,1760979663
0.007,8,17,1190,3673,240,232,17,6,438,15,1760979663
0,8,17,1010,3312,225,217,16,6,439,15,1760979663
0,5,10,571,2070,210,202,15,6,440,15,1760979663
0,5,10,612,2050,203,195,14.5333,6,441,15,1760979663
0,4,8,638,2067,229,221,16.2667,5,442,15,1760979663
0,4,8,590,1925,214,206,15.2667,5,443,15,1760979663
0,6,12,789,2539,246,235,17.4,8,444,15,1760979663
0,6,12,772,2504,237,226,16.8,8,445,15,1760979663
0,6,12,698,2320,239,228,16.9333,8,446,15,1760979663
0.007,6,12,653,2197,224,213,15.9333,8,447,15,1760979663
0,5,10,534,1822,209,200,14.9333,5,448,15,1760979663
0,7,14,651,2267,217,207,15.4667,6,449,15,1760979663
0,7,14,573,2073,202,192,14.4667,6,450,15,1760979663
0.001,7,14,513,1922,220,210,15.6667,6,451,15,1760979663
0,5,10,496,1910,206,198,14.7333,6,452,15,1760979663
0,4,8,528,1784,222,214,15.8,5,453,15,1760979663
0,4,8,513,1760,237,230,16.8,4,454,15,1760979663
0,5,10,566,1944,236,228,16.7333,5,455,15,1760979663
0,5,10,491,1729,221,213,15.7333,5,456,15,1760979663
0,5,10,564,2027,236,227,16.7333,5,457,15,1760979663
0,3,6,468,1679,221,214,15.7333,3,458,15,1760979663
0.003,3,6,427,1558,206,199,14.7333,3,459,15,1760979663
0,3,7,501,1774,222,213,15.8,4,460,15,1760979663
0.002,5,10,944,2887,226,216,16.0667,5,461,15,1760979663
0.001,6,12,895,2818,233,223,16.5333,6,462,15,1760979663
0,7,14,1004,3303,258,248,18.2,7,463,15,1760979663
0.004,7,14,822,2845,243,233,17.2,7,464,15,1760979663
0,7,14,756,2655,228,218,16.2,7,465,15,1760979663
0,7,14,765,2749,244,234,17.2667,7,466,15,1760979663
0,7,14,741,2727,250,240,17.6667,7,467,15,1760979663
0,6,12,635,2377,235,227,16.6667,6,468,15,1760979663
0.014,6,12,576,2210,250,242,17.6667,6,469,15,1760979663
0.002,6,13,799,2961,256,247,18.0667,6,470,15,1760979663
0,4,8,493,1799,274,269,19.2667,3,471,15,1760979663
0,4,8,439,1656,259,254,18.2667,3,472,15,1760979663
0,3,6,364,1419,244,241,17.2667,4,473,15,1760979663
0,2,4,333,1329,231,227,16.4,3,474,15,1760979663
0,2,4,304,1227,216,212,15.4,3,475,15,1760979663
0,1,2,250,1024,201,199,14.4,1,476,15,1760979663
0.002,1,2,234,956,186,184,13.4,1,477,15,1760979663
0,1,2,217,884,171,169,12.4,1,478,15,1760979663
0,1,2,200,813,156,154,11.4,1,479,15,1760979663
0,0,1,201,826,186,186,13.4,0,480,15,1760979663
0,0,1,214,887,199,199,14.2667,0,481,15,1760979663
0,0,1,199,820,184,184,13.2667,0,482,15,1760979663
0,0,1,184,756,169,169,12.2667,0,483,15,1760979663
0,0,1,210,862,195,195,14,0,484,15,1760979663
0,0,1,211,868,196,196,14.0667,0,485,15,1760979663
0,0,1,218,896,203,203,14.5333,0,486,15,1760979663
0,0,1,203,829,188,188,13.5333,0,487,15,1760979663
0,1,2,240,981,207,206,14.8,1,488,15,1760979663
0,1,2,241,987,209,208,14.9333,1,489,15,1760979663
0,1,2,225,919,194,193,13.9333,1,490,15,1760979663
0,4,9,573,2161,255,251,18,6,491,15,1760979663
0.008,4,9,523,2001,240,236,17,6,492,15,1760979663
0.003,3,7,456,1748,225,222,16,5,493,15,1760979663
0,3,7,421,1634,210,207,15,5,494,15,1760979663
0,3,7,384,1514,195,192,14,5,495,15,1760979663
0,2,4,246,970,180,177,13,4,496,15,1760979663
0,3,6,379,1478,203,201,14.5333,3,497,15,1760979663
0,3,6,354,1382,188,186,13.5333,3,498,15,1760979663
0,4,8,446,1639,201,197,14.4,4,499,15,1760979663
